ISO-10303-21;
HEADER;
/* Generated by software containing ST-Developer
 * from STEP Tools, Inc. (www.steptools.com) 
 */
/* OPTION: using custom renumber hook */

FILE_DESCRIPTION(
/* description */ ('STEP AP242 Edition 2',
'CAx-IF Rec.Pracs.---Representation and Presentation of Product Manufa
cturing Information (PMI)---4.0---2014-10-13',
'CAx-IF Rec.Pracs.---3D Tessellated Geometry---0.4---2014-09-14','2;1',
'CAx-IF Rec.Pracs.---User Defined Attributes---1.5---2016-08-15'),
/* implementation_level */ '2;1');

FILE_NAME(
/* name */ '6a3ae5dff6d661f4c8914f93',
/* time_stamp */ '2026-06-23T20:00:32Z',
/* author */ (''),
/* organization */ (''),
/* preprocessor_version */ 'ST-DEVELOPER v20',
/* originating_system */ 'ONSHAPE BY PTC INC, 1.216',
/* authorisation */ '  ');

FILE_SCHEMA (('AP242_MANAGED_MODEL_BASED_3D_ENGINEERING_MIM_LF { 1 0 10303 442 3 1 4 }'));
ENDSEC;

DATA;
#10=CONTEXT_DEPENDENT_SHAPE_REPRESENTATION(#16,#13472);
#11=CONTEXT_DEPENDENT_SHAPE_REPRESENTATION(#17,#13474);
#12=CONTEXT_DEPENDENT_SHAPE_REPRESENTATION(#18,#13476);
#13=NEXT_ASSEMBLY_USAGE_OCCURRENCE('NAUO1','Part 32','Part 32',#13477,#13478,
'');
#14=NEXT_ASSEMBLY_USAGE_OCCURRENCE('NAUO2','Part 34','Part 34',#13477,#13479,
'');
#15=NEXT_ASSEMBLY_USAGE_OCCURRENCE('NAUO3','Part 33','Part 33',#13477,#13480,
'');
#16=(
REPRESENTATION_RELATIONSHIP(' ',' ',#8496,#8495)
REPRESENTATION_RELATIONSHIP_WITH_TRANSFORMATION(#19)
SHAPE_REPRESENTATION_RELATIONSHIP()
);
#17=(
REPRESENTATION_RELATIONSHIP(' ',' ',#8497,#8495)
REPRESENTATION_RELATIONSHIP_WITH_TRANSFORMATION(#20)
SHAPE_REPRESENTATION_RELATIONSHIP()
);
#18=(
REPRESENTATION_RELATIONSHIP(' ',' ',#8498,#8495)
REPRESENTATION_RELATIONSHIP_WITH_TRANSFORMATION(#21)
SHAPE_REPRESENTATION_RELATIONSHIP()
);
#19=ITEM_DEFINED_TRANSFORMATION(' ',' ',#8499,#8606);
#20=ITEM_DEFINED_TRANSFORMATION(' ',' ',#8499,#8617);
#21=ITEM_DEFINED_TRANSFORMATION(' ',' ',#8499,#8966);
#22=SHAPE_REPRESENTATION_RELATIONSHIP('','',#8496,#25);
#23=SHAPE_REPRESENTATION_RELATIONSHIP('','',#8497,#26);
#24=SHAPE_REPRESENTATION_RELATIONSHIP('','',#8498,#27);
#25=ADVANCED_BREP_SHAPE_REPRESENTATION('',(#8488),#13460);
#26=ADVANCED_BREP_SHAPE_REPRESENTATION('',(#8489),#13461);
#27=ADVANCED_BREP_SHAPE_REPRESENTATION('',(#8490),#13462);
#28=SPHERICAL_SURFACE('',#8551,0.005);
#29=SPHERICAL_SURFACE('',#8557,0.005);
#30=CYLINDRICAL_SURFACE('',#8547,0.005);
#31=CYLINDRICAL_SURFACE('',#8549,0.005);
#32=CYLINDRICAL_SURFACE('',#8553,0.005);
#33=CYLINDRICAL_SURFACE('',#8555,0.005);
#34=CYLINDRICAL_SURFACE('',#8559,0.005);
#35=CYLINDRICAL_SURFACE('',#8561,0.0005);
#36=CYLINDRICAL_SURFACE('',#8563,0.0005);
#37=CYLINDRICAL_SURFACE('',#8565,0.0005);
#38=CYLINDRICAL_SURFACE('',#8567,0.0005);
#39=CYLINDRICAL_SURFACE('',#8569,0.0005);
#40=CYLINDRICAL_SURFACE('',#8571,0.0005);
#41=CYLINDRICAL_SURFACE('',#8573,0.0005);
#42=CYLINDRICAL_SURFACE('',#8575,0.0005);
#43=CYLINDRICAL_SURFACE('',#8577,0.0005);
#44=CYLINDRICAL_SURFACE('',#8579,0.0005);
#45=CYLINDRICAL_SURFACE('',#8581,0.0005);
#46=CYLINDRICAL_SURFACE('',#8583,0.0005);
#47=CYLINDRICAL_SURFACE('',#8594,0.002);
#48=CYLINDRICAL_SURFACE('',#8597,0.002);
#49=CYLINDRICAL_SURFACE('',#8600,0.00115);
#50=CYLINDRICAL_SURFACE('',#8603,0.00115);
#51=CYLINDRICAL_SURFACE('',#8620,0.0035);
#52=CYLINDRICAL_SURFACE('',#8631,0.005);
#53=CYLINDRICAL_SURFACE('',#8634,0.005);
#54=LINE('',#11058,#1199);
#55=LINE('',#11063,#1200);
#56=LINE('',#11065,#1201);
#57=LINE('',#11067,#1202);
#58=LINE('',#11070,#1203);
#59=LINE('',#11073,#1204);
#60=LINE('',#11075,#1205);
#61=LINE('',#11077,#1206);
#62=LINE('',#11079,#1207);
#63=LINE('',#11081,#1208);
#64=LINE('',#11083,#1209);
#65=LINE('',#11085,#1210);
#66=LINE('',#11087,#1211);
#67=LINE('',#11089,#1212);
#68=LINE('',#11091,#1213);
#69=LINE('',#11093,#1214);
#70=LINE('',#11095,#1215);
#71=LINE('',#11098,#1216);
#72=LINE('',#11099,#1217);
#73=LINE('',#11101,#1218);
#74=LINE('',#11103,#1219);
#75=LINE('',#11105,#1220);
#76=LINE('',#11107,#1221);
#77=LINE('',#11109,#1222);
#78=LINE('',#11111,#1223);
#79=LINE('',#11113,#1224);
#80=LINE('',#11115,#1225);
#81=LINE('',#11116,#1226);
#82=LINE('',#11121,#1227);
#83=LINE('',#11125,#1228);
#84=LINE('',#11129,#1229);
#85=LINE('',#11133,#1230);
#86=LINE('',#11134,#1231);
#87=LINE('',#11137,#1232);
#88=LINE('',#11138,#1233);
#89=LINE('',#11142,#1234);
#90=LINE('',#11146,#1235);
#91=LINE('',#11150,#1236);
#92=LINE('',#11154,#1237);
#93=LINE('',#11158,#1238);
#94=LINE('',#11162,#1239);
#95=LINE('',#11166,#1240);
#96=LINE('',#11170,#1241);
#97=LINE('',#11172,#1242);
#98=LINE('',#11177,#1243);
#99=LINE('',#11181,#1244);
#100=LINE('',#11185,#1245);
#101=LINE('',#11188,#1246);
#102=LINE('',#11189,#1247);
#103=LINE('',#11194,#1248);
#104=LINE('',#11198,#1249);
#105=LINE('',#11202,#1250);
#106=LINE('',#11205,#1251);
#107=LINE('',#11210,#1252);
#108=LINE('',#11214,#1253);
#109=LINE('',#11218,#1254);
#110=LINE('',#11222,#1255);
#111=LINE('',#11225,#1256);
#112=LINE('',#11227,#1257);
#113=LINE('',#11229,#1258);
#114=LINE('',#11231,#1259);
#115=LINE('',#11233,#1260);
#116=LINE('',#11235,#1261);
#117=LINE('',#11237,#1262);
#118=LINE('',#11239,#1263);
#119=LINE('',#11241,#1264);
#120=LINE('',#11243,#1265);
#121=LINE('',#11244,#1266);
#122=LINE('',#11246,#1267);
#123=LINE('',#11249,#1268);
#124=LINE('',#11251,#1269);
#125=LINE('',#11253,#1270);
#126=LINE('',#11255,#1271);
#127=LINE('',#11257,#1272);
#128=LINE('',#11259,#1273);
#129=LINE('',#11261,#1274);
#130=LINE('',#11263,#1275);
#131=LINE('',#11265,#1276);
#132=LINE('',#11284,#1277);
#133=LINE('',#11285,#1278);
#134=LINE('',#11287,#1279);
#135=LINE('',#11289,#1280);
#136=LINE('',#11291,#1281);
#137=LINE('',#11293,#1282);
#138=LINE('',#11295,#1283);
#139=LINE('',#11297,#1284);
#140=LINE('',#11300,#1285);
#141=LINE('',#11301,#1286);
#142=LINE('',#11303,#1287);
#143=LINE('',#11305,#1288);
#144=LINE('',#11307,#1289);
#145=LINE('',#11309,#1290);
#146=LINE('',#11311,#1291);
#147=LINE('',#11313,#1292);
#148=LINE('',#11316,#1293);
#149=LINE('',#11317,#1294);
#150=LINE('',#11319,#1295);
#151=LINE('',#11321,#1296);
#152=LINE('',#11323,#1297);
#153=LINE('',#11325,#1298);
#154=LINE('',#11327,#1299);
#155=LINE('',#11329,#1300);
#156=LINE('',#11332,#1301);
#157=LINE('',#11334,#1302);
#158=LINE('',#11336,#1303);
#159=LINE('',#11338,#1304);
#160=LINE('',#11340,#1305);
#161=LINE('',#11342,#1306);
#162=LINE('',#11344,#1307);
#163=LINE('',#11346,#1308);
#164=LINE('',#11348,#1309);
#165=LINE('',#11350,#1310);
#166=LINE('',#11352,#1311);
#167=LINE('',#11354,#1312);
#168=LINE('',#11356,#1313);
#169=LINE('',#11358,#1314);
#170=LINE('',#11360,#1315);
#171=LINE('',#11362,#1316);
#172=LINE('',#11364,#1317);
#173=LINE('',#11384,#1318);
#174=LINE('',#11387,#1319);
#175=LINE('',#11389,#1320);
#176=LINE('',#11391,#1321);
#177=LINE('',#11393,#1322);
#178=LINE('',#11395,#1323);
#179=LINE('',#11397,#1324);
#180=LINE('',#11399,#1325);
#181=LINE('',#11401,#1326);
#182=LINE('',#11403,#1327);
#183=LINE('',#11405,#1328);
#184=LINE('',#11408,#1329);
#185=LINE('',#11410,#1330);
#186=LINE('',#11412,#1331);
#187=LINE('',#11414,#1332);
#188=LINE('',#11416,#1333);
#189=LINE('',#11418,#1334);
#190=LINE('',#11420,#1335);
#191=LINE('',#11422,#1336);
#192=LINE('',#11424,#1337);
#193=LINE('',#11426,#1338);
#194=LINE('',#11427,#1339);
#195=LINE('',#11429,#1340);
#196=LINE('',#11430,#1341);
#197=LINE('',#11435,#1342);
#198=LINE('',#11438,#1343);
#199=LINE('',#11440,#1344);
#200=LINE('',#11442,#1345);
#201=LINE('',#11444,#1346);
#202=LINE('',#11446,#1347);
#203=LINE('',#11448,#1348);
#204=LINE('',#11451,#1349);
#205=LINE('',#11452,#1350);
#206=LINE('',#11454,#1351);
#207=LINE('',#11456,#1352);
#208=LINE('',#11463,#1353);
#209=LINE('',#11467,#1354);
#210=LINE('',#11469,#1355);
#211=LINE('',#11471,#1356);
#212=LINE('',#11473,#1357);
#213=LINE('',#11475,#1358);
#214=LINE('',#11477,#1359);
#215=LINE('',#11479,#1360);
#216=LINE('',#11481,#1361);
#217=LINE('',#11483,#1362);
#218=LINE('',#11485,#1363);
#219=LINE('',#11487,#1364);
#220=LINE('',#11489,#1365);
#221=LINE('',#11491,#1366);
#222=LINE('',#11493,#1367);
#223=LINE('',#11495,#1368);
#224=LINE('',#11497,#1369);
#225=LINE('',#11499,#1370);
#226=LINE('',#11501,#1371);
#227=LINE('',#11503,#1372);
#228=LINE('',#11505,#1373);
#229=LINE('',#11507,#1374);
#230=LINE('',#11509,#1375);
#231=LINE('',#11511,#1376);
#232=LINE('',#11513,#1377);
#233=LINE('',#11515,#1378);
#234=LINE('',#11517,#1379);
#235=LINE('',#11519,#1380);
#236=LINE('',#11521,#1381);
#237=LINE('',#11523,#1382);
#238=LINE('',#11525,#1383);
#239=LINE('',#11527,#1384);
#240=LINE('',#11529,#1385);
#241=LINE('',#11531,#1386);
#242=LINE('',#11533,#1387);
#243=LINE('',#11535,#1388);
#244=LINE('',#11537,#1389);
#245=LINE('',#11539,#1390);
#246=LINE('',#11541,#1391);
#247=LINE('',#11543,#1392);
#248=LINE('',#11545,#1393);
#249=LINE('',#11547,#1394);
#250=LINE('',#11549,#1395);
#251=LINE('',#11551,#1396);
#252=LINE('',#11553,#1397);
#253=LINE('',#11555,#1398);
#254=LINE('',#11557,#1399);
#255=LINE('',#11559,#1400);
#256=LINE('',#11561,#1401);
#257=LINE('',#11563,#1402);
#258=LINE('',#11565,#1403);
#259=LINE('',#11567,#1404);
#260=LINE('',#11569,#1405);
#261=LINE('',#11571,#1406);
#262=LINE('',#11573,#1407);
#263=LINE('',#11575,#1408);
#264=LINE('',#11577,#1409);
#265=LINE('',#11579,#1410);
#266=LINE('',#11581,#1411);
#267=LINE('',#11583,#1412);
#268=LINE('',#11585,#1413);
#269=LINE('',#11587,#1414);
#270=LINE('',#11589,#1415);
#271=LINE('',#11591,#1416);
#272=LINE('',#11593,#1417);
#273=LINE('',#11595,#1418);
#274=LINE('',#11597,#1419);
#275=LINE('',#11599,#1420);
#276=LINE('',#11601,#1421);
#277=LINE('',#11603,#1422);
#278=LINE('',#11605,#1423);
#279=LINE('',#11607,#1424);
#280=LINE('',#11609,#1425);
#281=LINE('',#11611,#1426);
#282=LINE('',#11613,#1427);
#283=LINE('',#11615,#1428);
#284=LINE('',#11617,#1429);
#285=LINE('',#11619,#1430);
#286=LINE('',#11621,#1431);
#287=LINE('',#11623,#1432);
#288=LINE('',#11625,#1433);
#289=LINE('',#11627,#1434);
#290=LINE('',#11629,#1435);
#291=LINE('',#11631,#1436);
#292=LINE('',#11633,#1437);
#293=LINE('',#11635,#1438);
#294=LINE('',#11637,#1439);
#295=LINE('',#11639,#1440);
#296=LINE('',#11641,#1441);
#297=LINE('',#11643,#1442);
#298=LINE('',#11645,#1443);
#299=LINE('',#11647,#1444);
#300=LINE('',#11649,#1445);
#301=LINE('',#11651,#1446);
#302=LINE('',#11653,#1447);
#303=LINE('',#11655,#1448);
#304=LINE('',#11657,#1449);
#305=LINE('',#11659,#1450);
#306=LINE('',#11661,#1451);
#307=LINE('',#11663,#1452);
#308=LINE('',#11665,#1453);
#309=LINE('',#11667,#1454);
#310=LINE('',#11669,#1455);
#311=LINE('',#11671,#1456);
#312=LINE('',#11673,#1457);
#313=LINE('',#11675,#1458);
#314=LINE('',#11677,#1459);
#315=LINE('',#11679,#1460);
#316=LINE('',#11681,#1461);
#317=LINE('',#11683,#1462);
#318=LINE('',#11685,#1463);
#319=LINE('',#11687,#1464);
#320=LINE('',#11688,#1465);
#321=LINE('',#11690,#1466);
#322=LINE('',#11691,#1467);
#323=LINE('',#11693,#1468);
#324=LINE('',#11695,#1469);
#325=LINE('',#11697,#1470);
#326=LINE('',#11699,#1471);
#327=LINE('',#11701,#1472);
#328=LINE('',#11703,#1473);
#329=LINE('',#11705,#1474);
#330=LINE('',#11707,#1475);
#331=LINE('',#11709,#1476);
#332=LINE('',#11711,#1477);
#333=LINE('',#11713,#1478);
#334=LINE('',#11715,#1479);
#335=LINE('',#11717,#1480);
#336=LINE('',#11719,#1481);
#337=LINE('',#11721,#1482);
#338=LINE('',#11725,#1483);
#339=LINE('',#11729,#1484);
#340=LINE('',#11731,#1485);
#341=LINE('',#11733,#1486);
#342=LINE('',#11734,#1487);
#343=LINE('',#11737,#1488);
#344=LINE('',#11739,#1489);
#345=LINE('',#11741,#1490);
#346=LINE('',#11743,#1491);
#347=LINE('',#11746,#1492);
#348=LINE('',#11747,#1493);
#349=LINE('',#11749,#1494);
#350=LINE('',#11751,#1495);
#351=LINE('',#11753,#1496);
#352=LINE('',#11755,#1497);
#353=LINE('',#11757,#1498);
#354=LINE('',#11759,#1499);
#355=LINE('',#11764,#1500);
#356=LINE('',#11765,#1501);
#357=LINE('',#11767,#1502);
#358=LINE('',#11769,#1503);
#359=LINE('',#11773,#1504);
#360=LINE('',#11775,#1505);
#361=LINE('',#11777,#1506);
#362=LINE('',#11779,#1507);
#363=LINE('',#11781,#1508);
#364=LINE('',#11783,#1509);
#365=LINE('',#11785,#1510);
#366=LINE('',#11787,#1511);
#367=LINE('',#11790,#1512);
#368=LINE('',#11792,#1513);
#369=LINE('',#11794,#1514);
#370=LINE('',#11796,#1515);
#371=LINE('',#11798,#1516);
#372=LINE('',#11800,#1517);
#373=LINE('',#11802,#1518);
#374=LINE('',#11804,#1519);
#375=LINE('',#11806,#1520);
#376=LINE('',#11808,#1521);
#377=LINE('',#11810,#1522);
#378=LINE('',#11812,#1523);
#379=LINE('',#11814,#1524);
#380=LINE('',#11816,#1525);
#381=LINE('',#11818,#1526);
#382=LINE('',#11820,#1527);
#383=LINE('',#11822,#1528);
#384=LINE('',#11824,#1529);
#385=LINE('',#11826,#1530);
#386=LINE('',#11828,#1531);
#387=LINE('',#11830,#1532);
#388=LINE('',#11832,#1533);
#389=LINE('',#11834,#1534);
#390=LINE('',#11836,#1535);
#391=LINE('',#11838,#1536);
#392=LINE('',#11840,#1537);
#393=LINE('',#11842,#1538);
#394=LINE('',#11844,#1539);
#395=LINE('',#11846,#1540);
#396=LINE('',#11848,#1541);
#397=LINE('',#11850,#1542);
#398=LINE('',#11852,#1543);
#399=LINE('',#11854,#1544);
#400=LINE('',#11856,#1545);
#401=LINE('',#11858,#1546);
#402=LINE('',#11860,#1547);
#403=LINE('',#11862,#1548);
#404=LINE('',#11864,#1549);
#405=LINE('',#11866,#1550);
#406=LINE('',#11868,#1551);
#407=LINE('',#11870,#1552);
#408=LINE('',#11872,#1553);
#409=LINE('',#11874,#1554);
#410=LINE('',#11876,#1555);
#411=LINE('',#11878,#1556);
#412=LINE('',#11880,#1557);
#413=LINE('',#11882,#1558);
#414=LINE('',#11884,#1559);
#415=LINE('',#11886,#1560);
#416=LINE('',#11888,#1561);
#417=LINE('',#11890,#1562);
#418=LINE('',#11892,#1563);
#419=LINE('',#11894,#1564);
#420=LINE('',#11896,#1565);
#421=LINE('',#11898,#1566);
#422=LINE('',#11900,#1567);
#423=LINE('',#11902,#1568);
#424=LINE('',#11904,#1569);
#425=LINE('',#11906,#1570);
#426=LINE('',#11908,#1571);
#427=LINE('',#11910,#1572);
#428=LINE('',#11912,#1573);
#429=LINE('',#11914,#1574);
#430=LINE('',#11916,#1575);
#431=LINE('',#11918,#1576);
#432=LINE('',#11920,#1577);
#433=LINE('',#11922,#1578);
#434=LINE('',#11924,#1579);
#435=LINE('',#11926,#1580);
#436=LINE('',#11928,#1581);
#437=LINE('',#11930,#1582);
#438=LINE('',#11932,#1583);
#439=LINE('',#11934,#1584);
#440=LINE('',#11936,#1585);
#441=LINE('',#11938,#1586);
#442=LINE('',#11940,#1587);
#443=LINE('',#11942,#1588);
#444=LINE('',#11944,#1589);
#445=LINE('',#11946,#1590);
#446=LINE('',#11948,#1591);
#447=LINE('',#11950,#1592);
#448=LINE('',#11952,#1593);
#449=LINE('',#11954,#1594);
#450=LINE('',#11956,#1595);
#451=LINE('',#11958,#1596);
#452=LINE('',#11960,#1597);
#453=LINE('',#11962,#1598);
#454=LINE('',#11964,#1599);
#455=LINE('',#11966,#1600);
#456=LINE('',#11968,#1601);
#457=LINE('',#11970,#1602);
#458=LINE('',#11972,#1603);
#459=LINE('',#11974,#1604);
#460=LINE('',#11976,#1605);
#461=LINE('',#11978,#1606);
#462=LINE('',#11980,#1607);
#463=LINE('',#11982,#1608);
#464=LINE('',#11984,#1609);
#465=LINE('',#11986,#1610);
#466=LINE('',#11988,#1611);
#467=LINE('',#11990,#1612);
#468=LINE('',#11992,#1613);
#469=LINE('',#11994,#1614);
#470=LINE('',#11996,#1615);
#471=LINE('',#11998,#1616);
#472=LINE('',#12000,#1617);
#473=LINE('',#12002,#1618);
#474=LINE('',#12004,#1619);
#475=LINE('',#12006,#1620);
#476=LINE('',#12008,#1621);
#477=LINE('',#12010,#1622);
#478=LINE('',#12012,#1623);
#479=LINE('',#12014,#1624);
#480=LINE('',#12016,#1625);
#481=LINE('',#12018,#1626);
#482=LINE('',#12020,#1627);
#483=LINE('',#12022,#1628);
#484=LINE('',#12024,#1629);
#485=LINE('',#12026,#1630);
#486=LINE('',#12028,#1631);
#487=LINE('',#12030,#1632);
#488=LINE('',#12032,#1633);
#489=LINE('',#12034,#1634);
#490=LINE('',#12036,#1635);
#491=LINE('',#12038,#1636);
#492=LINE('',#12040,#1637);
#493=LINE('',#12042,#1638);
#494=LINE('',#12044,#1639);
#495=LINE('',#12046,#1640);
#496=LINE('',#12048,#1641);
#497=LINE('',#12050,#1642);
#498=LINE('',#12052,#1643);
#499=LINE('',#12054,#1644);
#500=LINE('',#12056,#1645);
#501=LINE('',#12058,#1646);
#502=LINE('',#12060,#1647);
#503=LINE('',#12062,#1648);
#504=LINE('',#12064,#1649);
#505=LINE('',#12066,#1650);
#506=LINE('',#12068,#1651);
#507=LINE('',#12070,#1652);
#508=LINE('',#12072,#1653);
#509=LINE('',#12074,#1654);
#510=LINE('',#12076,#1655);
#511=LINE('',#12078,#1656);
#512=LINE('',#12080,#1657);
#513=LINE('',#12082,#1658);
#514=LINE('',#12084,#1659);
#515=LINE('',#12086,#1660);
#516=LINE('',#12088,#1661);
#517=LINE('',#12090,#1662);
#518=LINE('',#12092,#1663);
#519=LINE('',#12094,#1664);
#520=LINE('',#12096,#1665);
#521=LINE('',#12098,#1666);
#522=LINE('',#12100,#1667);
#523=LINE('',#12102,#1668);
#524=LINE('',#12104,#1669);
#525=LINE('',#12106,#1670);
#526=LINE('',#12108,#1671);
#527=LINE('',#12110,#1672);
#528=LINE('',#12112,#1673);
#529=LINE('',#12114,#1674);
#530=LINE('',#12116,#1675);
#531=LINE('',#12118,#1676);
#532=LINE('',#12120,#1677);
#533=LINE('',#12122,#1678);
#534=LINE('',#12124,#1679);
#535=LINE('',#12126,#1680);
#536=LINE('',#12128,#1681);
#537=LINE('',#12130,#1682);
#538=LINE('',#12132,#1683);
#539=LINE('',#12134,#1684);
#540=LINE('',#12136,#1685);
#541=LINE('',#12138,#1686);
#542=LINE('',#12140,#1687);
#543=LINE('',#12142,#1688);
#544=LINE('',#12144,#1689);
#545=LINE('',#12146,#1690);
#546=LINE('',#12148,#1691);
#547=LINE('',#12150,#1692);
#548=LINE('',#12152,#1693);
#549=LINE('',#12154,#1694);
#550=LINE('',#12156,#1695);
#551=LINE('',#12158,#1696);
#552=LINE('',#12160,#1697);
#553=LINE('',#12162,#1698);
#554=LINE('',#12164,#1699);
#555=LINE('',#12166,#1700);
#556=LINE('',#12168,#1701);
#557=LINE('',#12170,#1702);
#558=LINE('',#12172,#1703);
#559=LINE('',#12174,#1704);
#560=LINE('',#12176,#1705);
#561=LINE('',#12178,#1706);
#562=LINE('',#12180,#1707);
#563=LINE('',#12182,#1708);
#564=LINE('',#12184,#1709);
#565=LINE('',#12186,#1710);
#566=LINE('',#12188,#1711);
#567=LINE('',#12190,#1712);
#568=LINE('',#12192,#1713);
#569=LINE('',#12194,#1714);
#570=LINE('',#12196,#1715);
#571=LINE('',#12198,#1716);
#572=LINE('',#12200,#1717);
#573=LINE('',#12202,#1718);
#574=LINE('',#12204,#1719);
#575=LINE('',#12206,#1720);
#576=LINE('',#12208,#1721);
#577=LINE('',#12210,#1722);
#578=LINE('',#12212,#1723);
#579=LINE('',#12214,#1724);
#580=LINE('',#12216,#1725);
#581=LINE('',#12218,#1726);
#582=LINE('',#12220,#1727);
#583=LINE('',#12222,#1728);
#584=LINE('',#12224,#1729);
#585=LINE('',#12226,#1730);
#586=LINE('',#12228,#1731);
#587=LINE('',#12230,#1732);
#588=LINE('',#12232,#1733);
#589=LINE('',#12234,#1734);
#590=LINE('',#12236,#1735);
#591=LINE('',#12238,#1736);
#592=LINE('',#12240,#1737);
#593=LINE('',#12242,#1738);
#594=LINE('',#12244,#1739);
#595=LINE('',#12246,#1740);
#596=LINE('',#12248,#1741);
#597=LINE('',#12250,#1742);
#598=LINE('',#12252,#1743);
#599=LINE('',#12254,#1744);
#600=LINE('',#12256,#1745);
#601=LINE('',#12258,#1746);
#602=LINE('',#12260,#1747);
#603=LINE('',#12262,#1748);
#604=LINE('',#12264,#1749);
#605=LINE('',#12266,#1750);
#606=LINE('',#12268,#1751);
#607=LINE('',#12270,#1752);
#608=LINE('',#12272,#1753);
#609=LINE('',#12274,#1754);
#610=LINE('',#12276,#1755);
#611=LINE('',#12278,#1756);
#612=LINE('',#12280,#1757);
#613=LINE('',#12282,#1758);
#614=LINE('',#12284,#1759);
#615=LINE('',#12286,#1760);
#616=LINE('',#12288,#1761);
#617=LINE('',#12291,#1762);
#618=LINE('',#12293,#1763);
#619=LINE('',#12295,#1764);
#620=LINE('',#12297,#1765);
#621=LINE('',#12299,#1766);
#622=LINE('',#12301,#1767);
#623=LINE('',#12303,#1768);
#624=LINE('',#12305,#1769);
#625=LINE('',#12307,#1770);
#626=LINE('',#12309,#1771);
#627=LINE('',#12311,#1772);
#628=LINE('',#12313,#1773);
#629=LINE('',#12315,#1774);
#630=LINE('',#12317,#1775);
#631=LINE('',#12319,#1776);
#632=LINE('',#12321,#1777);
#633=LINE('',#12323,#1778);
#634=LINE('',#12325,#1779);
#635=LINE('',#12327,#1780);
#636=LINE('',#12329,#1781);
#637=LINE('',#12331,#1782);
#638=LINE('',#12333,#1783);
#639=LINE('',#12335,#1784);
#640=LINE('',#12337,#1785);
#641=LINE('',#12339,#1786);
#642=LINE('',#12341,#1787);
#643=LINE('',#12343,#1788);
#644=LINE('',#12345,#1789);
#645=LINE('',#12347,#1790);
#646=LINE('',#12349,#1791);
#647=LINE('',#12351,#1792);
#648=LINE('',#12353,#1793);
#649=LINE('',#12355,#1794);
#650=LINE('',#12357,#1795);
#651=LINE('',#12359,#1796);
#652=LINE('',#12361,#1797);
#653=LINE('',#12363,#1798);
#654=LINE('',#12365,#1799);
#655=LINE('',#12367,#1800);
#656=LINE('',#12369,#1801);
#657=LINE('',#12371,#1802);
#658=LINE('',#12373,#1803);
#659=LINE('',#12375,#1804);
#660=LINE('',#12377,#1805);
#661=LINE('',#12379,#1806);
#662=LINE('',#12381,#1807);
#663=LINE('',#12383,#1808);
#664=LINE('',#12385,#1809);
#665=LINE('',#12387,#1810);
#666=LINE('',#12389,#1811);
#667=LINE('',#12391,#1812);
#668=LINE('',#12393,#1813);
#669=LINE('',#12395,#1814);
#670=LINE('',#12397,#1815);
#671=LINE('',#12399,#1816);
#672=LINE('',#12401,#1817);
#673=LINE('',#12403,#1818);
#674=LINE('',#12405,#1819);
#675=LINE('',#12407,#1820);
#676=LINE('',#12409,#1821);
#677=LINE('',#12411,#1822);
#678=LINE('',#12413,#1823);
#679=LINE('',#12415,#1824);
#680=LINE('',#12417,#1825);
#681=LINE('',#12419,#1826);
#682=LINE('',#12421,#1827);
#683=LINE('',#12423,#1828);
#684=LINE('',#12425,#1829);
#685=LINE('',#12427,#1830);
#686=LINE('',#12429,#1831);
#687=LINE('',#12431,#1832);
#688=LINE('',#12433,#1833);
#689=LINE('',#12435,#1834);
#690=LINE('',#12437,#1835);
#691=LINE('',#12439,#1836);
#692=LINE('',#12441,#1837);
#693=LINE('',#12443,#1838);
#694=LINE('',#12445,#1839);
#695=LINE('',#12447,#1840);
#696=LINE('',#12449,#1841);
#697=LINE('',#12451,#1842);
#698=LINE('',#12453,#1843);
#699=LINE('',#12455,#1844);
#700=LINE('',#12457,#1845);
#701=LINE('',#12459,#1846);
#702=LINE('',#12461,#1847);
#703=LINE('',#12463,#1848);
#704=LINE('',#12465,#1849);
#705=LINE('',#12467,#1850);
#706=LINE('',#12469,#1851);
#707=LINE('',#12471,#1852);
#708=LINE('',#12473,#1853);
#709=LINE('',#12475,#1854);
#710=LINE('',#12477,#1855);
#711=LINE('',#12479,#1856);
#712=LINE('',#12481,#1857);
#713=LINE('',#12483,#1858);
#714=LINE('',#12485,#1859);
#715=LINE('',#12487,#1860);
#716=LINE('',#12489,#1861);
#717=LINE('',#12491,#1862);
#718=LINE('',#12493,#1863);
#719=LINE('',#12495,#1864);
#720=LINE('',#12497,#1865);
#721=LINE('',#12499,#1866);
#722=LINE('',#12501,#1867);
#723=LINE('',#12503,#1868);
#724=LINE('',#12505,#1869);
#725=LINE('',#12507,#1870);
#726=LINE('',#12509,#1871);
#727=LINE('',#12511,#1872);
#728=LINE('',#12513,#1873);
#729=LINE('',#12515,#1874);
#730=LINE('',#12517,#1875);
#731=LINE('',#12519,#1876);
#732=LINE('',#12521,#1877);
#733=LINE('',#12523,#1878);
#734=LINE('',#12525,#1879);
#735=LINE('',#12527,#1880);
#736=LINE('',#12529,#1881);
#737=LINE('',#12531,#1882);
#738=LINE('',#12533,#1883);
#739=LINE('',#12535,#1884);
#740=LINE('',#12537,#1885);
#741=LINE('',#12539,#1886);
#742=LINE('',#12541,#1887);
#743=LINE('',#12543,#1888);
#744=LINE('',#12545,#1889);
#745=LINE('',#12547,#1890);
#746=LINE('',#12549,#1891);
#747=LINE('',#12551,#1892);
#748=LINE('',#12553,#1893);
#749=LINE('',#12555,#1894);
#750=LINE('',#12557,#1895);
#751=LINE('',#12559,#1896);
#752=LINE('',#12561,#1897);
#753=LINE('',#12563,#1898);
#754=LINE('',#12565,#1899);
#755=LINE('',#12567,#1900);
#756=LINE('',#12569,#1901);
#757=LINE('',#12571,#1902);
#758=LINE('',#12573,#1903);
#759=LINE('',#12575,#1904);
#760=LINE('',#12577,#1905);
#761=LINE('',#12579,#1906);
#762=LINE('',#12581,#1907);
#763=LINE('',#12583,#1908);
#764=LINE('',#12585,#1909);
#765=LINE('',#12587,#1910);
#766=LINE('',#12589,#1911);
#767=LINE('',#12591,#1912);
#768=LINE('',#12593,#1913);
#769=LINE('',#12595,#1914);
#770=LINE('',#12597,#1915);
#771=LINE('',#12599,#1916);
#772=LINE('',#12601,#1917);
#773=LINE('',#12603,#1918);
#774=LINE('',#12605,#1919);
#775=LINE('',#12607,#1920);
#776=LINE('',#12609,#1921);
#777=LINE('',#12611,#1922);
#778=LINE('',#12613,#1923);
#779=LINE('',#12615,#1924);
#780=LINE('',#12617,#1925);
#781=LINE('',#12619,#1926);
#782=LINE('',#12621,#1927);
#783=LINE('',#12623,#1928);
#784=LINE('',#12625,#1929);
#785=LINE('',#12627,#1930);
#786=LINE('',#12629,#1931);
#787=LINE('',#12631,#1932);
#788=LINE('',#12633,#1933);
#789=LINE('',#12635,#1934);
#790=LINE('',#12637,#1935);
#791=LINE('',#12639,#1936);
#792=LINE('',#12641,#1937);
#793=LINE('',#12643,#1938);
#794=LINE('',#12645,#1939);
#795=LINE('',#12647,#1940);
#796=LINE('',#12649,#1941);
#797=LINE('',#12651,#1942);
#798=LINE('',#12653,#1943);
#799=LINE('',#12655,#1944);
#800=LINE('',#12657,#1945);
#801=LINE('',#12659,#1946);
#802=LINE('',#12661,#1947);
#803=LINE('',#12663,#1948);
#804=LINE('',#12665,#1949);
#805=LINE('',#12667,#1950);
#806=LINE('',#12669,#1951);
#807=LINE('',#12671,#1952);
#808=LINE('',#12673,#1953);
#809=LINE('',#12675,#1954);
#810=LINE('',#12677,#1955);
#811=LINE('',#12679,#1956);
#812=LINE('',#12681,#1957);
#813=LINE('',#12684,#1958);
#814=LINE('',#12686,#1959);
#815=LINE('',#12688,#1960);
#816=LINE('',#12690,#1961);
#817=LINE('',#12692,#1962);
#818=LINE('',#12694,#1963);
#819=LINE('',#12696,#1964);
#820=LINE('',#12698,#1965);
#821=LINE('',#12700,#1966);
#822=LINE('',#12702,#1967);
#823=LINE('',#12704,#1968);
#824=LINE('',#12706,#1969);
#825=LINE('',#12708,#1970);
#826=LINE('',#12710,#1971);
#827=LINE('',#12712,#1972);
#828=LINE('',#12714,#1973);
#829=LINE('',#12716,#1974);
#830=LINE('',#12718,#1975);
#831=LINE('',#12720,#1976);
#832=LINE('',#12722,#1977);
#833=LINE('',#12724,#1978);
#834=LINE('',#12726,#1979);
#835=LINE('',#12728,#1980);
#836=LINE('',#12730,#1981);
#837=LINE('',#12732,#1982);
#838=LINE('',#12734,#1983);
#839=LINE('',#12736,#1984);
#840=LINE('',#12738,#1985);
#841=LINE('',#12740,#1986);
#842=LINE('',#12742,#1987);
#843=LINE('',#12744,#1988);
#844=LINE('',#12746,#1989);
#845=LINE('',#12748,#1990);
#846=LINE('',#12750,#1991);
#847=LINE('',#12752,#1992);
#848=LINE('',#12754,#1993);
#849=LINE('',#12756,#1994);
#850=LINE('',#12758,#1995);
#851=LINE('',#12760,#1996);
#852=LINE('',#12762,#1997);
#853=LINE('',#12764,#1998);
#854=LINE('',#12766,#1999);
#855=LINE('',#12768,#2000);
#856=LINE('',#12770,#2001);
#857=LINE('',#12772,#2002);
#858=LINE('',#12774,#2003);
#859=LINE('',#12776,#2004);
#860=LINE('',#12778,#2005);
#861=LINE('',#12780,#2006);
#862=LINE('',#12782,#2007);
#863=LINE('',#12784,#2008);
#864=LINE('',#12786,#2009);
#865=LINE('',#12788,#2010);
#866=LINE('',#12790,#2011);
#867=LINE('',#12792,#2012);
#868=LINE('',#12794,#2013);
#869=LINE('',#12796,#2014);
#870=LINE('',#12798,#2015);
#871=LINE('',#12800,#2016);
#872=LINE('',#12802,#2017);
#873=LINE('',#12804,#2018);
#874=LINE('',#12806,#2019);
#875=LINE('',#12808,#2020);
#876=LINE('',#12810,#2021);
#877=LINE('',#12812,#2022);
#878=LINE('',#12814,#2023);
#879=LINE('',#12816,#2024);
#880=LINE('',#12818,#2025);
#881=LINE('',#12820,#2026);
#882=LINE('',#12822,#2027);
#883=LINE('',#12824,#2028);
#884=LINE('',#12826,#2029);
#885=LINE('',#12828,#2030);
#886=LINE('',#12830,#2031);
#887=LINE('',#12832,#2032);
#888=LINE('',#12834,#2033);
#889=LINE('',#12836,#2034);
#890=LINE('',#12838,#2035);
#891=LINE('',#12840,#2036);
#892=LINE('',#12842,#2037);
#893=LINE('',#12844,#2038);
#894=LINE('',#12846,#2039);
#895=LINE('',#12848,#2040);
#896=LINE('',#12850,#2041);
#897=LINE('',#12852,#2042);
#898=LINE('',#12854,#2043);
#899=LINE('',#12856,#2044);
#900=LINE('',#12858,#2045);
#901=LINE('',#12860,#2046);
#902=LINE('',#12862,#2047);
#903=LINE('',#12864,#2048);
#904=LINE('',#12866,#2049);
#905=LINE('',#12868,#2050);
#906=LINE('',#12870,#2051);
#907=LINE('',#12872,#2052);
#908=LINE('',#12874,#2053);
#909=LINE('',#12876,#2054);
#910=LINE('',#12878,#2055);
#911=LINE('',#12880,#2056);
#912=LINE('',#12882,#2057);
#913=LINE('',#12884,#2058);
#914=LINE('',#12886,#2059);
#915=LINE('',#12888,#2060);
#916=LINE('',#12890,#2061);
#917=LINE('',#12892,#2062);
#918=LINE('',#12894,#2063);
#919=LINE('',#12896,#2064);
#920=LINE('',#12898,#2065);
#921=LINE('',#12900,#2066);
#922=LINE('',#12902,#2067);
#923=LINE('',#12904,#2068);
#924=LINE('',#12906,#2069);
#925=LINE('',#12908,#2070);
#926=LINE('',#12910,#2071);
#927=LINE('',#12912,#2072);
#928=LINE('',#12914,#2073);
#929=LINE('',#12916,#2074);
#930=LINE('',#12918,#2075);
#931=LINE('',#12920,#2076);
#932=LINE('',#12922,#2077);
#933=LINE('',#12924,#2078);
#934=LINE('',#12926,#2079);
#935=LINE('',#12928,#2080);
#936=LINE('',#12930,#2081);
#937=LINE('',#12932,#2082);
#938=LINE('',#12934,#2083);
#939=LINE('',#12936,#2084);
#940=LINE('',#12938,#2085);
#941=LINE('',#12940,#2086);
#942=LINE('',#12942,#2087);
#943=LINE('',#12944,#2088);
#944=LINE('',#12946,#2089);
#945=LINE('',#12948,#2090);
#946=LINE('',#12950,#2091);
#947=LINE('',#12952,#2092);
#948=LINE('',#12954,#2093);
#949=LINE('',#12956,#2094);
#950=LINE('',#12958,#2095);
#951=LINE('',#12960,#2096);
#952=LINE('',#12962,#2097);
#953=LINE('',#12964,#2098);
#954=LINE('',#12966,#2099);
#955=LINE('',#12968,#2100);
#956=LINE('',#12970,#2101);
#957=LINE('',#12972,#2102);
#958=LINE('',#12974,#2103);
#959=LINE('',#12976,#2104);
#960=LINE('',#12978,#2105);
#961=LINE('',#12980,#2106);
#962=LINE('',#12982,#2107);
#963=LINE('',#12984,#2108);
#964=LINE('',#12986,#2109);
#965=LINE('',#12988,#2110);
#966=LINE('',#12990,#2111);
#967=LINE('',#12992,#2112);
#968=LINE('',#12994,#2113);
#969=LINE('',#12996,#2114);
#970=LINE('',#12998,#2115);
#971=LINE('',#13000,#2116);
#972=LINE('',#13002,#2117);
#973=LINE('',#13004,#2118);
#974=LINE('',#13006,#2119);
#975=LINE('',#13008,#2120);
#976=LINE('',#13010,#2121);
#977=LINE('',#13012,#2122);
#978=LINE('',#13014,#2123);
#979=LINE('',#13016,#2124);
#980=LINE('',#13018,#2125);
#981=LINE('',#13020,#2126);
#982=LINE('',#13022,#2127);
#983=LINE('',#13024,#2128);
#984=LINE('',#13026,#2129);
#985=LINE('',#13028,#2130);
#986=LINE('',#13030,#2131);
#987=LINE('',#13032,#2132);
#988=LINE('',#13034,#2133);
#989=LINE('',#13036,#2134);
#990=LINE('',#13038,#2135);
#991=LINE('',#13040,#2136);
#992=LINE('',#13042,#2137);
#993=LINE('',#13044,#2138);
#994=LINE('',#13046,#2139);
#995=LINE('',#13048,#2140);
#996=LINE('',#13050,#2141);
#997=LINE('',#13052,#2142);
#998=LINE('',#13054,#2143);
#999=LINE('',#13056,#2144);
#1000=LINE('',#13058,#2145);
#1001=LINE('',#13060,#2146);
#1002=LINE('',#13062,#2147);
#1003=LINE('',#13065,#2148);
#1004=LINE('',#13067,#2149);
#1005=LINE('',#13069,#2150);
#1006=LINE('',#13071,#2151);
#1007=LINE('',#13073,#2152);
#1008=LINE('',#13075,#2153);
#1009=LINE('',#13077,#2154);
#1010=LINE('',#13079,#2155);
#1011=LINE('',#13081,#2156);
#1012=LINE('',#13083,#2157);
#1013=LINE('',#13085,#2158);
#1014=LINE('',#13087,#2159);
#1015=LINE('',#13089,#2160);
#1016=LINE('',#13091,#2161);
#1017=LINE('',#13093,#2162);
#1018=LINE('',#13095,#2163);
#1019=LINE('',#13097,#2164);
#1020=LINE('',#13099,#2165);
#1021=LINE('',#13101,#2166);
#1022=LINE('',#13103,#2167);
#1023=LINE('',#13105,#2168);
#1024=LINE('',#13107,#2169);
#1025=LINE('',#13109,#2170);
#1026=LINE('',#13111,#2171);
#1027=LINE('',#13113,#2172);
#1028=LINE('',#13115,#2173);
#1029=LINE('',#13117,#2174);
#1030=LINE('',#13119,#2175);
#1031=LINE('',#13121,#2176);
#1032=LINE('',#13123,#2177);
#1033=LINE('',#13125,#2178);
#1034=LINE('',#13127,#2179);
#1035=LINE('',#13129,#2180);
#1036=LINE('',#13131,#2181);
#1037=LINE('',#13133,#2182);
#1038=LINE('',#13135,#2183);
#1039=LINE('',#13137,#2184);
#1040=LINE('',#13139,#2185);
#1041=LINE('',#13141,#2186);
#1042=LINE('',#13143,#2187);
#1043=LINE('',#13145,#2188);
#1044=LINE('',#13147,#2189);
#1045=LINE('',#13149,#2190);
#1046=LINE('',#13151,#2191);
#1047=LINE('',#13153,#2192);
#1048=LINE('',#13155,#2193);
#1049=LINE('',#13157,#2194);
#1050=LINE('',#13159,#2195);
#1051=LINE('',#13161,#2196);
#1052=LINE('',#13163,#2197);
#1053=LINE('',#13165,#2198);
#1054=LINE('',#13167,#2199);
#1055=LINE('',#13169,#2200);
#1056=LINE('',#13171,#2201);
#1057=LINE('',#13173,#2202);
#1058=LINE('',#13175,#2203);
#1059=LINE('',#13177,#2204);
#1060=LINE('',#13179,#2205);
#1061=LINE('',#13181,#2206);
#1062=LINE('',#13183,#2207);
#1063=LINE('',#13185,#2208);
#1064=LINE('',#13187,#2209);
#1065=LINE('',#13189,#2210);
#1066=LINE('',#13191,#2211);
#1067=LINE('',#13193,#2212);
#1068=LINE('',#13195,#2213);
#1069=LINE('',#13197,#2214);
#1070=LINE('',#13199,#2215);
#1071=LINE('',#13201,#2216);
#1072=LINE('',#13203,#2217);
#1073=LINE('',#13205,#2218);
#1074=LINE('',#13207,#2219);
#1075=LINE('',#13209,#2220);
#1076=LINE('',#13211,#2221);
#1077=LINE('',#13213,#2222);
#1078=LINE('',#13215,#2223);
#1079=LINE('',#13217,#2224);
#1080=LINE('',#13219,#2225);
#1081=LINE('',#13221,#2226);
#1082=LINE('',#13223,#2227);
#1083=LINE('',#13225,#2228);
#1084=LINE('',#13227,#2229);
#1085=LINE('',#13229,#2230);
#1086=LINE('',#13231,#2231);
#1087=LINE('',#13233,#2232);
#1088=LINE('',#13235,#2233);
#1089=LINE('',#13237,#2234);
#1090=LINE('',#13239,#2235);
#1091=LINE('',#13241,#2236);
#1092=LINE('',#13243,#2237);
#1093=LINE('',#13245,#2238);
#1094=LINE('',#13247,#2239);
#1095=LINE('',#13249,#2240);
#1096=LINE('',#13251,#2241);
#1097=LINE('',#13253,#2242);
#1098=LINE('',#13255,#2243);
#1099=LINE('',#13257,#2244);
#1100=LINE('',#13259,#2245);
#1101=LINE('',#13261,#2246);
#1102=LINE('',#13263,#2247);
#1103=LINE('',#13265,#2248);
#1104=LINE('',#13267,#2249);
#1105=LINE('',#13269,#2250);
#1106=LINE('',#13271,#2251);
#1107=LINE('',#13273,#2252);
#1108=LINE('',#13275,#2253);
#1109=LINE('',#13277,#2254);
#1110=LINE('',#13279,#2255);
#1111=LINE('',#13281,#2256);
#1112=LINE('',#13283,#2257);
#1113=LINE('',#13285,#2258);
#1114=LINE('',#13287,#2259);
#1115=LINE('',#13289,#2260);
#1116=LINE('',#13291,#2261);
#1117=LINE('',#13293,#2262);
#1118=LINE('',#13295,#2263);
#1119=LINE('',#13297,#2264);
#1120=LINE('',#13299,#2265);
#1121=LINE('',#13301,#2266);
#1122=LINE('',#13303,#2267);
#1123=LINE('',#13305,#2268);
#1124=LINE('',#13307,#2269);
#1125=LINE('',#13309,#2270);
#1126=LINE('',#13311,#2271);
#1127=LINE('',#13313,#2272);
#1128=LINE('',#13315,#2273);
#1129=LINE('',#13317,#2274);
#1130=LINE('',#13319,#2275);
#1131=LINE('',#13321,#2276);
#1132=LINE('',#13323,#2277);
#1133=LINE('',#13325,#2278);
#1134=LINE('',#13327,#2279);
#1135=LINE('',#13329,#2280);
#1136=LINE('',#13331,#2281);
#1137=LINE('',#13333,#2282);
#1138=LINE('',#13335,#2283);
#1139=LINE('',#13337,#2284);
#1140=LINE('',#13339,#2285);
#1141=LINE('',#13341,#2286);
#1142=LINE('',#13343,#2287);
#1143=LINE('',#13345,#2288);
#1144=LINE('',#13347,#2289);
#1145=LINE('',#13349,#2290);
#1146=LINE('',#13351,#2291);
#1147=LINE('',#13353,#2292);
#1148=LINE('',#13355,#2293);
#1149=LINE('',#13357,#2294);
#1150=LINE('',#13359,#2295);
#1151=LINE('',#13361,#2296);
#1152=LINE('',#13363,#2297);
#1153=LINE('',#13365,#2298);
#1154=LINE('',#13367,#2299);
#1155=LINE('',#13369,#2300);
#1156=LINE('',#13371,#2301);
#1157=LINE('',#13373,#2302);
#1158=LINE('',#13375,#2303);
#1159=LINE('',#13377,#2304);
#1160=LINE('',#13379,#2305);
#1161=LINE('',#13381,#2306);
#1162=LINE('',#13383,#2307);
#1163=LINE('',#13385,#2308);
#1164=LINE('',#13387,#2309);
#1165=LINE('',#13389,#2310);
#1166=LINE('',#13391,#2311);
#1167=LINE('',#13393,#2312);
#1168=LINE('',#13395,#2313);
#1169=LINE('',#13397,#2314);
#1170=LINE('',#13399,#2315);
#1171=LINE('',#13401,#2316);
#1172=LINE('',#13403,#2317);
#1173=LINE('',#13405,#2318);
#1174=LINE('',#13407,#2319);
#1175=LINE('',#13409,#2320);
#1176=LINE('',#13411,#2321);
#1177=LINE('',#13413,#2322);
#1178=LINE('',#13415,#2323);
#1179=LINE('',#13417,#2324);
#1180=LINE('',#13419,#2325);
#1181=LINE('',#13421,#2326);
#1182=LINE('',#13423,#2327);
#1183=LINE('',#13425,#2328);
#1184=LINE('',#13427,#2329);
#1185=LINE('',#13429,#2330);
#1186=LINE('',#13431,#2331);
#1187=LINE('',#13433,#2332);
#1188=LINE('',#13435,#2333);
#1189=LINE('',#13437,#2334);
#1190=LINE('',#13439,#2335);
#1191=LINE('',#13441,#2336);
#1192=LINE('',#13443,#2337);
#1193=LINE('',#13444,#2338);
#1194=LINE('',#13446,#2339);
#1195=LINE('',#13447,#2340);
#1196=LINE('',#13449,#2341);
#1197=LINE('',#13450,#2342);
#1198=LINE('',#13452,#2343);
#1199=VECTOR('',#8979,1.);
#1200=VECTOR('',#8982,1.);
#1201=VECTOR('',#8983,1.);
#1202=VECTOR('',#8984,1.);
#1203=VECTOR('',#8987,1.);
#1204=VECTOR('',#8988,1.);
#1205=VECTOR('',#8989,1.);
#1206=VECTOR('',#8990,1.);
#1207=VECTOR('',#8991,1.);
#1208=VECTOR('',#8992,1.);
#1209=VECTOR('',#8993,1.);
#1210=VECTOR('',#8994,1.);
#1211=VECTOR('',#8995,1.);
#1212=VECTOR('',#8996,1.);
#1213=VECTOR('',#8997,1.);
#1214=VECTOR('',#8998,1.);
#1215=VECTOR('',#9001,1.);
#1216=VECTOR('',#9002,1.);
#1217=VECTOR('',#9003,1.);
#1218=VECTOR('',#9004,1.);
#1219=VECTOR('',#9005,1.);
#1220=VECTOR('',#9008,1.);
#1221=VECTOR('',#9009,1.);
#1222=VECTOR('',#9010,1.);
#1223=VECTOR('',#9011,1.);
#1224=VECTOR('',#9012,1.);
#1225=VECTOR('',#9015,1.);
#1226=VECTOR('',#9016,1.);
#1227=VECTOR('',#9021,1.);
#1228=VECTOR('',#9024,1.);
#1229=VECTOR('',#9027,1.);
#1230=VECTOR('',#9030,1.);
#1231=VECTOR('',#9031,1.);
#1232=VECTOR('',#9032,1.);
#1233=VECTOR('',#9033,1.);
#1234=VECTOR('',#9036,1.);
#1235=VECTOR('',#9039,1.);
#1236=VECTOR('',#9042,1.);
#1237=VECTOR('',#9045,1.);
#1238=VECTOR('',#9048,1.);
#1239=VECTOR('',#9051,1.);
#1240=VECTOR('',#9054,1.);
#1241=VECTOR('',#9057,1.);
#1242=VECTOR('',#9060,1.);
#1243=VECTOR('',#9063,1.);
#1244=VECTOR('',#9066,1.);
#1245=VECTOR('',#9069,1.);
#1246=VECTOR('',#9072,1.);
#1247=VECTOR('',#9073,1.);
#1248=VECTOR('',#9076,1.);
#1249=VECTOR('',#9079,1.);
#1250=VECTOR('',#9082,1.);
#1251=VECTOR('',#9085,1.);
#1252=VECTOR('',#9088,1.);
#1253=VECTOR('',#9091,1.);
#1254=VECTOR('',#9094,1.);
#1255=VECTOR('',#9099,1.);
#1256=VECTOR('',#9100,1.);
#1257=VECTOR('',#9101,1.);
#1258=VECTOR('',#9102,1.);
#1259=VECTOR('',#9105,1.);
#1260=VECTOR('',#9106,1.);
#1261=VECTOR('',#9107,1.);
#1262=VECTOR('',#9110,1.);
#1263=VECTOR('',#9111,1.);
#1264=VECTOR('',#9112,1.);
#1265=VECTOR('',#9115,1.);
#1266=VECTOR('',#9116,1.);
#1267=VECTOR('',#9119,1.);
#1268=VECTOR('',#9120,1.);
#1269=VECTOR('',#9121,1.);
#1270=VECTOR('',#9122,1.);
#1271=VECTOR('',#9125,1.);
#1272=VECTOR('',#9126,1.);
#1273=VECTOR('',#9127,1.);
#1274=VECTOR('',#9130,1.);
#1275=VECTOR('',#9131,1.);
#1276=VECTOR('',#9132,1.);
#1277=VECTOR('',#9169,1.);
#1278=VECTOR('',#9170,1.);
#1279=VECTOR('',#9173,1.);
#1280=VECTOR('',#9176,1.);
#1281=VECTOR('',#9179,1.);
#1282=VECTOR('',#9182,1.);
#1283=VECTOR('',#9185,1.);
#1284=VECTOR('',#9188,1.);
#1285=VECTOR('',#9193,1.);
#1286=VECTOR('',#9194,1.);
#1287=VECTOR('',#9197,1.);
#1288=VECTOR('',#9200,1.);
#1289=VECTOR('',#9203,1.);
#1290=VECTOR('',#9206,1.);
#1291=VECTOR('',#9209,1.);
#1292=VECTOR('',#9212,1.);
#1293=VECTOR('',#9217,1.);
#1294=VECTOR('',#9218,1.);
#1295=VECTOR('',#9221,1.);
#1296=VECTOR('',#9224,1.);
#1297=VECTOR('',#9227,1.);
#1298=VECTOR('',#9230,1.);
#1299=VECTOR('',#9233,1.);
#1300=VECTOR('',#9236,1.);
#1301=VECTOR('',#9241,1.);
#1302=VECTOR('',#9242,1.);
#1303=VECTOR('',#9243,1.);
#1304=VECTOR('',#9244,1.);
#1305=VECTOR('',#9245,1.);
#1306=VECTOR('',#9246,1.);
#1307=VECTOR('',#9247,1.);
#1308=VECTOR('',#9248,1.);
#1309=VECTOR('',#9249,1.);
#1310=VECTOR('',#9252,1.);
#1311=VECTOR('',#9255,1.);
#1312=VECTOR('',#9258,1.);
#1313=VECTOR('',#9261,1.);
#1314=VECTOR('',#9264,1.);
#1315=VECTOR('',#9267,1.);
#1316=VECTOR('',#9270,1.);
#1317=VECTOR('',#9273,1.);
#1318=VECTOR('',#9304,1.);
#1319=VECTOR('',#9305,1.);
#1320=VECTOR('',#9306,1.);
#1321=VECTOR('',#9307,1.);
#1322=VECTOR('',#9310,1.);
#1323=VECTOR('',#9311,1.);
#1324=VECTOR('',#9312,1.);
#1325=VECTOR('',#9315,1.);
#1326=VECTOR('',#9316,1.);
#1327=VECTOR('',#9317,1.);
#1328=VECTOR('',#9320,1.);
#1329=VECTOR('',#9321,1.);
#1330=VECTOR('',#9322,1.);
#1331=VECTOR('',#9323,1.);
#1332=VECTOR('',#9326,1.);
#1333=VECTOR('',#9327,1.);
#1334=VECTOR('',#9328,1.);
#1335=VECTOR('',#9331,1.);
#1336=VECTOR('',#9332,1.);
#1337=VECTOR('',#9333,1.);
#1338=VECTOR('',#9336,1.);
#1339=VECTOR('',#9337,1.);
#1340=VECTOR('',#9340,1.);
#1341=VECTOR('',#9341,1.);
#1342=VECTOR('',#9350,1.);
#1343=VECTOR('',#9351,1.);
#1344=VECTOR('',#9352,1.);
#1345=VECTOR('',#9353,1.);
#1346=VECTOR('',#9354,1.);
#1347=VECTOR('',#9355,1.);
#1348=VECTOR('',#9358,1.);
#1349=VECTOR('',#9359,1.);
#1350=VECTOR('',#9360,1.);
#1351=VECTOR('',#9361,1.);
#1352=VECTOR('',#9362,1.);
#1353=VECTOR('',#9369,1.);
#1354=VECTOR('',#9372,1.);
#1355=VECTOR('',#9375,1.);
#1356=VECTOR('',#9376,1.);
#1357=VECTOR('',#9377,1.);
#1358=VECTOR('',#9378,1.);
#1359=VECTOR('',#9379,1.);
#1360=VECTOR('',#9380,1.);
#1361=VECTOR('',#9381,1.);
#1362=VECTOR('',#9382,1.);
#1363=VECTOR('',#9383,1.);
#1364=VECTOR('',#9384,1.);
#1365=VECTOR('',#9385,1.);
#1366=VECTOR('',#9386,1.);
#1367=VECTOR('',#9387,1.);
#1368=VECTOR('',#9388,1.);
#1369=VECTOR('',#9389,1.);
#1370=VECTOR('',#9390,1.);
#1371=VECTOR('',#9391,1.);
#1372=VECTOR('',#9392,1.);
#1373=VECTOR('',#9393,1.);
#1374=VECTOR('',#9394,1.);
#1375=VECTOR('',#9395,1.);
#1376=VECTOR('',#9396,1.);
#1377=VECTOR('',#9397,1.);
#1378=VECTOR('',#9398,1.);
#1379=VECTOR('',#9399,1.);
#1380=VECTOR('',#9400,1.);
#1381=VECTOR('',#9401,1.);
#1382=VECTOR('',#9402,1.);
#1383=VECTOR('',#9403,1.);
#1384=VECTOR('',#9404,1.);
#1385=VECTOR('',#9405,1.);
#1386=VECTOR('',#9406,1.);
#1387=VECTOR('',#9407,1.);
#1388=VECTOR('',#9408,1.);
#1389=VECTOR('',#9409,1.);
#1390=VECTOR('',#9410,1.);
#1391=VECTOR('',#9411,1.);
#1392=VECTOR('',#9412,1.);
#1393=VECTOR('',#9413,1.);
#1394=VECTOR('',#9414,1.);
#1395=VECTOR('',#9415,1.);
#1396=VECTOR('',#9416,1.);
#1397=VECTOR('',#9417,1.);
#1398=VECTOR('',#9418,1.);
#1399=VECTOR('',#9419,1.);
#1400=VECTOR('',#9420,1.);
#1401=VECTOR('',#9421,1.);
#1402=VECTOR('',#9422,1.);
#1403=VECTOR('',#9423,1.);
#1404=VECTOR('',#9424,1.);
#1405=VECTOR('',#9425,1.);
#1406=VECTOR('',#9426,1.);
#1407=VECTOR('',#9427,1.);
#1408=VECTOR('',#9428,1.);
#1409=VECTOR('',#9429,1.);
#1410=VECTOR('',#9430,1.);
#1411=VECTOR('',#9431,1.);
#1412=VECTOR('',#9432,1.);
#1413=VECTOR('',#9433,1.);
#1414=VECTOR('',#9434,1.);
#1415=VECTOR('',#9435,1.);
#1416=VECTOR('',#9436,1.);
#1417=VECTOR('',#9437,1.);
#1418=VECTOR('',#9438,1.);
#1419=VECTOR('',#9439,1.);
#1420=VECTOR('',#9440,1.);
#1421=VECTOR('',#9441,1.);
#1422=VECTOR('',#9442,1.);
#1423=VECTOR('',#9443,1.);
#1424=VECTOR('',#9444,1.);
#1425=VECTOR('',#9445,1.);
#1426=VECTOR('',#9446,1.);
#1427=VECTOR('',#9447,1.);
#1428=VECTOR('',#9448,1.);
#1429=VECTOR('',#9449,1.);
#1430=VECTOR('',#9450,1.);
#1431=VECTOR('',#9451,1.);
#1432=VECTOR('',#9452,1.);
#1433=VECTOR('',#9453,1.);
#1434=VECTOR('',#9454,1.);
#1435=VECTOR('',#9455,1.);
#1436=VECTOR('',#9456,1.);
#1437=VECTOR('',#9457,1.);
#1438=VECTOR('',#9458,1.);
#1439=VECTOR('',#9459,1.);
#1440=VECTOR('',#9460,1.);
#1441=VECTOR('',#9461,1.);
#1442=VECTOR('',#9462,1.);
#1443=VECTOR('',#9463,1.);
#1444=VECTOR('',#9464,1.);
#1445=VECTOR('',#9465,1.);
#1446=VECTOR('',#9466,1.);
#1447=VECTOR('',#9467,1.);
#1448=VECTOR('',#9468,1.);
#1449=VECTOR('',#9469,1.);
#1450=VECTOR('',#9470,1.);
#1451=VECTOR('',#9471,1.);
#1452=VECTOR('',#9472,1.);
#1453=VECTOR('',#9473,1.);
#1454=VECTOR('',#9474,1.);
#1455=VECTOR('',#9475,1.);
#1456=VECTOR('',#9476,1.);
#1457=VECTOR('',#9477,1.);
#1458=VECTOR('',#9478,1.);
#1459=VECTOR('',#9479,1.);
#1460=VECTOR('',#9480,1.);
#1461=VECTOR('',#9481,1.);
#1462=VECTOR('',#9482,1.);
#1463=VECTOR('',#9483,1.);
#1464=VECTOR('',#9484,1.);
#1465=VECTOR('',#9485,1.);
#1466=VECTOR('',#9486,1.);
#1467=VECTOR('',#9487,1.);
#1468=VECTOR('',#9488,1.);
#1469=VECTOR('',#9489,1.);
#1470=VECTOR('',#9490,1.);
#1471=VECTOR('',#9491,1.);
#1472=VECTOR('',#9492,1.);
#1473=VECTOR('',#9493,1.);
#1474=VECTOR('',#9494,1.);
#1475=VECTOR('',#9495,1.);
#1476=VECTOR('',#9496,1.);
#1477=VECTOR('',#9497,1.);
#1478=VECTOR('',#9498,1.);
#1479=VECTOR('',#9499,1.);
#1480=VECTOR('',#9500,1.);
#1481=VECTOR('',#9501,1.);
#1482=VECTOR('',#9502,1.);
#1483=VECTOR('',#9505,1.);
#1484=VECTOR('',#9508,1.);
#1485=VECTOR('',#9509,1.);
#1486=VECTOR('',#9510,1.);
#1487=VECTOR('',#9511,1.);
#1488=VECTOR('',#9512,1.);
#1489=VECTOR('',#9513,1.);
#1490=VECTOR('',#9514,1.);
#1491=VECTOR('',#9517,1.);
#1492=VECTOR('',#9518,1.);
#1493=VECTOR('',#9519,1.);
#1494=VECTOR('',#9522,1.);
#1495=VECTOR('',#9523,1.);
#1496=VECTOR('',#9526,1.);
#1497=VECTOR('',#9527,1.);
#1498=VECTOR('',#9530,1.);
#1499=VECTOR('',#9531,1.);
#1500=VECTOR('',#9536,1.);
#1501=VECTOR('',#9537,1.);
#1502=VECTOR('',#9540,1.);
#1503=VECTOR('',#9541,1.);
#1504=VECTOR('',#9546,1.);
#1505=VECTOR('',#9549,1.);
#1506=VECTOR('',#9550,1.);
#1507=VECTOR('',#9553,1.);
#1508=VECTOR('',#9554,1.);
#1509=VECTOR('',#9557,1.);
#1510=VECTOR('',#9560,1.);
#1511=VECTOR('',#9563,1.);
#1512=VECTOR('',#9568,1.);
#1513=VECTOR('',#9569,1.);
#1514=VECTOR('',#9572,1.);
#1515=VECTOR('',#9573,1.);
#1516=VECTOR('',#9576,1.);
#1517=VECTOR('',#9577,1.);
#1518=VECTOR('',#9580,1.);
#1519=VECTOR('',#9581,1.);
#1520=VECTOR('',#9584,1.);
#1521=VECTOR('',#9585,1.);
#1522=VECTOR('',#9588,1.);
#1523=VECTOR('',#9589,1.);
#1524=VECTOR('',#9592,1.);
#1525=VECTOR('',#9593,1.);
#1526=VECTOR('',#9596,1.);
#1527=VECTOR('',#9597,1.);
#1528=VECTOR('',#9600,1.);
#1529=VECTOR('',#9601,1.);
#1530=VECTOR('',#9604,1.);
#1531=VECTOR('',#9605,1.);
#1532=VECTOR('',#9608,1.);
#1533=VECTOR('',#9609,1.);
#1534=VECTOR('',#9612,1.);
#1535=VECTOR('',#9613,1.);
#1536=VECTOR('',#9616,1.);
#1537=VECTOR('',#9617,1.);
#1538=VECTOR('',#9620,1.);
#1539=VECTOR('',#9621,1.);
#1540=VECTOR('',#9624,1.);
#1541=VECTOR('',#9625,1.);
#1542=VECTOR('',#9628,1.);
#1543=VECTOR('',#9629,1.);
#1544=VECTOR('',#9632,1.);
#1545=VECTOR('',#9635,1.);
#1546=VECTOR('',#9636,1.);
#1547=VECTOR('',#9639,1.);
#1548=VECTOR('',#9640,1.);
#1549=VECTOR('',#9643,1.);
#1550=VECTOR('',#9644,1.);
#1551=VECTOR('',#9647,1.);
#1552=VECTOR('',#9648,1.);
#1553=VECTOR('',#9651,1.);
#1554=VECTOR('',#9652,1.);
#1555=VECTOR('',#9655,1.);
#1556=VECTOR('',#9656,1.);
#1557=VECTOR('',#9659,1.);
#1558=VECTOR('',#9660,1.);
#1559=VECTOR('',#9663,1.);
#1560=VECTOR('',#9664,1.);
#1561=VECTOR('',#9667,1.);
#1562=VECTOR('',#9668,1.);
#1563=VECTOR('',#9671,1.);
#1564=VECTOR('',#9672,1.);
#1565=VECTOR('',#9675,1.);
#1566=VECTOR('',#9676,1.);
#1567=VECTOR('',#9679,1.);
#1568=VECTOR('',#9680,1.);
#1569=VECTOR('',#9683,1.);
#1570=VECTOR('',#9684,1.);
#1571=VECTOR('',#9687,1.);
#1572=VECTOR('',#9688,1.);
#1573=VECTOR('',#9691,1.);
#1574=VECTOR('',#9692,1.);
#1575=VECTOR('',#9695,1.);
#1576=VECTOR('',#9696,1.);
#1577=VECTOR('',#9699,1.);
#1578=VECTOR('',#9700,1.);
#1579=VECTOR('',#9703,1.);
#1580=VECTOR('',#9704,1.);
#1581=VECTOR('',#9707,1.);
#1582=VECTOR('',#9708,1.);
#1583=VECTOR('',#9711,1.);
#1584=VECTOR('',#9712,1.);
#1585=VECTOR('',#9715,1.);
#1586=VECTOR('',#9716,1.);
#1587=VECTOR('',#9719,1.);
#1588=VECTOR('',#9720,1.);
#1589=VECTOR('',#9723,1.);
#1590=VECTOR('',#9724,1.);
#1591=VECTOR('',#9727,1.);
#1592=VECTOR('',#9728,1.);
#1593=VECTOR('',#9731,1.);
#1594=VECTOR('',#9732,1.);
#1595=VECTOR('',#9735,1.);
#1596=VECTOR('',#9736,1.);
#1597=VECTOR('',#9739,1.);
#1598=VECTOR('',#9740,1.);
#1599=VECTOR('',#9743,1.);
#1600=VECTOR('',#9744,1.);
#1601=VECTOR('',#9747,1.);
#1602=VECTOR('',#9748,1.);
#1603=VECTOR('',#9751,1.);
#1604=VECTOR('',#9752,1.);
#1605=VECTOR('',#9755,1.);
#1606=VECTOR('',#9756,1.);
#1607=VECTOR('',#9759,1.);
#1608=VECTOR('',#9760,1.);
#1609=VECTOR('',#9763,1.);
#1610=VECTOR('',#9764,1.);
#1611=VECTOR('',#9767,1.);
#1612=VECTOR('',#9768,1.);
#1613=VECTOR('',#9771,1.);
#1614=VECTOR('',#9772,1.);
#1615=VECTOR('',#9775,1.);
#1616=VECTOR('',#9776,1.);
#1617=VECTOR('',#9779,1.);
#1618=VECTOR('',#9780,1.);
#1619=VECTOR('',#9783,1.);
#1620=VECTOR('',#9784,1.);
#1621=VECTOR('',#9787,1.);
#1622=VECTOR('',#9788,1.);
#1623=VECTOR('',#9791,1.);
#1624=VECTOR('',#9792,1.);
#1625=VECTOR('',#9795,1.);
#1626=VECTOR('',#9796,1.);
#1627=VECTOR('',#9799,1.);
#1628=VECTOR('',#9800,1.);
#1629=VECTOR('',#9803,1.);
#1630=VECTOR('',#9804,1.);
#1631=VECTOR('',#9807,1.);
#1632=VECTOR('',#9808,1.);
#1633=VECTOR('',#9811,1.);
#1634=VECTOR('',#9812,1.);
#1635=VECTOR('',#9815,1.);
#1636=VECTOR('',#9816,1.);
#1637=VECTOR('',#9819,1.);
#1638=VECTOR('',#9820,1.);
#1639=VECTOR('',#9823,1.);
#1640=VECTOR('',#9824,1.);
#1641=VECTOR('',#9827,1.);
#1642=VECTOR('',#9828,1.);
#1643=VECTOR('',#9831,1.);
#1644=VECTOR('',#9832,1.);
#1645=VECTOR('',#9835,1.);
#1646=VECTOR('',#9836,1.);
#1647=VECTOR('',#9839,1.);
#1648=VECTOR('',#9840,1.);
#1649=VECTOR('',#9843,1.);
#1650=VECTOR('',#9844,1.);
#1651=VECTOR('',#9847,1.);
#1652=VECTOR('',#9848,1.);
#1653=VECTOR('',#9851,1.);
#1654=VECTOR('',#9852,1.);
#1655=VECTOR('',#9855,1.);
#1656=VECTOR('',#9856,1.);
#1657=VECTOR('',#9859,1.);
#1658=VECTOR('',#9860,1.);
#1659=VECTOR('',#9863,1.);
#1660=VECTOR('',#9864,1.);
#1661=VECTOR('',#9867,1.);
#1662=VECTOR('',#9868,1.);
#1663=VECTOR('',#9871,1.);
#1664=VECTOR('',#9872,1.);
#1665=VECTOR('',#9875,1.);
#1666=VECTOR('',#9876,1.);
#1667=VECTOR('',#9879,1.);
#1668=VECTOR('',#9880,1.);
#1669=VECTOR('',#9883,1.);
#1670=VECTOR('',#9884,1.);
#1671=VECTOR('',#9887,1.);
#1672=VECTOR('',#9888,1.);
#1673=VECTOR('',#9891,1.);
#1674=VECTOR('',#9892,1.);
#1675=VECTOR('',#9895,1.);
#1676=VECTOR('',#9896,1.);
#1677=VECTOR('',#9899,1.);
#1678=VECTOR('',#9900,1.);
#1679=VECTOR('',#9903,1.);
#1680=VECTOR('',#9904,1.);
#1681=VECTOR('',#9907,1.);
#1682=VECTOR('',#9908,1.);
#1683=VECTOR('',#9911,1.);
#1684=VECTOR('',#9912,1.);
#1685=VECTOR('',#9915,1.);
#1686=VECTOR('',#9916,1.);
#1687=VECTOR('',#9919,1.);
#1688=VECTOR('',#9920,1.);
#1689=VECTOR('',#9923,1.);
#1690=VECTOR('',#9924,1.);
#1691=VECTOR('',#9927,1.);
#1692=VECTOR('',#9928,1.);
#1693=VECTOR('',#9931,1.);
#1694=VECTOR('',#9932,1.);
#1695=VECTOR('',#9935,1.);
#1696=VECTOR('',#9936,1.);
#1697=VECTOR('',#9939,1.);
#1698=VECTOR('',#9940,1.);
#1699=VECTOR('',#9943,1.);
#1700=VECTOR('',#9944,1.);
#1701=VECTOR('',#9947,1.);
#1702=VECTOR('',#9948,1.);
#1703=VECTOR('',#9951,1.);
#1704=VECTOR('',#9952,1.);
#1705=VECTOR('',#9955,1.);
#1706=VECTOR('',#9956,1.);
#1707=VECTOR('',#9959,1.);
#1708=VECTOR('',#9960,1.);
#1709=VECTOR('',#9963,1.);
#1710=VECTOR('',#9964,1.);
#1711=VECTOR('',#9967,1.);
#1712=VECTOR('',#9968,1.);
#1713=VECTOR('',#9971,1.);
#1714=VECTOR('',#9972,1.);
#1715=VECTOR('',#9975,1.);
#1716=VECTOR('',#9976,1.);
#1717=VECTOR('',#9979,1.);
#1718=VECTOR('',#9980,1.);
#1719=VECTOR('',#9983,1.);
#1720=VECTOR('',#9984,1.);
#1721=VECTOR('',#9987,1.);
#1722=VECTOR('',#9988,1.);
#1723=VECTOR('',#9991,1.);
#1724=VECTOR('',#9992,1.);
#1725=VECTOR('',#9995,1.);
#1726=VECTOR('',#9996,1.);
#1727=VECTOR('',#9999,1.);
#1728=VECTOR('',#10000,1.);
#1729=VECTOR('',#10003,1.);
#1730=VECTOR('',#10004,1.);
#1731=VECTOR('',#10007,1.);
#1732=VECTOR('',#10008,1.);
#1733=VECTOR('',#10011,1.);
#1734=VECTOR('',#10012,1.);
#1735=VECTOR('',#10015,1.);
#1736=VECTOR('',#10016,1.);
#1737=VECTOR('',#10019,1.);
#1738=VECTOR('',#10020,1.);
#1739=VECTOR('',#10023,1.);
#1740=VECTOR('',#10024,1.);
#1741=VECTOR('',#10027,1.);
#1742=VECTOR('',#10028,1.);
#1743=VECTOR('',#10031,1.);
#1744=VECTOR('',#10032,1.);
#1745=VECTOR('',#10035,1.);
#1746=VECTOR('',#10036,1.);
#1747=VECTOR('',#10039,1.);
#1748=VECTOR('',#10040,1.);
#1749=VECTOR('',#10043,1.);
#1750=VECTOR('',#10044,1.);
#1751=VECTOR('',#10047,1.);
#1752=VECTOR('',#10048,1.);
#1753=VECTOR('',#10051,1.);
#1754=VECTOR('',#10052,1.);
#1755=VECTOR('',#10055,1.);
#1756=VECTOR('',#10056,1.);
#1757=VECTOR('',#10059,1.);
#1758=VECTOR('',#10060,1.);
#1759=VECTOR('',#10063,1.);
#1760=VECTOR('',#10064,1.);
#1761=VECTOR('',#10067,1.);
#1762=VECTOR('',#10068,1.);
#1763=VECTOR('',#10069,1.);
#1764=VECTOR('',#10070,1.);
#1765=VECTOR('',#10073,1.);
#1766=VECTOR('',#10074,1.);
#1767=VECTOR('',#10075,1.);
#1768=VECTOR('',#10078,1.);
#1769=VECTOR('',#10079,1.);
#1770=VECTOR('',#10080,1.);
#1771=VECTOR('',#10083,1.);
#1772=VECTOR('',#10084,1.);
#1773=VECTOR('',#10085,1.);
#1774=VECTOR('',#10088,1.);
#1775=VECTOR('',#10089,1.);
#1776=VECTOR('',#10090,1.);
#1777=VECTOR('',#10093,1.);
#1778=VECTOR('',#10094,1.);
#1779=VECTOR('',#10095,1.);
#1780=VECTOR('',#10098,1.);
#1781=VECTOR('',#10099,1.);
#1782=VECTOR('',#10100,1.);
#1783=VECTOR('',#10103,1.);
#1784=VECTOR('',#10104,1.);
#1785=VECTOR('',#10105,1.);
#1786=VECTOR('',#10108,1.);
#1787=VECTOR('',#10109,1.);
#1788=VECTOR('',#10110,1.);
#1789=VECTOR('',#10113,1.);
#1790=VECTOR('',#10114,1.);
#1791=VECTOR('',#10115,1.);
#1792=VECTOR('',#10118,1.);
#1793=VECTOR('',#10119,1.);
#1794=VECTOR('',#10120,1.);
#1795=VECTOR('',#10123,1.);
#1796=VECTOR('',#10124,1.);
#1797=VECTOR('',#10125,1.);
#1798=VECTOR('',#10128,1.);
#1799=VECTOR('',#10129,1.);
#1800=VECTOR('',#10130,1.);
#1801=VECTOR('',#10133,1.);
#1802=VECTOR('',#10134,1.);
#1803=VECTOR('',#10135,1.);
#1804=VECTOR('',#10138,1.);
#1805=VECTOR('',#10139,1.);
#1806=VECTOR('',#10140,1.);
#1807=VECTOR('',#10143,1.);
#1808=VECTOR('',#10144,1.);
#1809=VECTOR('',#10145,1.);
#1810=VECTOR('',#10148,1.);
#1811=VECTOR('',#10149,1.);
#1812=VECTOR('',#10150,1.);
#1813=VECTOR('',#10153,1.);
#1814=VECTOR('',#10154,1.);
#1815=VECTOR('',#10155,1.);
#1816=VECTOR('',#10158,1.);
#1817=VECTOR('',#10159,1.);
#1818=VECTOR('',#10160,1.);
#1819=VECTOR('',#10163,1.);
#1820=VECTOR('',#10164,1.);
#1821=VECTOR('',#10165,1.);
#1822=VECTOR('',#10168,1.);
#1823=VECTOR('',#10169,1.);
#1824=VECTOR('',#10170,1.);
#1825=VECTOR('',#10173,1.);
#1826=VECTOR('',#10174,1.);
#1827=VECTOR('',#10175,1.);
#1828=VECTOR('',#10178,1.);
#1829=VECTOR('',#10179,1.);
#1830=VECTOR('',#10180,1.);
#1831=VECTOR('',#10183,1.);
#1832=VECTOR('',#10184,1.);
#1833=VECTOR('',#10185,1.);
#1834=VECTOR('',#10188,1.);
#1835=VECTOR('',#10189,1.);
#1836=VECTOR('',#10190,1.);
#1837=VECTOR('',#10193,1.);
#1838=VECTOR('',#10194,1.);
#1839=VECTOR('',#10195,1.);
#1840=VECTOR('',#10198,1.);
#1841=VECTOR('',#10199,1.);
#1842=VECTOR('',#10200,1.);
#1843=VECTOR('',#10203,1.);
#1844=VECTOR('',#10204,1.);
#1845=VECTOR('',#10205,1.);
#1846=VECTOR('',#10208,1.);
#1847=VECTOR('',#10209,1.);
#1848=VECTOR('',#10210,1.);
#1849=VECTOR('',#10213,1.);
#1850=VECTOR('',#10214,1.);
#1851=VECTOR('',#10215,1.);
#1852=VECTOR('',#10218,1.);
#1853=VECTOR('',#10219,1.);
#1854=VECTOR('',#10220,1.);
#1855=VECTOR('',#10223,1.);
#1856=VECTOR('',#10224,1.);
#1857=VECTOR('',#10225,1.);
#1858=VECTOR('',#10228,1.);
#1859=VECTOR('',#10229,1.);
#1860=VECTOR('',#10230,1.);
#1861=VECTOR('',#10233,1.);
#1862=VECTOR('',#10234,1.);
#1863=VECTOR('',#10235,1.);
#1864=VECTOR('',#10238,1.);
#1865=VECTOR('',#10239,1.);
#1866=VECTOR('',#10240,1.);
#1867=VECTOR('',#10243,1.);
#1868=VECTOR('',#10244,1.);
#1869=VECTOR('',#10245,1.);
#1870=VECTOR('',#10248,1.);
#1871=VECTOR('',#10249,1.);
#1872=VECTOR('',#10250,1.);
#1873=VECTOR('',#10253,1.);
#1874=VECTOR('',#10254,1.);
#1875=VECTOR('',#10255,1.);
#1876=VECTOR('',#10258,1.);
#1877=VECTOR('',#10259,1.);
#1878=VECTOR('',#10260,1.);
#1879=VECTOR('',#10263,1.);
#1880=VECTOR('',#10264,1.);
#1881=VECTOR('',#10265,1.);
#1882=VECTOR('',#10268,1.);
#1883=VECTOR('',#10269,1.);
#1884=VECTOR('',#10270,1.);
#1885=VECTOR('',#10273,1.);
#1886=VECTOR('',#10274,1.);
#1887=VECTOR('',#10275,1.);
#1888=VECTOR('',#10278,1.);
#1889=VECTOR('',#10279,1.);
#1890=VECTOR('',#10280,1.);
#1891=VECTOR('',#10283,1.);
#1892=VECTOR('',#10284,1.);
#1893=VECTOR('',#10285,1.);
#1894=VECTOR('',#10288,1.);
#1895=VECTOR('',#10289,1.);
#1896=VECTOR('',#10290,1.);
#1897=VECTOR('',#10293,1.);
#1898=VECTOR('',#10294,1.);
#1899=VECTOR('',#10295,1.);
#1900=VECTOR('',#10298,1.);
#1901=VECTOR('',#10299,1.);
#1902=VECTOR('',#10300,1.);
#1903=VECTOR('',#10303,1.);
#1904=VECTOR('',#10304,1.);
#1905=VECTOR('',#10305,1.);
#1906=VECTOR('',#10308,1.);
#1907=VECTOR('',#10309,1.);
#1908=VECTOR('',#10310,1.);
#1909=VECTOR('',#10313,1.);
#1910=VECTOR('',#10314,1.);
#1911=VECTOR('',#10315,1.);
#1912=VECTOR('',#10318,1.);
#1913=VECTOR('',#10319,1.);
#1914=VECTOR('',#10320,1.);
#1915=VECTOR('',#10323,1.);
#1916=VECTOR('',#10324,1.);
#1917=VECTOR('',#10325,1.);
#1918=VECTOR('',#10328,1.);
#1919=VECTOR('',#10329,1.);
#1920=VECTOR('',#10330,1.);
#1921=VECTOR('',#10333,1.);
#1922=VECTOR('',#10334,1.);
#1923=VECTOR('',#10335,1.);
#1924=VECTOR('',#10338,1.);
#1925=VECTOR('',#10339,1.);
#1926=VECTOR('',#10340,1.);
#1927=VECTOR('',#10343,1.);
#1928=VECTOR('',#10344,1.);
#1929=VECTOR('',#10345,1.);
#1930=VECTOR('',#10348,1.);
#1931=VECTOR('',#10349,1.);
#1932=VECTOR('',#10350,1.);
#1933=VECTOR('',#10353,1.);
#1934=VECTOR('',#10354,1.);
#1935=VECTOR('',#10355,1.);
#1936=VECTOR('',#10358,1.);
#1937=VECTOR('',#10359,1.);
#1938=VECTOR('',#10360,1.);
#1939=VECTOR('',#10363,1.);
#1940=VECTOR('',#10364,1.);
#1941=VECTOR('',#10365,1.);
#1942=VECTOR('',#10368,1.);
#1943=VECTOR('',#10369,1.);
#1944=VECTOR('',#10370,1.);
#1945=VECTOR('',#10373,1.);
#1946=VECTOR('',#10374,1.);
#1947=VECTOR('',#10375,1.);
#1948=VECTOR('',#10378,1.);
#1949=VECTOR('',#10379,1.);
#1950=VECTOR('',#10380,1.);
#1951=VECTOR('',#10383,1.);
#1952=VECTOR('',#10384,1.);
#1953=VECTOR('',#10385,1.);
#1954=VECTOR('',#10388,1.);
#1955=VECTOR('',#10389,1.);
#1956=VECTOR('',#10390,1.);
#1957=VECTOR('',#10393,1.);
#1958=VECTOR('',#10394,1.);
#1959=VECTOR('',#10395,1.);
#1960=VECTOR('',#10396,1.);
#1961=VECTOR('',#10399,1.);
#1962=VECTOR('',#10400,1.);
#1963=VECTOR('',#10401,1.);
#1964=VECTOR('',#10404,1.);
#1965=VECTOR('',#10405,1.);
#1966=VECTOR('',#10406,1.);
#1967=VECTOR('',#10409,1.);
#1968=VECTOR('',#10410,1.);
#1969=VECTOR('',#10411,1.);
#1970=VECTOR('',#10414,1.);
#1971=VECTOR('',#10415,1.);
#1972=VECTOR('',#10416,1.);
#1973=VECTOR('',#10419,1.);
#1974=VECTOR('',#10420,1.);
#1975=VECTOR('',#10421,1.);
#1976=VECTOR('',#10424,1.);
#1977=VECTOR('',#10425,1.);
#1978=VECTOR('',#10426,1.);
#1979=VECTOR('',#10429,1.);
#1980=VECTOR('',#10430,1.);
#1981=VECTOR('',#10431,1.);
#1982=VECTOR('',#10434,1.);
#1983=VECTOR('',#10435,1.);
#1984=VECTOR('',#10436,1.);
#1985=VECTOR('',#10439,1.);
#1986=VECTOR('',#10440,1.);
#1987=VECTOR('',#10441,1.);
#1988=VECTOR('',#10444,1.);
#1989=VECTOR('',#10445,1.);
#1990=VECTOR('',#10446,1.);
#1991=VECTOR('',#10449,1.);
#1992=VECTOR('',#10450,1.);
#1993=VECTOR('',#10451,1.);
#1994=VECTOR('',#10454,1.);
#1995=VECTOR('',#10455,1.);
#1996=VECTOR('',#10456,1.);
#1997=VECTOR('',#10459,1.);
#1998=VECTOR('',#10460,1.);
#1999=VECTOR('',#10461,1.);
#2000=VECTOR('',#10464,1.);
#2001=VECTOR('',#10465,1.);
#2002=VECTOR('',#10466,1.);
#2003=VECTOR('',#10469,1.);
#2004=VECTOR('',#10470,1.);
#2005=VECTOR('',#10471,1.);
#2006=VECTOR('',#10474,1.);
#2007=VECTOR('',#10475,1.);
#2008=VECTOR('',#10476,1.);
#2009=VECTOR('',#10479,1.);
#2010=VECTOR('',#10480,1.);
#2011=VECTOR('',#10481,1.);
#2012=VECTOR('',#10484,1.);
#2013=VECTOR('',#10485,1.);
#2014=VECTOR('',#10486,1.);
#2015=VECTOR('',#10489,1.);
#2016=VECTOR('',#10490,1.);
#2017=VECTOR('',#10491,1.);
#2018=VECTOR('',#10494,1.);
#2019=VECTOR('',#10495,1.);
#2020=VECTOR('',#10496,1.);
#2021=VECTOR('',#10499,1.);
#2022=VECTOR('',#10500,1.);
#2023=VECTOR('',#10501,1.);
#2024=VECTOR('',#10504,1.);
#2025=VECTOR('',#10505,1.);
#2026=VECTOR('',#10506,1.);
#2027=VECTOR('',#10509,1.);
#2028=VECTOR('',#10510,1.);
#2029=VECTOR('',#10511,1.);
#2030=VECTOR('',#10514,1.);
#2031=VECTOR('',#10515,1.);
#2032=VECTOR('',#10516,1.);
#2033=VECTOR('',#10519,1.);
#2034=VECTOR('',#10520,1.);
#2035=VECTOR('',#10521,1.);
#2036=VECTOR('',#10524,1.);
#2037=VECTOR('',#10525,1.);
#2038=VECTOR('',#10526,1.);
#2039=VECTOR('',#10529,1.);
#2040=VECTOR('',#10530,1.);
#2041=VECTOR('',#10531,1.);
#2042=VECTOR('',#10534,1.);
#2043=VECTOR('',#10535,1.);
#2044=VECTOR('',#10536,1.);
#2045=VECTOR('',#10539,1.);
#2046=VECTOR('',#10540,1.);
#2047=VECTOR('',#10541,1.);
#2048=VECTOR('',#10544,1.);
#2049=VECTOR('',#10545,1.);
#2050=VECTOR('',#10546,1.);
#2051=VECTOR('',#10549,1.);
#2052=VECTOR('',#10550,1.);
#2053=VECTOR('',#10551,1.);
#2054=VECTOR('',#10554,1.);
#2055=VECTOR('',#10555,1.);
#2056=VECTOR('',#10556,1.);
#2057=VECTOR('',#10559,1.);
#2058=VECTOR('',#10560,1.);
#2059=VECTOR('',#10561,1.);
#2060=VECTOR('',#10564,1.);
#2061=VECTOR('',#10565,1.);
#2062=VECTOR('',#10566,1.);
#2063=VECTOR('',#10569,1.);
#2064=VECTOR('',#10570,1.);
#2065=VECTOR('',#10571,1.);
#2066=VECTOR('',#10574,1.);
#2067=VECTOR('',#10575,1.);
#2068=VECTOR('',#10576,1.);
#2069=VECTOR('',#10579,1.);
#2070=VECTOR('',#10580,1.);
#2071=VECTOR('',#10581,1.);
#2072=VECTOR('',#10584,1.);
#2073=VECTOR('',#10585,1.);
#2074=VECTOR('',#10586,1.);
#2075=VECTOR('',#10589,1.);
#2076=VECTOR('',#10590,1.);
#2077=VECTOR('',#10591,1.);
#2078=VECTOR('',#10594,1.);
#2079=VECTOR('',#10595,1.);
#2080=VECTOR('',#10596,1.);
#2081=VECTOR('',#10599,1.);
#2082=VECTOR('',#10600,1.);
#2083=VECTOR('',#10601,1.);
#2084=VECTOR('',#10604,1.);
#2085=VECTOR('',#10605,1.);
#2086=VECTOR('',#10606,1.);
#2087=VECTOR('',#10609,1.);
#2088=VECTOR('',#10610,1.);
#2089=VECTOR('',#10611,1.);
#2090=VECTOR('',#10614,1.);
#2091=VECTOR('',#10615,1.);
#2092=VECTOR('',#10616,1.);
#2093=VECTOR('',#10619,1.);
#2094=VECTOR('',#10620,1.);
#2095=VECTOR('',#10621,1.);
#2096=VECTOR('',#10624,1.);
#2097=VECTOR('',#10625,1.);
#2098=VECTOR('',#10626,1.);
#2099=VECTOR('',#10629,1.);
#2100=VECTOR('',#10630,1.);
#2101=VECTOR('',#10631,1.);
#2102=VECTOR('',#10634,1.);
#2103=VECTOR('',#10635,1.);
#2104=VECTOR('',#10636,1.);
#2105=VECTOR('',#10639,1.);
#2106=VECTOR('',#10640,1.);
#2107=VECTOR('',#10641,1.);
#2108=VECTOR('',#10644,1.);
#2109=VECTOR('',#10645,1.);
#2110=VECTOR('',#10646,1.);
#2111=VECTOR('',#10649,1.);
#2112=VECTOR('',#10650,1.);
#2113=VECTOR('',#10651,1.);
#2114=VECTOR('',#10654,1.);
#2115=VECTOR('',#10655,1.);
#2116=VECTOR('',#10656,1.);
#2117=VECTOR('',#10659,1.);
#2118=VECTOR('',#10660,1.);
#2119=VECTOR('',#10661,1.);
#2120=VECTOR('',#10664,1.);
#2121=VECTOR('',#10665,1.);
#2122=VECTOR('',#10666,1.);
#2123=VECTOR('',#10669,1.);
#2124=VECTOR('',#10670,1.);
#2125=VECTOR('',#10671,1.);
#2126=VECTOR('',#10674,1.);
#2127=VECTOR('',#10675,1.);
#2128=VECTOR('',#10676,1.);
#2129=VECTOR('',#10679,1.);
#2130=VECTOR('',#10680,1.);
#2131=VECTOR('',#10681,1.);
#2132=VECTOR('',#10684,1.);
#2133=VECTOR('',#10685,1.);
#2134=VECTOR('',#10686,1.);
#2135=VECTOR('',#10689,1.);
#2136=VECTOR('',#10690,1.);
#2137=VECTOR('',#10691,1.);
#2138=VECTOR('',#10694,1.);
#2139=VECTOR('',#10695,1.);
#2140=VECTOR('',#10696,1.);
#2141=VECTOR('',#10699,1.);
#2142=VECTOR('',#10700,1.);
#2143=VECTOR('',#10701,1.);
#2144=VECTOR('',#10704,1.);
#2145=VECTOR('',#10705,1.);
#2146=VECTOR('',#10706,1.);
#2147=VECTOR('',#10709,1.);
#2148=VECTOR('',#10710,1.);
#2149=VECTOR('',#10711,1.);
#2150=VECTOR('',#10712,1.);
#2151=VECTOR('',#10715,1.);
#2152=VECTOR('',#10716,1.);
#2153=VECTOR('',#10717,1.);
#2154=VECTOR('',#10720,1.);
#2155=VECTOR('',#10721,1.);
#2156=VECTOR('',#10722,1.);
#2157=VECTOR('',#10725,1.);
#2158=VECTOR('',#10726,1.);
#2159=VECTOR('',#10727,1.);
#2160=VECTOR('',#10730,1.);
#2161=VECTOR('',#10731,1.);
#2162=VECTOR('',#10732,1.);
#2163=VECTOR('',#10735,1.);
#2164=VECTOR('',#10736,1.);
#2165=VECTOR('',#10737,1.);
#2166=VECTOR('',#10740,1.);
#2167=VECTOR('',#10741,1.);
#2168=VECTOR('',#10742,1.);
#2169=VECTOR('',#10745,1.);
#2170=VECTOR('',#10746,1.);
#2171=VECTOR('',#10747,1.);
#2172=VECTOR('',#10750,1.);
#2173=VECTOR('',#10751,1.);
#2174=VECTOR('',#10752,1.);
#2175=VECTOR('',#10755,1.);
#2176=VECTOR('',#10756,1.);
#2177=VECTOR('',#10757,1.);
#2178=VECTOR('',#10760,1.);
#2179=VECTOR('',#10761,1.);
#2180=VECTOR('',#10762,1.);
#2181=VECTOR('',#10765,1.);
#2182=VECTOR('',#10766,1.);
#2183=VECTOR('',#10767,1.);
#2184=VECTOR('',#10770,1.);
#2185=VECTOR('',#10771,1.);
#2186=VECTOR('',#10772,1.);
#2187=VECTOR('',#10775,1.);
#2188=VECTOR('',#10776,1.);
#2189=VECTOR('',#10777,1.);
#2190=VECTOR('',#10780,1.);
#2191=VECTOR('',#10781,1.);
#2192=VECTOR('',#10782,1.);
#2193=VECTOR('',#10785,1.);
#2194=VECTOR('',#10786,1.);
#2195=VECTOR('',#10787,1.);
#2196=VECTOR('',#10790,1.);
#2197=VECTOR('',#10791,1.);
#2198=VECTOR('',#10792,1.);
#2199=VECTOR('',#10795,1.);
#2200=VECTOR('',#10796,1.);
#2201=VECTOR('',#10797,1.);
#2202=VECTOR('',#10800,1.);
#2203=VECTOR('',#10801,1.);
#2204=VECTOR('',#10802,1.);
#2205=VECTOR('',#10805,1.);
#2206=VECTOR('',#10806,1.);
#2207=VECTOR('',#10807,1.);
#2208=VECTOR('',#10810,1.);
#2209=VECTOR('',#10811,1.);
#2210=VECTOR('',#10812,1.);
#2211=VECTOR('',#10815,1.);
#2212=VECTOR('',#10816,1.);
#2213=VECTOR('',#10817,1.);
#2214=VECTOR('',#10820,1.);
#2215=VECTOR('',#10821,1.);
#2216=VECTOR('',#10822,1.);
#2217=VECTOR('',#10825,1.);
#2218=VECTOR('',#10826,1.);
#2219=VECTOR('',#10827,1.);
#2220=VECTOR('',#10830,1.);
#2221=VECTOR('',#10831,1.);
#2222=VECTOR('',#10832,1.);
#2223=VECTOR('',#10835,1.);
#2224=VECTOR('',#10836,1.);
#2225=VECTOR('',#10837,1.);
#2226=VECTOR('',#10840,1.);
#2227=VECTOR('',#10841,1.);
#2228=VECTOR('',#10842,1.);
#2229=VECTOR('',#10845,1.);
#2230=VECTOR('',#10846,1.);
#2231=VECTOR('',#10847,1.);
#2232=VECTOR('',#10850,1.);
#2233=VECTOR('',#10851,1.);
#2234=VECTOR('',#10852,1.);
#2235=VECTOR('',#10855,1.);
#2236=VECTOR('',#10856,1.);
#2237=VECTOR('',#10857,1.);
#2238=VECTOR('',#10860,1.);
#2239=VECTOR('',#10861,1.);
#2240=VECTOR('',#10862,1.);
#2241=VECTOR('',#10865,1.);
#2242=VECTOR('',#10866,1.);
#2243=VECTOR('',#10867,1.);
#2244=VECTOR('',#10870,1.);
#2245=VECTOR('',#10871,1.);
#2246=VECTOR('',#10872,1.);
#2247=VECTOR('',#10875,1.);
#2248=VECTOR('',#10876,1.);
#2249=VECTOR('',#10877,1.);
#2250=VECTOR('',#10880,1.);
#2251=VECTOR('',#10881,1.);
#2252=VECTOR('',#10882,1.);
#2253=VECTOR('',#10885,1.);
#2254=VECTOR('',#10886,1.);
#2255=VECTOR('',#10887,1.);
#2256=VECTOR('',#10890,1.);
#2257=VECTOR('',#10891,1.);
#2258=VECTOR('',#10892,1.);
#2259=VECTOR('',#10895,1.);
#2260=VECTOR('',#10896,1.);
#2261=VECTOR('',#10897,1.);
#2262=VECTOR('',#10900,1.);
#2263=VECTOR('',#10901,1.);
#2264=VECTOR('',#10902,1.);
#2265=VECTOR('',#10905,1.);
#2266=VECTOR('',#10906,1.);
#2267=VECTOR('',#10907,1.);
#2268=VECTOR('',#10910,1.);
#2269=VECTOR('',#10911,1.);
#2270=VECTOR('',#10912,1.);
#2271=VECTOR('',#10915,1.);
#2272=VECTOR('',#10916,1.);
#2273=VECTOR('',#10917,1.);
#2274=VECTOR('',#10920,1.);
#2275=VECTOR('',#10921,1.);
#2276=VECTOR('',#10922,1.);
#2277=VECTOR('',#10925,1.);
#2278=VECTOR('',#10926,1.);
#2279=VECTOR('',#10927,1.);
#2280=VECTOR('',#10930,1.);
#2281=VECTOR('',#10931,1.);
#2282=VECTOR('',#10932,1.);
#2283=VECTOR('',#10935,1.);
#2284=VECTOR('',#10936,1.);
#2285=VECTOR('',#10937,1.);
#2286=VECTOR('',#10940,1.);
#2287=VECTOR('',#10941,1.);
#2288=VECTOR('',#10942,1.);
#2289=VECTOR('',#10945,1.);
#2290=VECTOR('',#10946,1.);
#2291=VECTOR('',#10947,1.);
#2292=VECTOR('',#10950,1.);
#2293=VECTOR('',#10951,1.);
#2294=VECTOR('',#10952,1.);
#2295=VECTOR('',#10955,1.);
#2296=VECTOR('',#10956,1.);
#2297=VECTOR('',#10957,1.);
#2298=VECTOR('',#10960,1.);
#2299=VECTOR('',#10961,1.);
#2300=VECTOR('',#10962,1.);
#2301=VECTOR('',#10965,1.);
#2302=VECTOR('',#10966,1.);
#2303=VECTOR('',#10967,1.);
#2304=VECTOR('',#10970,1.);
#2305=VECTOR('',#10971,1.);
#2306=VECTOR('',#10972,1.);
#2307=VECTOR('',#10975,1.);
#2308=VECTOR('',#10976,1.);
#2309=VECTOR('',#10977,1.);
#2310=VECTOR('',#10980,1.);
#2311=VECTOR('',#10981,1.);
#2312=VECTOR('',#10982,1.);
#2313=VECTOR('',#10985,1.);
#2314=VECTOR('',#10986,1.);
#2315=VECTOR('',#10987,1.);
#2316=VECTOR('',#10990,1.);
#2317=VECTOR('',#10991,1.);
#2318=VECTOR('',#10992,1.);
#2319=VECTOR('',#10995,1.);
#2320=VECTOR('',#10996,1.);
#2321=VECTOR('',#10997,1.);
#2322=VECTOR('',#11000,1.);
#2323=VECTOR('',#11001,1.);
#2324=VECTOR('',#11002,1.);
#2325=VECTOR('',#11005,1.);
#2326=VECTOR('',#11006,1.);
#2327=VECTOR('',#11007,1.);
#2328=VECTOR('',#11010,1.);
#2329=VECTOR('',#11011,1.);
#2330=VECTOR('',#11012,1.);
#2331=VECTOR('',#11015,1.);
#2332=VECTOR('',#11016,1.);
#2333=VECTOR('',#11017,1.);
#2334=VECTOR('',#11020,1.);
#2335=VECTOR('',#11021,1.);
#2336=VECTOR('',#11022,1.);
#2337=VECTOR('',#11025,1.);
#2338=VECTOR('',#11026,1.);
#2339=VECTOR('',#11029,1.);
#2340=VECTOR('',#11030,1.);
#2341=VECTOR('',#11033,1.);
#2342=VECTOR('',#11034,1.);
#2343=VECTOR('',#11037,1.);
#2344=ORIENTED_EDGE('',*,*,#4732,.F.);
#2345=ORIENTED_EDGE('',*,*,#4733,.F.);
#2346=ORIENTED_EDGE('',*,*,#4734,.F.);
#2347=ORIENTED_EDGE('',*,*,#4735,.F.);
#2348=ORIENTED_EDGE('',*,*,#4736,.T.);
#2349=ORIENTED_EDGE('',*,*,#4737,.T.);
#2350=ORIENTED_EDGE('',*,*,#4738,.T.);
#2351=ORIENTED_EDGE('',*,*,#4739,.F.);
#2352=ORIENTED_EDGE('',*,*,#4740,.F.);
#2353=ORIENTED_EDGE('',*,*,#4741,.T.);
#2354=ORIENTED_EDGE('',*,*,#4742,.T.);
#2355=ORIENTED_EDGE('',*,*,#4743,.T.);
#2356=ORIENTED_EDGE('',*,*,#4744,.F.);
#2357=ORIENTED_EDGE('',*,*,#4745,.F.);
#2358=ORIENTED_EDGE('',*,*,#4746,.T.);
#2359=ORIENTED_EDGE('',*,*,#4747,.T.);
#2360=ORIENTED_EDGE('',*,*,#4748,.T.);
#2361=ORIENTED_EDGE('',*,*,#4749,.T.);
#2362=ORIENTED_EDGE('',*,*,#4750,.T.);
#2363=ORIENTED_EDGE('',*,*,#4751,.T.);
#2364=ORIENTED_EDGE('',*,*,#4752,.T.);
#2365=ORIENTED_EDGE('',*,*,#4753,.T.);
#2366=ORIENTED_EDGE('',*,*,#4754,.T.);
#2367=ORIENTED_EDGE('',*,*,#4755,.T.);
#2368=ORIENTED_EDGE('',*,*,#4746,.F.);
#2369=ORIENTED_EDGE('',*,*,#4756,.F.);
#2370=ORIENTED_EDGE('',*,*,#4757,.T.);
#2371=ORIENTED_EDGE('',*,*,#4758,.T.);
#2372=ORIENTED_EDGE('',*,*,#4759,.F.);
#2373=ORIENTED_EDGE('',*,*,#4760,.F.);
#2374=ORIENTED_EDGE('',*,*,#4761,.F.);
#2375=ORIENTED_EDGE('',*,*,#4762,.F.);
#2376=ORIENTED_EDGE('',*,*,#4763,.T.);
#2377=ORIENTED_EDGE('',*,*,#4744,.T.);
#2378=ORIENTED_EDGE('',*,*,#4761,.T.);
#2379=ORIENTED_EDGE('',*,*,#4764,.T.);
#2380=ORIENTED_EDGE('',*,*,#4758,.F.);
#2381=ORIENTED_EDGE('',*,*,#4765,.T.);
#2382=ORIENTED_EDGE('',*,*,#4766,.F.);
#2383=ORIENTED_EDGE('',*,*,#4767,.T.);
#2384=ORIENTED_EDGE('',*,*,#4768,.F.);
#2385=ORIENTED_EDGE('',*,*,#4769,.T.);
#2386=ORIENTED_EDGE('',*,*,#4770,.F.);
#2387=ORIENTED_EDGE('',*,*,#4771,.F.);
#2388=ORIENTED_EDGE('',*,*,#4772,.F.);
#2389=ORIENTED_EDGE('',*,*,#4773,.F.);
#2390=ORIENTED_EDGE('',*,*,#4774,.T.);
#2391=ORIENTED_EDGE('',*,*,#4775,.T.);
#2392=ORIENTED_EDGE('',*,*,#4736,.F.);
#2393=ORIENTED_EDGE('',*,*,#4776,.T.);
#2394=ORIENTED_EDGE('',*,*,#4777,.F.);
#2395=ORIENTED_EDGE('',*,*,#4778,.T.);
#2396=ORIENTED_EDGE('',*,*,#4779,.F.);
#2397=ORIENTED_EDGE('',*,*,#4780,.T.);
#2398=ORIENTED_EDGE('',*,*,#4781,.F.);
#2399=ORIENTED_EDGE('',*,*,#4782,.F.);
#2400=ORIENTED_EDGE('',*,*,#4783,.F.);
#2401=ORIENTED_EDGE('',*,*,#4784,.F.);
#2402=ORIENTED_EDGE('',*,*,#4785,.F.);
#2403=ORIENTED_EDGE('',*,*,#4786,.T.);
#2404=ORIENTED_EDGE('',*,*,#4787,.F.);
#2405=ORIENTED_EDGE('',*,*,#4788,.T.);
#2406=ORIENTED_EDGE('',*,*,#4789,.F.);
#2407=ORIENTED_EDGE('',*,*,#4790,.F.);
#2408=ORIENTED_EDGE('',*,*,#4791,.F.);
#2409=ORIENTED_EDGE('',*,*,#4792,.F.);
#2410=ORIENTED_EDGE('',*,*,#4793,.F.);
#2411=ORIENTED_EDGE('',*,*,#4794,.T.);
#2412=ORIENTED_EDGE('',*,*,#4795,.T.);
#2413=ORIENTED_EDGE('',*,*,#4796,.T.);
#2414=ORIENTED_EDGE('',*,*,#4797,.T.);
#2415=ORIENTED_EDGE('',*,*,#4798,.T.);
#2416=ORIENTED_EDGE('',*,*,#4799,.F.);
#2417=ORIENTED_EDGE('',*,*,#4800,.T.);
#2418=ORIENTED_EDGE('',*,*,#4745,.T.);
#2419=ORIENTED_EDGE('',*,*,#4763,.F.);
#2420=ORIENTED_EDGE('',*,*,#4801,.F.);
#2421=ORIENTED_EDGE('',*,*,#4756,.T.);
#2422=ORIENTED_EDGE('',*,*,#4802,.F.);
#2423=ORIENTED_EDGE('',*,*,#4803,.T.);
#2424=ORIENTED_EDGE('',*,*,#4804,.T.);
#2425=ORIENTED_EDGE('',*,*,#4805,.T.);
#2426=ORIENTED_EDGE('',*,*,#4806,.T.);
#2427=ORIENTED_EDGE('',*,*,#4807,.T.);
#2428=ORIENTED_EDGE('',*,*,#4808,.F.);
#2429=ORIENTED_EDGE('',*,*,#4809,.T.);
#2430=ORIENTED_EDGE('',*,*,#4810,.F.);
#2431=ORIENTED_EDGE('',*,*,#4811,.T.);
#2432=ORIENTED_EDGE('',*,*,#4812,.T.);
#2433=ORIENTED_EDGE('',*,*,#4813,.T.);
#2434=ORIENTED_EDGE('',*,*,#4814,.T.);
#2435=ORIENTED_EDGE('',*,*,#4815,.T.);
#2436=ORIENTED_EDGE('',*,*,#4816,.F.);
#2437=ORIENTED_EDGE('',*,*,#4817,.T.);
#2438=ORIENTED_EDGE('',*,*,#4818,.T.);
#2439=ORIENTED_EDGE('',*,*,#4819,.F.);
#2440=ORIENTED_EDGE('',*,*,#4820,.F.);
#2441=ORIENTED_EDGE('',*,*,#4821,.T.);
#2442=ORIENTED_EDGE('',*,*,#4822,.T.);
#2443=ORIENTED_EDGE('',*,*,#4823,.F.);
#2444=ORIENTED_EDGE('',*,*,#4824,.F.);
#2445=ORIENTED_EDGE('',*,*,#4820,.T.);
#2446=ORIENTED_EDGE('',*,*,#4825,.T.);
#2447=ORIENTED_EDGE('',*,*,#4826,.F.);
#2448=ORIENTED_EDGE('',*,*,#4827,.F.);
#2449=ORIENTED_EDGE('',*,*,#4823,.T.);
#2450=ORIENTED_EDGE('',*,*,#4826,.T.);
#2451=ORIENTED_EDGE('',*,*,#4828,.F.);
#2452=ORIENTED_EDGE('',*,*,#4818,.F.);
#2453=ORIENTED_EDGE('',*,*,#4829,.T.);
#2454=ORIENTED_EDGE('',*,*,#4830,.T.);
#2455=ORIENTED_EDGE('',*,*,#4831,.T.);
#2456=ORIENTED_EDGE('',*,*,#4832,.T.);
#2457=ORIENTED_EDGE('',*,*,#4833,.T.);
#2458=ORIENTED_EDGE('',*,*,#4821,.F.);
#2459=ORIENTED_EDGE('',*,*,#4824,.T.);
#2460=ORIENTED_EDGE('',*,*,#4827,.T.);
#2461=ORIENTED_EDGE('',*,*,#4829,.F.);
#2462=ORIENTED_EDGE('',*,*,#4834,.T.);
#2463=ORIENTED_EDGE('',*,*,#4835,.T.);
#2464=ORIENTED_EDGE('',*,*,#4836,.T.);
#2465=ORIENTED_EDGE('',*,*,#4740,.T.);
#2466=ORIENTED_EDGE('',*,*,#4738,.F.);
#2467=ORIENTED_EDGE('',*,*,#4837,.T.);
#2468=ORIENTED_EDGE('',*,*,#4838,.T.);
#2469=ORIENTED_EDGE('',*,*,#4839,.F.);
#2470=ORIENTED_EDGE('',*,*,#4839,.T.);
#2471=ORIENTED_EDGE('',*,*,#4840,.T.);
#2472=ORIENTED_EDGE('',*,*,#4830,.F.);
#2473=ORIENTED_EDGE('',*,*,#4841,.T.);
#2474=ORIENTED_EDGE('',*,*,#4834,.F.);
#2475=ORIENTED_EDGE('',*,*,#4739,.T.);
#2476=ORIENTED_EDGE('',*,*,#4757,.F.);
#2477=ORIENTED_EDGE('',*,*,#4801,.T.);
#2478=ORIENTED_EDGE('',*,*,#4762,.T.);
#2479=ORIENTED_EDGE('',*,*,#4765,.F.);
#2480=ORIENTED_EDGE('',*,*,#4822,.F.);
#2481=ORIENTED_EDGE('',*,*,#4819,.T.);
#2482=ORIENTED_EDGE('',*,*,#4828,.T.);
#2483=ORIENTED_EDGE('',*,*,#4825,.F.);
#2484=ORIENTED_EDGE('',*,*,#4841,.F.);
#2485=ORIENTED_EDGE('',*,*,#4833,.F.);
#2486=ORIENTED_EDGE('',*,*,#4842,.F.);
#2487=ORIENTED_EDGE('',*,*,#4835,.F.);
#2488=ORIENTED_EDGE('',*,*,#4741,.F.);
#2489=ORIENTED_EDGE('',*,*,#4836,.F.);
#2490=ORIENTED_EDGE('',*,*,#4843,.F.);
#2491=ORIENTED_EDGE('',*,*,#4776,.F.);
#2492=ORIENTED_EDGE('',*,*,#4843,.T.);
#2493=ORIENTED_EDGE('',*,*,#4842,.T.);
#2494=ORIENTED_EDGE('',*,*,#4844,.F.);
#2495=ORIENTED_EDGE('',*,*,#4840,.F.);
#2496=ORIENTED_EDGE('',*,*,#4838,.F.);
#2497=ORIENTED_EDGE('',*,*,#4845,.F.);
#2498=ORIENTED_EDGE('',*,*,#4831,.F.);
#2499=ORIENTED_EDGE('',*,*,#4844,.T.);
#2500=ORIENTED_EDGE('',*,*,#4832,.F.);
#2501=ORIENTED_EDGE('',*,*,#4846,.F.);
#2502=ORIENTED_EDGE('',*,*,#4774,.F.);
#2503=ORIENTED_EDGE('',*,*,#4846,.T.);
#2504=ORIENTED_EDGE('',*,*,#4845,.T.);
#2505=ORIENTED_EDGE('',*,*,#4847,.F.);
#2506=ORIENTED_EDGE('',*,*,#4737,.F.);
#2507=ORIENTED_EDGE('',*,*,#4775,.F.);
#2508=ORIENTED_EDGE('',*,*,#4847,.T.);
#2509=ORIENTED_EDGE('',*,*,#4837,.F.);
#2510=ORIENTED_EDGE('',*,*,#4802,.T.);
#2511=ORIENTED_EDGE('',*,*,#4848,.T.);
#2512=ORIENTED_EDGE('',*,*,#4778,.F.);
#2513=ORIENTED_EDGE('',*,*,#4849,.F.);
#2514=ORIENTED_EDGE('',*,*,#4849,.T.);
#2515=ORIENTED_EDGE('',*,*,#4777,.T.);
#2516=ORIENTED_EDGE('',*,*,#4850,.F.);
#2517=ORIENTED_EDGE('',*,*,#4803,.F.);
#2518=ORIENTED_EDGE('',*,*,#4850,.T.);
#2519=ORIENTED_EDGE('',*,*,#4784,.T.);
#2520=ORIENTED_EDGE('',*,*,#4851,.F.);
#2521=ORIENTED_EDGE('',*,*,#4804,.F.);
#2522=ORIENTED_EDGE('',*,*,#4851,.T.);
#2523=ORIENTED_EDGE('',*,*,#4783,.T.);
#2524=ORIENTED_EDGE('',*,*,#4852,.F.);
#2525=ORIENTED_EDGE('',*,*,#4805,.F.);
#2526=ORIENTED_EDGE('',*,*,#4852,.T.);
#2527=ORIENTED_EDGE('',*,*,#4782,.T.);
#2528=ORIENTED_EDGE('',*,*,#4853,.F.);
#2529=ORIENTED_EDGE('',*,*,#4806,.F.);
#2530=ORIENTED_EDGE('',*,*,#4853,.T.);
#2531=ORIENTED_EDGE('',*,*,#4781,.T.);
#2532=ORIENTED_EDGE('',*,*,#4854,.F.);
#2533=ORIENTED_EDGE('',*,*,#4807,.F.);
#2534=ORIENTED_EDGE('',*,*,#4808,.T.);
#2535=ORIENTED_EDGE('',*,*,#4854,.T.);
#2536=ORIENTED_EDGE('',*,*,#4780,.F.);
#2537=ORIENTED_EDGE('',*,*,#4855,.F.);
#2538=ORIENTED_EDGE('',*,*,#4855,.T.);
#2539=ORIENTED_EDGE('',*,*,#4779,.T.);
#2540=ORIENTED_EDGE('',*,*,#4848,.F.);
#2541=ORIENTED_EDGE('',*,*,#4809,.F.);
#2542=ORIENTED_EDGE('',*,*,#4793,.T.);
#2543=ORIENTED_EDGE('',*,*,#4856,.T.);
#2544=ORIENTED_EDGE('',*,*,#4767,.F.);
#2545=ORIENTED_EDGE('',*,*,#4857,.F.);
#2546=ORIENTED_EDGE('',*,*,#4857,.T.);
#2547=ORIENTED_EDGE('',*,*,#4766,.T.);
#2548=ORIENTED_EDGE('',*,*,#4858,.F.);
#2549=ORIENTED_EDGE('',*,*,#4794,.F.);
#2550=ORIENTED_EDGE('',*,*,#4858,.T.);
#2551=ORIENTED_EDGE('',*,*,#4773,.T.);
#2552=ORIENTED_EDGE('',*,*,#4859,.F.);
#2553=ORIENTED_EDGE('',*,*,#4795,.F.);
#2554=ORIENTED_EDGE('',*,*,#4859,.T.);
#2555=ORIENTED_EDGE('',*,*,#4772,.T.);
#2556=ORIENTED_EDGE('',*,*,#4860,.F.);
#2557=ORIENTED_EDGE('',*,*,#4796,.F.);
#2558=ORIENTED_EDGE('',*,*,#4860,.T.);
#2559=ORIENTED_EDGE('',*,*,#4771,.T.);
#2560=ORIENTED_EDGE('',*,*,#4861,.F.);
#2561=ORIENTED_EDGE('',*,*,#4797,.F.);
#2562=ORIENTED_EDGE('',*,*,#4861,.T.);
#2563=ORIENTED_EDGE('',*,*,#4770,.T.);
#2564=ORIENTED_EDGE('',*,*,#4862,.F.);
#2565=ORIENTED_EDGE('',*,*,#4798,.F.);
#2566=ORIENTED_EDGE('',*,*,#4799,.T.);
#2567=ORIENTED_EDGE('',*,*,#4862,.T.);
#2568=ORIENTED_EDGE('',*,*,#4769,.F.);
#2569=ORIENTED_EDGE('',*,*,#4863,.F.);
#2570=ORIENTED_EDGE('',*,*,#4863,.T.);
#2571=ORIENTED_EDGE('',*,*,#4768,.T.);
#2572=ORIENTED_EDGE('',*,*,#4856,.F.);
#2573=ORIENTED_EDGE('',*,*,#4800,.F.);
#2574=ORIENTED_EDGE('',*,*,#4810,.T.);
#2575=ORIENTED_EDGE('',*,*,#4864,.T.);
#2576=ORIENTED_EDGE('',*,*,#4786,.F.);
#2577=ORIENTED_EDGE('',*,*,#4865,.F.);
#2578=ORIENTED_EDGE('',*,*,#4865,.T.);
#2579=ORIENTED_EDGE('',*,*,#4785,.T.);
#2580=ORIENTED_EDGE('',*,*,#4866,.F.);
#2581=ORIENTED_EDGE('',*,*,#4811,.F.);
#2582=ORIENTED_EDGE('',*,*,#4866,.T.);
#2583=ORIENTED_EDGE('',*,*,#4792,.T.);
#2584=ORIENTED_EDGE('',*,*,#4867,.F.);
#2585=ORIENTED_EDGE('',*,*,#4812,.F.);
#2586=ORIENTED_EDGE('',*,*,#4867,.T.);
#2587=ORIENTED_EDGE('',*,*,#4791,.T.);
#2588=ORIENTED_EDGE('',*,*,#4868,.F.);
#2589=ORIENTED_EDGE('',*,*,#4813,.F.);
#2590=ORIENTED_EDGE('',*,*,#4868,.T.);
#2591=ORIENTED_EDGE('',*,*,#4790,.T.);
#2592=ORIENTED_EDGE('',*,*,#4869,.F.);
#2593=ORIENTED_EDGE('',*,*,#4814,.F.);
#2594=ORIENTED_EDGE('',*,*,#4869,.T.);
#2595=ORIENTED_EDGE('',*,*,#4789,.T.);
#2596=ORIENTED_EDGE('',*,*,#4870,.F.);
#2597=ORIENTED_EDGE('',*,*,#4815,.F.);
#2598=ORIENTED_EDGE('',*,*,#4816,.T.);
#2599=ORIENTED_EDGE('',*,*,#4870,.T.);
#2600=ORIENTED_EDGE('',*,*,#4788,.F.);
#2601=ORIENTED_EDGE('',*,*,#4871,.F.);
#2602=ORIENTED_EDGE('',*,*,#4871,.T.);
#2603=ORIENTED_EDGE('',*,*,#4787,.T.);
#2604=ORIENTED_EDGE('',*,*,#4864,.F.);
#2605=ORIENTED_EDGE('',*,*,#4817,.F.);
#2606=ORIENTED_EDGE('',*,*,#4760,.T.);
#2607=ORIENTED_EDGE('',*,*,#4872,.T.);
#2608=ORIENTED_EDGE('',*,*,#4873,.T.);
#2609=ORIENTED_EDGE('',*,*,#4874,.T.);
#2610=ORIENTED_EDGE('',*,*,#4875,.T.);
#2611=ORIENTED_EDGE('',*,*,#4876,.T.);
#2612=ORIENTED_EDGE('',*,*,#4877,.T.);
#2613=ORIENTED_EDGE('',*,*,#4878,.T.);
#2614=ORIENTED_EDGE('',*,*,#4879,.T.);
#2615=ORIENTED_EDGE('',*,*,#4880,.T.);
#2616=ORIENTED_EDGE('',*,*,#4754,.F.);
#2617=ORIENTED_EDGE('',*,*,#4764,.F.);
#2618=ORIENTED_EDGE('',*,*,#4881,.T.);
#2619=ORIENTED_EDGE('',*,*,#4872,.F.);
#2620=ORIENTED_EDGE('',*,*,#4759,.T.);
#2621=ORIENTED_EDGE('',*,*,#4743,.F.);
#2622=ORIENTED_EDGE('',*,*,#4882,.T.);
#2623=ORIENTED_EDGE('',*,*,#4873,.F.);
#2624=ORIENTED_EDGE('',*,*,#4881,.F.);
#2625=ORIENTED_EDGE('',*,*,#4742,.F.);
#2626=ORIENTED_EDGE('',*,*,#4883,.T.);
#2627=ORIENTED_EDGE('',*,*,#4874,.F.);
#2628=ORIENTED_EDGE('',*,*,#4882,.F.);
#2629=ORIENTED_EDGE('',*,*,#4753,.F.);
#2630=ORIENTED_EDGE('',*,*,#4884,.T.);
#2631=ORIENTED_EDGE('',*,*,#4875,.F.);
#2632=ORIENTED_EDGE('',*,*,#4883,.F.);
#2633=ORIENTED_EDGE('',*,*,#4752,.F.);
#2634=ORIENTED_EDGE('',*,*,#4885,.T.);
#2635=ORIENTED_EDGE('',*,*,#4876,.F.);
#2636=ORIENTED_EDGE('',*,*,#4884,.F.);
#2637=ORIENTED_EDGE('',*,*,#4751,.F.);
#2638=ORIENTED_EDGE('',*,*,#4886,.T.);
#2639=ORIENTED_EDGE('',*,*,#4877,.F.);
#2640=ORIENTED_EDGE('',*,*,#4885,.F.);
#2641=ORIENTED_EDGE('',*,*,#4750,.F.);
#2642=ORIENTED_EDGE('',*,*,#4887,.T.);
#2643=ORIENTED_EDGE('',*,*,#4878,.F.);
#2644=ORIENTED_EDGE('',*,*,#4886,.F.);
#2645=ORIENTED_EDGE('',*,*,#4749,.F.);
#2646=ORIENTED_EDGE('',*,*,#4888,.T.);
#2647=ORIENTED_EDGE('',*,*,#4879,.F.);
#2648=ORIENTED_EDGE('',*,*,#4887,.F.);
#2649=ORIENTED_EDGE('',*,*,#4748,.F.);
#2650=ORIENTED_EDGE('',*,*,#4755,.F.);
#2651=ORIENTED_EDGE('',*,*,#4880,.F.);
#2652=ORIENTED_EDGE('',*,*,#4888,.F.);
#2653=ORIENTED_EDGE('',*,*,#4747,.F.);
#2654=ORIENTED_EDGE('',*,*,#4889,.F.);
#2655=ORIENTED_EDGE('',*,*,#4735,.T.);
#2656=ORIENTED_EDGE('',*,*,#4889,.T.);
#2657=ORIENTED_EDGE('',*,*,#4890,.F.);
#2658=ORIENTED_EDGE('',*,*,#4734,.T.);
#2659=ORIENTED_EDGE('',*,*,#4890,.T.);
#2660=ORIENTED_EDGE('',*,*,#4891,.F.);
#2661=ORIENTED_EDGE('',*,*,#4733,.T.);
#2662=ORIENTED_EDGE('',*,*,#4891,.T.);
#2663=ORIENTED_EDGE('',*,*,#4892,.F.);
#2664=ORIENTED_EDGE('',*,*,#4732,.T.);
#2665=ORIENTED_EDGE('',*,*,#4892,.T.);
#2666=ORIENTED_EDGE('',*,*,#4893,.F.);
#2667=ORIENTED_EDGE('',*,*,#4894,.F.);
#2668=ORIENTED_EDGE('',*,*,#4895,.T.);
#2669=ORIENTED_EDGE('',*,*,#4896,.T.);
#2670=ORIENTED_EDGE('',*,*,#4897,.F.);
#2671=ORIENTED_EDGE('',*,*,#4898,.F.);
#2672=ORIENTED_EDGE('',*,*,#4899,.T.);
#2673=ORIENTED_EDGE('',*,*,#4894,.T.);
#2674=ORIENTED_EDGE('',*,*,#4900,.T.);
#2675=ORIENTED_EDGE('',*,*,#4901,.F.);
#2676=ORIENTED_EDGE('',*,*,#4902,.F.);
#2677=ORIENTED_EDGE('',*,*,#4898,.T.);
#2678=ORIENTED_EDGE('',*,*,#4903,.F.);
#2679=ORIENTED_EDGE('',*,*,#4904,.F.);
#2680=ORIENTED_EDGE('',*,*,#4905,.T.);
#2681=ORIENTED_EDGE('',*,*,#4906,.T.);
#2682=ORIENTED_EDGE('',*,*,#4907,.F.);
#2683=ORIENTED_EDGE('',*,*,#4908,.F.);
#2684=ORIENTED_EDGE('',*,*,#4909,.T.);
#2685=ORIENTED_EDGE('',*,*,#4904,.T.);
#2686=ORIENTED_EDGE('',*,*,#4910,.T.);
#2687=ORIENTED_EDGE('',*,*,#4911,.F.);
#2688=ORIENTED_EDGE('',*,*,#4912,.F.);
#2689=ORIENTED_EDGE('',*,*,#4908,.T.);
#2690=ORIENTED_EDGE('',*,*,#4913,.T.);
#2691=ORIENTED_EDGE('',*,*,#4906,.F.);
#2692=ORIENTED_EDGE('',*,*,#4914,.F.);
#2693=ORIENTED_EDGE('',*,*,#4911,.T.);
#2694=ORIENTED_EDGE('',*,*,#4915,.T.);
#2695=ORIENTED_EDGE('',*,*,#4896,.F.);
#2696=ORIENTED_EDGE('',*,*,#4916,.F.);
#2697=ORIENTED_EDGE('',*,*,#4901,.T.);
#2698=ORIENTED_EDGE('',*,*,#4905,.F.);
#2699=ORIENTED_EDGE('',*,*,#4909,.F.);
#2700=ORIENTED_EDGE('',*,*,#4912,.T.);
#2701=ORIENTED_EDGE('',*,*,#4914,.T.);
#2702=ORIENTED_EDGE('',*,*,#4895,.F.);
#2703=ORIENTED_EDGE('',*,*,#4899,.F.);
#2704=ORIENTED_EDGE('',*,*,#4902,.T.);
#2705=ORIENTED_EDGE('',*,*,#4916,.T.);
#2706=ORIENTED_EDGE('',*,*,#4903,.T.);
#2707=ORIENTED_EDGE('',*,*,#4913,.F.);
#2708=ORIENTED_EDGE('',*,*,#4910,.F.);
#2709=ORIENTED_EDGE('',*,*,#4907,.T.);
#2710=ORIENTED_EDGE('',*,*,#4893,.T.);
#2711=ORIENTED_EDGE('',*,*,#4915,.F.);
#2712=ORIENTED_EDGE('',*,*,#4900,.F.);
#2713=ORIENTED_EDGE('',*,*,#4897,.T.);
#2714=ORIENTED_EDGE('',*,*,#4917,.T.);
#2715=ORIENTED_EDGE('',*,*,#4918,.T.);
#2716=ORIENTED_EDGE('',*,*,#4919,.T.);
#2717=ORIENTED_EDGE('',*,*,#4920,.T.);
#2718=ORIENTED_EDGE('',*,*,#4921,.F.);
#2719=ORIENTED_EDGE('',*,*,#4922,.F.);
#2720=ORIENTED_EDGE('',*,*,#4923,.F.);
#2721=ORIENTED_EDGE('',*,*,#4924,.F.);
#2722=ORIENTED_EDGE('',*,*,#4922,.T.);
#2723=ORIENTED_EDGE('',*,*,#4925,.T.);
#2724=ORIENTED_EDGE('',*,*,#4926,.F.);
#2725=ORIENTED_EDGE('',*,*,#4927,.F.);
#2726=ORIENTED_EDGE('',*,*,#4928,.F.);
#2727=ORIENTED_EDGE('',*,*,#4929,.T.);
#2728=ORIENTED_EDGE('',*,*,#4930,.T.);
#2729=ORIENTED_EDGE('',*,*,#4931,.T.);
#2730=ORIENTED_EDGE('',*,*,#4932,.F.);
#2731=ORIENTED_EDGE('',*,*,#4933,.F.);
#2732=ORIENTED_EDGE('',*,*,#4931,.F.);
#2733=ORIENTED_EDGE('',*,*,#4934,.F.);
#2734=ORIENTED_EDGE('',*,*,#4935,.F.);
#2735=ORIENTED_EDGE('',*,*,#4936,.F.);
#2736=ORIENTED_EDGE('',*,*,#4937,.F.);
#2737=ORIENTED_EDGE('',*,*,#4938,.F.);
#2738=ORIENTED_EDGE('',*,*,#4939,.F.);
#2739=ORIENTED_EDGE('',*,*,#4940,.F.);
#2740=ORIENTED_EDGE('',*,*,#4941,.F.);
#2741=ORIENTED_EDGE('',*,*,#4942,.F.);
#2742=ORIENTED_EDGE('',*,*,#4943,.F.);
#2743=ORIENTED_EDGE('',*,*,#4944,.F.);
#2744=ORIENTED_EDGE('',*,*,#4945,.F.);
#2745=ORIENTED_EDGE('',*,*,#4946,.F.);
#2746=ORIENTED_EDGE('',*,*,#4947,.F.);
#2747=ORIENTED_EDGE('',*,*,#4948,.F.);
#2748=ORIENTED_EDGE('',*,*,#4949,.F.);
#2749=ORIENTED_EDGE('',*,*,#4950,.F.);
#2750=ORIENTED_EDGE('',*,*,#4951,.F.);
#2751=ORIENTED_EDGE('',*,*,#4952,.F.);
#2752=ORIENTED_EDGE('',*,*,#4953,.F.);
#2753=ORIENTED_EDGE('',*,*,#4954,.F.);
#2754=ORIENTED_EDGE('',*,*,#4955,.F.);
#2755=ORIENTED_EDGE('',*,*,#4956,.F.);
#2756=ORIENTED_EDGE('',*,*,#4957,.F.);
#2757=ORIENTED_EDGE('',*,*,#4958,.F.);
#2758=ORIENTED_EDGE('',*,*,#4959,.F.);
#2759=ORIENTED_EDGE('',*,*,#4960,.F.);
#2760=ORIENTED_EDGE('',*,*,#4961,.F.);
#2761=ORIENTED_EDGE('',*,*,#4962,.F.);
#2762=ORIENTED_EDGE('',*,*,#4963,.F.);
#2763=ORIENTED_EDGE('',*,*,#4964,.F.);
#2764=ORIENTED_EDGE('',*,*,#4965,.F.);
#2765=ORIENTED_EDGE('',*,*,#4966,.F.);
#2766=ORIENTED_EDGE('',*,*,#4967,.F.);
#2767=ORIENTED_EDGE('',*,*,#4968,.F.);
#2768=ORIENTED_EDGE('',*,*,#4969,.F.);
#2769=ORIENTED_EDGE('',*,*,#4970,.F.);
#2770=ORIENTED_EDGE('',*,*,#4971,.F.);
#2771=ORIENTED_EDGE('',*,*,#4972,.F.);
#2772=ORIENTED_EDGE('',*,*,#4973,.F.);
#2773=ORIENTED_EDGE('',*,*,#4974,.F.);
#2774=ORIENTED_EDGE('',*,*,#4975,.F.);
#2775=ORIENTED_EDGE('',*,*,#4976,.F.);
#2776=ORIENTED_EDGE('',*,*,#4977,.F.);
#2777=ORIENTED_EDGE('',*,*,#4978,.F.);
#2778=ORIENTED_EDGE('',*,*,#4979,.F.);
#2779=ORIENTED_EDGE('',*,*,#4980,.F.);
#2780=ORIENTED_EDGE('',*,*,#4981,.F.);
#2781=ORIENTED_EDGE('',*,*,#4982,.F.);
#2782=ORIENTED_EDGE('',*,*,#4983,.F.);
#2783=ORIENTED_EDGE('',*,*,#4984,.F.);
#2784=ORIENTED_EDGE('',*,*,#4985,.F.);
#2785=ORIENTED_EDGE('',*,*,#4986,.F.);
#2786=ORIENTED_EDGE('',*,*,#4987,.F.);
#2787=ORIENTED_EDGE('',*,*,#4988,.F.);
#2788=ORIENTED_EDGE('',*,*,#4989,.F.);
#2789=ORIENTED_EDGE('',*,*,#4990,.F.);
#2790=ORIENTED_EDGE('',*,*,#4991,.F.);
#2791=ORIENTED_EDGE('',*,*,#4992,.F.);
#2792=ORIENTED_EDGE('',*,*,#4993,.F.);
#2793=ORIENTED_EDGE('',*,*,#4994,.F.);
#2794=ORIENTED_EDGE('',*,*,#4995,.F.);
#2795=ORIENTED_EDGE('',*,*,#4996,.F.);
#2796=ORIENTED_EDGE('',*,*,#4997,.F.);
#2797=ORIENTED_EDGE('',*,*,#4998,.F.);
#2798=ORIENTED_EDGE('',*,*,#4999,.F.);
#2799=ORIENTED_EDGE('',*,*,#5000,.F.);
#2800=ORIENTED_EDGE('',*,*,#5001,.F.);
#2801=ORIENTED_EDGE('',*,*,#5002,.F.);
#2802=ORIENTED_EDGE('',*,*,#5003,.F.);
#2803=ORIENTED_EDGE('',*,*,#5004,.F.);
#2804=ORIENTED_EDGE('',*,*,#5005,.F.);
#2805=ORIENTED_EDGE('',*,*,#5006,.F.);
#2806=ORIENTED_EDGE('',*,*,#5007,.F.);
#2807=ORIENTED_EDGE('',*,*,#5008,.F.);
#2808=ORIENTED_EDGE('',*,*,#5009,.F.);
#2809=ORIENTED_EDGE('',*,*,#5010,.F.);
#2810=ORIENTED_EDGE('',*,*,#5011,.F.);
#2811=ORIENTED_EDGE('',*,*,#5012,.F.);
#2812=ORIENTED_EDGE('',*,*,#5013,.F.);
#2813=ORIENTED_EDGE('',*,*,#5014,.F.);
#2814=ORIENTED_EDGE('',*,*,#5015,.F.);
#2815=ORIENTED_EDGE('',*,*,#5016,.F.);
#2816=ORIENTED_EDGE('',*,*,#5017,.F.);
#2817=ORIENTED_EDGE('',*,*,#5018,.F.);
#2818=ORIENTED_EDGE('',*,*,#5019,.F.);
#2819=ORIENTED_EDGE('',*,*,#5020,.F.);
#2820=ORIENTED_EDGE('',*,*,#5021,.F.);
#2821=ORIENTED_EDGE('',*,*,#5022,.F.);
#2822=ORIENTED_EDGE('',*,*,#5023,.F.);
#2823=ORIENTED_EDGE('',*,*,#5024,.F.);
#2824=ORIENTED_EDGE('',*,*,#5025,.F.);
#2825=ORIENTED_EDGE('',*,*,#5026,.F.);
#2826=ORIENTED_EDGE('',*,*,#5027,.F.);
#2827=ORIENTED_EDGE('',*,*,#5028,.F.);
#2828=ORIENTED_EDGE('',*,*,#5029,.F.);
#2829=ORIENTED_EDGE('',*,*,#5030,.F.);
#2830=ORIENTED_EDGE('',*,*,#5031,.F.);
#2831=ORIENTED_EDGE('',*,*,#5032,.F.);
#2832=ORIENTED_EDGE('',*,*,#5033,.F.);
#2833=ORIENTED_EDGE('',*,*,#5034,.F.);
#2834=ORIENTED_EDGE('',*,*,#5035,.F.);
#2835=ORIENTED_EDGE('',*,*,#5036,.F.);
#2836=ORIENTED_EDGE('',*,*,#5037,.F.);
#2837=ORIENTED_EDGE('',*,*,#5038,.F.);
#2838=ORIENTED_EDGE('',*,*,#5039,.F.);
#2839=ORIENTED_EDGE('',*,*,#5040,.F.);
#2840=ORIENTED_EDGE('',*,*,#5041,.F.);
#2841=ORIENTED_EDGE('',*,*,#5042,.F.);
#2842=ORIENTED_EDGE('',*,*,#4927,.T.);
#2843=ORIENTED_EDGE('',*,*,#5043,.T.);
#2844=ORIENTED_EDGE('',*,*,#5044,.F.);
#2845=ORIENTED_EDGE('',*,*,#4919,.F.);
#2846=ORIENTED_EDGE('',*,*,#5045,.F.);
#2847=ORIENTED_EDGE('',*,*,#5046,.F.);
#2848=ORIENTED_EDGE('',*,*,#5047,.F.);
#2849=ORIENTED_EDGE('',*,*,#5048,.F.);
#2850=ORIENTED_EDGE('',*,*,#5049,.F.);
#2851=ORIENTED_EDGE('',*,*,#5050,.F.);
#2852=ORIENTED_EDGE('',*,*,#5051,.F.);
#2853=ORIENTED_EDGE('',*,*,#5052,.F.);
#2854=ORIENTED_EDGE('',*,*,#5053,.F.);
#2855=ORIENTED_EDGE('',*,*,#5054,.F.);
#2856=ORIENTED_EDGE('',*,*,#5055,.F.);
#2857=ORIENTED_EDGE('',*,*,#5056,.F.);
#2858=ORIENTED_EDGE('',*,*,#5057,.F.);
#2859=ORIENTED_EDGE('',*,*,#5058,.F.);
#2860=ORIENTED_EDGE('',*,*,#5059,.F.);
#2861=ORIENTED_EDGE('',*,*,#5060,.F.);
#2862=ORIENTED_EDGE('',*,*,#5061,.T.);
#2863=ORIENTED_EDGE('',*,*,#5062,.T.);
#2864=ORIENTED_EDGE('',*,*,#5063,.T.);
#2865=ORIENTED_EDGE('',*,*,#5064,.T.);
#2866=ORIENTED_EDGE('',*,*,#5065,.F.);
#2867=ORIENTED_EDGE('',*,*,#5066,.F.);
#2868=ORIENTED_EDGE('',*,*,#5067,.F.);
#2869=ORIENTED_EDGE('',*,*,#5068,.T.);
#2870=ORIENTED_EDGE('',*,*,#5069,.T.);
#2871=ORIENTED_EDGE('',*,*,#5070,.F.);
#2872=ORIENTED_EDGE('',*,*,#5071,.F.);
#2873=ORIENTED_EDGE('',*,*,#5072,.F.);
#2874=ORIENTED_EDGE('',*,*,#5067,.T.);
#2875=ORIENTED_EDGE('',*,*,#5073,.T.);
#2876=ORIENTED_EDGE('',*,*,#5074,.T.);
#2877=ORIENTED_EDGE('',*,*,#5075,.F.);
#2878=ORIENTED_EDGE('',*,*,#5068,.F.);
#2879=ORIENTED_EDGE('',*,*,#5072,.T.);
#2880=ORIENTED_EDGE('',*,*,#5076,.T.);
#2881=ORIENTED_EDGE('',*,*,#5077,.F.);
#2882=ORIENTED_EDGE('',*,*,#5069,.F.);
#2883=ORIENTED_EDGE('',*,*,#5075,.T.);
#2884=ORIENTED_EDGE('',*,*,#5078,.T.);
#2885=ORIENTED_EDGE('',*,*,#5079,.F.);
#2886=ORIENTED_EDGE('',*,*,#5043,.F.);
#2887=ORIENTED_EDGE('',*,*,#4926,.T.);
#2888=ORIENTED_EDGE('',*,*,#5080,.T.);
#2889=ORIENTED_EDGE('',*,*,#5081,.F.);
#2890=ORIENTED_EDGE('',*,*,#5061,.F.);
#2891=ORIENTED_EDGE('',*,*,#5082,.T.);
#2892=ORIENTED_EDGE('',*,*,#5083,.T.);
#2893=ORIENTED_EDGE('',*,*,#5084,.F.);
#2894=ORIENTED_EDGE('',*,*,#5062,.F.);
#2895=ORIENTED_EDGE('',*,*,#5081,.T.);
#2896=ORIENTED_EDGE('',*,*,#5085,.T.);
#2897=ORIENTED_EDGE('',*,*,#5086,.F.);
#2898=ORIENTED_EDGE('',*,*,#5063,.F.);
#2899=ORIENTED_EDGE('',*,*,#5084,.T.);
#2900=ORIENTED_EDGE('',*,*,#5087,.T.);
#2901=ORIENTED_EDGE('',*,*,#5088,.F.);
#2902=ORIENTED_EDGE('',*,*,#5064,.F.);
#2903=ORIENTED_EDGE('',*,*,#5086,.T.);
#2904=ORIENTED_EDGE('',*,*,#5089,.F.);
#2905=ORIENTED_EDGE('',*,*,#5090,.F.);
#2906=ORIENTED_EDGE('',*,*,#5065,.T.);
#2907=ORIENTED_EDGE('',*,*,#5088,.T.);
#2908=ORIENTED_EDGE('',*,*,#5091,.F.);
#2909=ORIENTED_EDGE('',*,*,#5073,.F.);
#2910=ORIENTED_EDGE('',*,*,#5070,.T.);
#2911=ORIENTED_EDGE('',*,*,#5077,.T.);
#2912=ORIENTED_EDGE('',*,*,#5092,.F.);
#2913=ORIENTED_EDGE('',*,*,#4920,.F.);
#2914=ORIENTED_EDGE('',*,*,#5044,.T.);
#2915=ORIENTED_EDGE('',*,*,#5079,.T.);
#2916=ORIENTED_EDGE('',*,*,#5093,.F.);
#2917=ORIENTED_EDGE('',*,*,#5082,.F.);
#2918=ORIENTED_EDGE('',*,*,#5066,.T.);
#2919=ORIENTED_EDGE('',*,*,#5090,.T.);
#2920=ORIENTED_EDGE('',*,*,#5080,.F.);
#2921=ORIENTED_EDGE('',*,*,#5093,.T.);
#2922=ORIENTED_EDGE('',*,*,#5089,.T.);
#2923=ORIENTED_EDGE('',*,*,#5087,.F.);
#2924=ORIENTED_EDGE('',*,*,#5085,.F.);
#2925=ORIENTED_EDGE('',*,*,#5083,.F.);
#2926=ORIENTED_EDGE('',*,*,#4921,.T.);
#2927=ORIENTED_EDGE('',*,*,#5092,.T.);
#2928=ORIENTED_EDGE('',*,*,#5078,.F.);
#2929=ORIENTED_EDGE('',*,*,#4925,.F.);
#2930=ORIENTED_EDGE('',*,*,#5071,.T.);
#2931=ORIENTED_EDGE('',*,*,#5091,.T.);
#2932=ORIENTED_EDGE('',*,*,#5076,.F.);
#2933=ORIENTED_EDGE('',*,*,#5074,.F.);
#2934=ORIENTED_EDGE('',*,*,#4928,.T.);
#2935=ORIENTED_EDGE('',*,*,#4933,.T.);
#2936=ORIENTED_EDGE('',*,*,#5094,.F.);
#2937=ORIENTED_EDGE('',*,*,#5095,.F.);
#2938=ORIENTED_EDGE('',*,*,#4932,.T.);
#2939=ORIENTED_EDGE('',*,*,#5060,.T.);
#2940=ORIENTED_EDGE('',*,*,#5096,.F.);
#2941=ORIENTED_EDGE('',*,*,#5097,.F.);
#2942=ORIENTED_EDGE('',*,*,#5094,.T.);
#2943=ORIENTED_EDGE('',*,*,#5059,.T.);
#2944=ORIENTED_EDGE('',*,*,#5098,.F.);
#2945=ORIENTED_EDGE('',*,*,#5099,.F.);
#2946=ORIENTED_EDGE('',*,*,#5096,.T.);
#2947=ORIENTED_EDGE('',*,*,#5058,.T.);
#2948=ORIENTED_EDGE('',*,*,#5100,.F.);
#2949=ORIENTED_EDGE('',*,*,#5101,.F.);
#2950=ORIENTED_EDGE('',*,*,#5098,.T.);
#2951=ORIENTED_EDGE('',*,*,#5057,.T.);
#2952=ORIENTED_EDGE('',*,*,#5102,.F.);
#2953=ORIENTED_EDGE('',*,*,#5103,.F.);
#2954=ORIENTED_EDGE('',*,*,#5100,.T.);
#2955=ORIENTED_EDGE('',*,*,#5056,.T.);
#2956=ORIENTED_EDGE('',*,*,#5104,.F.);
#2957=ORIENTED_EDGE('',*,*,#5105,.F.);
#2958=ORIENTED_EDGE('',*,*,#5102,.T.);
#2959=ORIENTED_EDGE('',*,*,#5055,.T.);
#2960=ORIENTED_EDGE('',*,*,#5106,.F.);
#2961=ORIENTED_EDGE('',*,*,#5107,.F.);
#2962=ORIENTED_EDGE('',*,*,#5104,.T.);
#2963=ORIENTED_EDGE('',*,*,#5054,.T.);
#2964=ORIENTED_EDGE('',*,*,#5108,.F.);
#2965=ORIENTED_EDGE('',*,*,#5109,.F.);
#2966=ORIENTED_EDGE('',*,*,#5106,.T.);
#2967=ORIENTED_EDGE('',*,*,#5053,.T.);
#2968=ORIENTED_EDGE('',*,*,#5110,.F.);
#2969=ORIENTED_EDGE('',*,*,#5111,.F.);
#2970=ORIENTED_EDGE('',*,*,#5108,.T.);
#2971=ORIENTED_EDGE('',*,*,#5052,.T.);
#2972=ORIENTED_EDGE('',*,*,#5112,.F.);
#2973=ORIENTED_EDGE('',*,*,#5113,.F.);
#2974=ORIENTED_EDGE('',*,*,#5110,.T.);
#2975=ORIENTED_EDGE('',*,*,#5051,.T.);
#2976=ORIENTED_EDGE('',*,*,#5114,.F.);
#2977=ORIENTED_EDGE('',*,*,#5115,.F.);
#2978=ORIENTED_EDGE('',*,*,#5112,.T.);
#2979=ORIENTED_EDGE('',*,*,#5050,.T.);
#2980=ORIENTED_EDGE('',*,*,#5116,.F.);
#2981=ORIENTED_EDGE('',*,*,#5117,.F.);
#2982=ORIENTED_EDGE('',*,*,#5114,.T.);
#2983=ORIENTED_EDGE('',*,*,#5049,.T.);
#2984=ORIENTED_EDGE('',*,*,#5118,.F.);
#2985=ORIENTED_EDGE('',*,*,#5119,.F.);
#2986=ORIENTED_EDGE('',*,*,#5116,.T.);
#2987=ORIENTED_EDGE('',*,*,#5048,.T.);
#2988=ORIENTED_EDGE('',*,*,#5120,.F.);
#2989=ORIENTED_EDGE('',*,*,#5121,.F.);
#2990=ORIENTED_EDGE('',*,*,#5118,.T.);
#2991=ORIENTED_EDGE('',*,*,#5047,.T.);
#2992=ORIENTED_EDGE('',*,*,#5122,.F.);
#2993=ORIENTED_EDGE('',*,*,#5123,.F.);
#2994=ORIENTED_EDGE('',*,*,#5120,.T.);
#2995=ORIENTED_EDGE('',*,*,#5046,.T.);
#2996=ORIENTED_EDGE('',*,*,#5124,.F.);
#2997=ORIENTED_EDGE('',*,*,#5125,.F.);
#2998=ORIENTED_EDGE('',*,*,#5122,.T.);
#2999=ORIENTED_EDGE('',*,*,#5045,.T.);
#3000=ORIENTED_EDGE('',*,*,#4918,.F.);
#3001=ORIENTED_EDGE('',*,*,#5126,.F.);
#3002=ORIENTED_EDGE('',*,*,#5124,.T.);
#3003=ORIENTED_EDGE('',*,*,#5042,.T.);
#3004=ORIENTED_EDGE('',*,*,#5127,.F.);
#3005=ORIENTED_EDGE('',*,*,#5128,.F.);
#3006=ORIENTED_EDGE('',*,*,#4923,.T.);
#3007=ORIENTED_EDGE('',*,*,#5041,.T.);
#3008=ORIENTED_EDGE('',*,*,#5129,.F.);
#3009=ORIENTED_EDGE('',*,*,#5130,.F.);
#3010=ORIENTED_EDGE('',*,*,#5127,.T.);
#3011=ORIENTED_EDGE('',*,*,#5040,.T.);
#3012=ORIENTED_EDGE('',*,*,#5131,.F.);
#3013=ORIENTED_EDGE('',*,*,#5132,.F.);
#3014=ORIENTED_EDGE('',*,*,#5129,.T.);
#3015=ORIENTED_EDGE('',*,*,#5039,.T.);
#3016=ORIENTED_EDGE('',*,*,#5133,.F.);
#3017=ORIENTED_EDGE('',*,*,#5134,.F.);
#3018=ORIENTED_EDGE('',*,*,#5131,.T.);
#3019=ORIENTED_EDGE('',*,*,#5038,.T.);
#3020=ORIENTED_EDGE('',*,*,#5135,.F.);
#3021=ORIENTED_EDGE('',*,*,#5136,.F.);
#3022=ORIENTED_EDGE('',*,*,#5133,.T.);
#3023=ORIENTED_EDGE('',*,*,#5037,.T.);
#3024=ORIENTED_EDGE('',*,*,#5137,.F.);
#3025=ORIENTED_EDGE('',*,*,#5138,.F.);
#3026=ORIENTED_EDGE('',*,*,#5135,.T.);
#3027=ORIENTED_EDGE('',*,*,#5036,.T.);
#3028=ORIENTED_EDGE('',*,*,#5139,.F.);
#3029=ORIENTED_EDGE('',*,*,#5140,.F.);
#3030=ORIENTED_EDGE('',*,*,#5137,.T.);
#3031=ORIENTED_EDGE('',*,*,#5035,.T.);
#3032=ORIENTED_EDGE('',*,*,#5141,.F.);
#3033=ORIENTED_EDGE('',*,*,#5142,.F.);
#3034=ORIENTED_EDGE('',*,*,#5139,.T.);
#3035=ORIENTED_EDGE('',*,*,#5034,.T.);
#3036=ORIENTED_EDGE('',*,*,#5143,.F.);
#3037=ORIENTED_EDGE('',*,*,#5144,.F.);
#3038=ORIENTED_EDGE('',*,*,#5141,.T.);
#3039=ORIENTED_EDGE('',*,*,#5033,.T.);
#3040=ORIENTED_EDGE('',*,*,#5145,.F.);
#3041=ORIENTED_EDGE('',*,*,#5146,.F.);
#3042=ORIENTED_EDGE('',*,*,#5143,.T.);
#3043=ORIENTED_EDGE('',*,*,#5032,.T.);
#3044=ORIENTED_EDGE('',*,*,#5147,.F.);
#3045=ORIENTED_EDGE('',*,*,#5148,.F.);
#3046=ORIENTED_EDGE('',*,*,#5145,.T.);
#3047=ORIENTED_EDGE('',*,*,#5031,.T.);
#3048=ORIENTED_EDGE('',*,*,#5149,.F.);
#3049=ORIENTED_EDGE('',*,*,#5150,.F.);
#3050=ORIENTED_EDGE('',*,*,#5147,.T.);
#3051=ORIENTED_EDGE('',*,*,#5030,.T.);
#3052=ORIENTED_EDGE('',*,*,#5151,.F.);
#3053=ORIENTED_EDGE('',*,*,#5152,.F.);
#3054=ORIENTED_EDGE('',*,*,#5149,.T.);
#3055=ORIENTED_EDGE('',*,*,#5029,.T.);
#3056=ORIENTED_EDGE('',*,*,#5153,.F.);
#3057=ORIENTED_EDGE('',*,*,#5154,.F.);
#3058=ORIENTED_EDGE('',*,*,#5151,.T.);
#3059=ORIENTED_EDGE('',*,*,#5028,.T.);
#3060=ORIENTED_EDGE('',*,*,#5155,.F.);
#3061=ORIENTED_EDGE('',*,*,#5156,.F.);
#3062=ORIENTED_EDGE('',*,*,#5153,.T.);
#3063=ORIENTED_EDGE('',*,*,#5027,.T.);
#3064=ORIENTED_EDGE('',*,*,#5157,.F.);
#3065=ORIENTED_EDGE('',*,*,#5158,.F.);
#3066=ORIENTED_EDGE('',*,*,#5155,.T.);
#3067=ORIENTED_EDGE('',*,*,#5026,.T.);
#3068=ORIENTED_EDGE('',*,*,#5159,.F.);
#3069=ORIENTED_EDGE('',*,*,#5160,.F.);
#3070=ORIENTED_EDGE('',*,*,#5157,.T.);
#3071=ORIENTED_EDGE('',*,*,#5025,.T.);
#3072=ORIENTED_EDGE('',*,*,#5161,.F.);
#3073=ORIENTED_EDGE('',*,*,#5162,.F.);
#3074=ORIENTED_EDGE('',*,*,#5159,.T.);
#3075=ORIENTED_EDGE('',*,*,#5024,.T.);
#3076=ORIENTED_EDGE('',*,*,#5163,.F.);
#3077=ORIENTED_EDGE('',*,*,#5164,.F.);
#3078=ORIENTED_EDGE('',*,*,#5161,.T.);
#3079=ORIENTED_EDGE('',*,*,#5023,.T.);
#3080=ORIENTED_EDGE('',*,*,#5165,.F.);
#3081=ORIENTED_EDGE('',*,*,#5166,.F.);
#3082=ORIENTED_EDGE('',*,*,#5163,.T.);
#3083=ORIENTED_EDGE('',*,*,#5022,.T.);
#3084=ORIENTED_EDGE('',*,*,#5167,.F.);
#3085=ORIENTED_EDGE('',*,*,#5168,.F.);
#3086=ORIENTED_EDGE('',*,*,#5165,.T.);
#3087=ORIENTED_EDGE('',*,*,#5021,.T.);
#3088=ORIENTED_EDGE('',*,*,#5169,.F.);
#3089=ORIENTED_EDGE('',*,*,#5170,.F.);
#3090=ORIENTED_EDGE('',*,*,#5167,.T.);
#3091=ORIENTED_EDGE('',*,*,#5020,.T.);
#3092=ORIENTED_EDGE('',*,*,#5171,.F.);
#3093=ORIENTED_EDGE('',*,*,#5172,.F.);
#3094=ORIENTED_EDGE('',*,*,#5169,.T.);
#3095=ORIENTED_EDGE('',*,*,#5019,.T.);
#3096=ORIENTED_EDGE('',*,*,#5173,.F.);
#3097=ORIENTED_EDGE('',*,*,#5174,.F.);
#3098=ORIENTED_EDGE('',*,*,#5171,.T.);
#3099=ORIENTED_EDGE('',*,*,#5018,.T.);
#3100=ORIENTED_EDGE('',*,*,#5175,.F.);
#3101=ORIENTED_EDGE('',*,*,#5176,.F.);
#3102=ORIENTED_EDGE('',*,*,#5173,.T.);
#3103=ORIENTED_EDGE('',*,*,#5017,.T.);
#3104=ORIENTED_EDGE('',*,*,#5177,.F.);
#3105=ORIENTED_EDGE('',*,*,#5178,.F.);
#3106=ORIENTED_EDGE('',*,*,#5175,.T.);
#3107=ORIENTED_EDGE('',*,*,#5016,.T.);
#3108=ORIENTED_EDGE('',*,*,#5179,.F.);
#3109=ORIENTED_EDGE('',*,*,#5180,.F.);
#3110=ORIENTED_EDGE('',*,*,#5177,.T.);
#3111=ORIENTED_EDGE('',*,*,#5015,.T.);
#3112=ORIENTED_EDGE('',*,*,#5181,.F.);
#3113=ORIENTED_EDGE('',*,*,#5182,.F.);
#3114=ORIENTED_EDGE('',*,*,#5179,.T.);
#3115=ORIENTED_EDGE('',*,*,#5014,.T.);
#3116=ORIENTED_EDGE('',*,*,#5183,.F.);
#3117=ORIENTED_EDGE('',*,*,#5184,.F.);
#3118=ORIENTED_EDGE('',*,*,#5181,.T.);
#3119=ORIENTED_EDGE('',*,*,#5013,.T.);
#3120=ORIENTED_EDGE('',*,*,#5185,.F.);
#3121=ORIENTED_EDGE('',*,*,#5186,.F.);
#3122=ORIENTED_EDGE('',*,*,#5183,.T.);
#3123=ORIENTED_EDGE('',*,*,#5012,.T.);
#3124=ORIENTED_EDGE('',*,*,#5187,.F.);
#3125=ORIENTED_EDGE('',*,*,#5188,.F.);
#3126=ORIENTED_EDGE('',*,*,#5185,.T.);
#3127=ORIENTED_EDGE('',*,*,#5011,.T.);
#3128=ORIENTED_EDGE('',*,*,#5189,.F.);
#3129=ORIENTED_EDGE('',*,*,#5190,.F.);
#3130=ORIENTED_EDGE('',*,*,#5187,.T.);
#3131=ORIENTED_EDGE('',*,*,#5010,.T.);
#3132=ORIENTED_EDGE('',*,*,#5191,.F.);
#3133=ORIENTED_EDGE('',*,*,#5192,.F.);
#3134=ORIENTED_EDGE('',*,*,#5189,.T.);
#3135=ORIENTED_EDGE('',*,*,#5009,.T.);
#3136=ORIENTED_EDGE('',*,*,#5193,.F.);
#3137=ORIENTED_EDGE('',*,*,#5194,.F.);
#3138=ORIENTED_EDGE('',*,*,#5191,.T.);
#3139=ORIENTED_EDGE('',*,*,#5008,.T.);
#3140=ORIENTED_EDGE('',*,*,#5195,.F.);
#3141=ORIENTED_EDGE('',*,*,#5196,.F.);
#3142=ORIENTED_EDGE('',*,*,#5193,.T.);
#3143=ORIENTED_EDGE('',*,*,#5007,.T.);
#3144=ORIENTED_EDGE('',*,*,#5197,.F.);
#3145=ORIENTED_EDGE('',*,*,#5198,.F.);
#3146=ORIENTED_EDGE('',*,*,#5195,.T.);
#3147=ORIENTED_EDGE('',*,*,#5006,.T.);
#3148=ORIENTED_EDGE('',*,*,#5199,.F.);
#3149=ORIENTED_EDGE('',*,*,#5200,.F.);
#3150=ORIENTED_EDGE('',*,*,#5197,.T.);
#3151=ORIENTED_EDGE('',*,*,#5005,.T.);
#3152=ORIENTED_EDGE('',*,*,#5201,.F.);
#3153=ORIENTED_EDGE('',*,*,#5202,.F.);
#3154=ORIENTED_EDGE('',*,*,#5199,.T.);
#3155=ORIENTED_EDGE('',*,*,#5004,.T.);
#3156=ORIENTED_EDGE('',*,*,#5203,.F.);
#3157=ORIENTED_EDGE('',*,*,#5204,.F.);
#3158=ORIENTED_EDGE('',*,*,#5201,.T.);
#3159=ORIENTED_EDGE('',*,*,#5003,.T.);
#3160=ORIENTED_EDGE('',*,*,#5205,.F.);
#3161=ORIENTED_EDGE('',*,*,#5206,.F.);
#3162=ORIENTED_EDGE('',*,*,#5203,.T.);
#3163=ORIENTED_EDGE('',*,*,#5002,.T.);
#3164=ORIENTED_EDGE('',*,*,#5207,.F.);
#3165=ORIENTED_EDGE('',*,*,#5208,.F.);
#3166=ORIENTED_EDGE('',*,*,#5205,.T.);
#3167=ORIENTED_EDGE('',*,*,#5001,.T.);
#3168=ORIENTED_EDGE('',*,*,#5209,.F.);
#3169=ORIENTED_EDGE('',*,*,#5210,.F.);
#3170=ORIENTED_EDGE('',*,*,#5207,.T.);
#3171=ORIENTED_EDGE('',*,*,#5000,.T.);
#3172=ORIENTED_EDGE('',*,*,#5211,.F.);
#3173=ORIENTED_EDGE('',*,*,#5212,.F.);
#3174=ORIENTED_EDGE('',*,*,#5209,.T.);
#3175=ORIENTED_EDGE('',*,*,#4999,.T.);
#3176=ORIENTED_EDGE('',*,*,#5213,.F.);
#3177=ORIENTED_EDGE('',*,*,#5214,.F.);
#3178=ORIENTED_EDGE('',*,*,#5211,.T.);
#3179=ORIENTED_EDGE('',*,*,#4998,.T.);
#3180=ORIENTED_EDGE('',*,*,#5215,.F.);
#3181=ORIENTED_EDGE('',*,*,#5216,.F.);
#3182=ORIENTED_EDGE('',*,*,#5213,.T.);
#3183=ORIENTED_EDGE('',*,*,#4997,.T.);
#3184=ORIENTED_EDGE('',*,*,#5217,.F.);
#3185=ORIENTED_EDGE('',*,*,#5218,.F.);
#3186=ORIENTED_EDGE('',*,*,#5215,.T.);
#3187=ORIENTED_EDGE('',*,*,#4996,.T.);
#3188=ORIENTED_EDGE('',*,*,#5219,.F.);
#3189=ORIENTED_EDGE('',*,*,#5220,.F.);
#3190=ORIENTED_EDGE('',*,*,#5217,.T.);
#3191=ORIENTED_EDGE('',*,*,#4995,.T.);
#3192=ORIENTED_EDGE('',*,*,#5221,.F.);
#3193=ORIENTED_EDGE('',*,*,#5222,.F.);
#3194=ORIENTED_EDGE('',*,*,#5219,.T.);
#3195=ORIENTED_EDGE('',*,*,#4994,.T.);
#3196=ORIENTED_EDGE('',*,*,#5223,.F.);
#3197=ORIENTED_EDGE('',*,*,#5224,.F.);
#3198=ORIENTED_EDGE('',*,*,#5221,.T.);
#3199=ORIENTED_EDGE('',*,*,#4993,.T.);
#3200=ORIENTED_EDGE('',*,*,#5225,.F.);
#3201=ORIENTED_EDGE('',*,*,#5226,.F.);
#3202=ORIENTED_EDGE('',*,*,#5223,.T.);
#3203=ORIENTED_EDGE('',*,*,#4992,.T.);
#3204=ORIENTED_EDGE('',*,*,#5227,.F.);
#3205=ORIENTED_EDGE('',*,*,#5228,.F.);
#3206=ORIENTED_EDGE('',*,*,#5225,.T.);
#3207=ORIENTED_EDGE('',*,*,#4991,.T.);
#3208=ORIENTED_EDGE('',*,*,#5229,.F.);
#3209=ORIENTED_EDGE('',*,*,#5230,.F.);
#3210=ORIENTED_EDGE('',*,*,#5227,.T.);
#3211=ORIENTED_EDGE('',*,*,#4990,.T.);
#3212=ORIENTED_EDGE('',*,*,#5231,.F.);
#3213=ORIENTED_EDGE('',*,*,#5232,.F.);
#3214=ORIENTED_EDGE('',*,*,#5229,.T.);
#3215=ORIENTED_EDGE('',*,*,#4989,.T.);
#3216=ORIENTED_EDGE('',*,*,#5233,.F.);
#3217=ORIENTED_EDGE('',*,*,#5234,.F.);
#3218=ORIENTED_EDGE('',*,*,#5231,.T.);
#3219=ORIENTED_EDGE('',*,*,#4988,.T.);
#3220=ORIENTED_EDGE('',*,*,#5235,.F.);
#3221=ORIENTED_EDGE('',*,*,#5236,.F.);
#3222=ORIENTED_EDGE('',*,*,#5233,.T.);
#3223=ORIENTED_EDGE('',*,*,#4987,.T.);
#3224=ORIENTED_EDGE('',*,*,#5237,.F.);
#3225=ORIENTED_EDGE('',*,*,#5238,.F.);
#3226=ORIENTED_EDGE('',*,*,#5235,.T.);
#3227=ORIENTED_EDGE('',*,*,#4986,.T.);
#3228=ORIENTED_EDGE('',*,*,#5239,.F.);
#3229=ORIENTED_EDGE('',*,*,#5240,.F.);
#3230=ORIENTED_EDGE('',*,*,#5237,.T.);
#3231=ORIENTED_EDGE('',*,*,#4985,.T.);
#3232=ORIENTED_EDGE('',*,*,#5241,.F.);
#3233=ORIENTED_EDGE('',*,*,#5242,.F.);
#3234=ORIENTED_EDGE('',*,*,#5239,.T.);
#3235=ORIENTED_EDGE('',*,*,#4984,.T.);
#3236=ORIENTED_EDGE('',*,*,#5243,.F.);
#3237=ORIENTED_EDGE('',*,*,#5244,.F.);
#3238=ORIENTED_EDGE('',*,*,#5241,.T.);
#3239=ORIENTED_EDGE('',*,*,#4983,.T.);
#3240=ORIENTED_EDGE('',*,*,#5245,.F.);
#3241=ORIENTED_EDGE('',*,*,#5246,.F.);
#3242=ORIENTED_EDGE('',*,*,#5243,.T.);
#3243=ORIENTED_EDGE('',*,*,#4982,.T.);
#3244=ORIENTED_EDGE('',*,*,#5247,.F.);
#3245=ORIENTED_EDGE('',*,*,#5248,.F.);
#3246=ORIENTED_EDGE('',*,*,#5245,.T.);
#3247=ORIENTED_EDGE('',*,*,#4981,.T.);
#3248=ORIENTED_EDGE('',*,*,#5249,.F.);
#3249=ORIENTED_EDGE('',*,*,#5250,.F.);
#3250=ORIENTED_EDGE('',*,*,#5247,.T.);
#3251=ORIENTED_EDGE('',*,*,#4980,.T.);
#3252=ORIENTED_EDGE('',*,*,#5251,.F.);
#3253=ORIENTED_EDGE('',*,*,#5252,.F.);
#3254=ORIENTED_EDGE('',*,*,#5249,.T.);
#3255=ORIENTED_EDGE('',*,*,#4979,.T.);
#3256=ORIENTED_EDGE('',*,*,#5253,.F.);
#3257=ORIENTED_EDGE('',*,*,#5254,.F.);
#3258=ORIENTED_EDGE('',*,*,#5251,.T.);
#3259=ORIENTED_EDGE('',*,*,#4978,.T.);
#3260=ORIENTED_EDGE('',*,*,#5255,.F.);
#3261=ORIENTED_EDGE('',*,*,#5256,.F.);
#3262=ORIENTED_EDGE('',*,*,#5253,.T.);
#3263=ORIENTED_EDGE('',*,*,#4977,.T.);
#3264=ORIENTED_EDGE('',*,*,#5257,.F.);
#3265=ORIENTED_EDGE('',*,*,#5258,.F.);
#3266=ORIENTED_EDGE('',*,*,#5255,.T.);
#3267=ORIENTED_EDGE('',*,*,#4976,.T.);
#3268=ORIENTED_EDGE('',*,*,#5259,.F.);
#3269=ORIENTED_EDGE('',*,*,#5260,.F.);
#3270=ORIENTED_EDGE('',*,*,#5257,.T.);
#3271=ORIENTED_EDGE('',*,*,#4975,.T.);
#3272=ORIENTED_EDGE('',*,*,#5261,.F.);
#3273=ORIENTED_EDGE('',*,*,#5262,.F.);
#3274=ORIENTED_EDGE('',*,*,#5259,.T.);
#3275=ORIENTED_EDGE('',*,*,#4974,.T.);
#3276=ORIENTED_EDGE('',*,*,#5263,.F.);
#3277=ORIENTED_EDGE('',*,*,#5264,.F.);
#3278=ORIENTED_EDGE('',*,*,#5261,.T.);
#3279=ORIENTED_EDGE('',*,*,#4973,.T.);
#3280=ORIENTED_EDGE('',*,*,#5265,.F.);
#3281=ORIENTED_EDGE('',*,*,#5266,.F.);
#3282=ORIENTED_EDGE('',*,*,#5263,.T.);
#3283=ORIENTED_EDGE('',*,*,#4972,.T.);
#3284=ORIENTED_EDGE('',*,*,#5267,.F.);
#3285=ORIENTED_EDGE('',*,*,#5268,.F.);
#3286=ORIENTED_EDGE('',*,*,#5265,.T.);
#3287=ORIENTED_EDGE('',*,*,#4971,.T.);
#3288=ORIENTED_EDGE('',*,*,#5269,.F.);
#3289=ORIENTED_EDGE('',*,*,#5270,.F.);
#3290=ORIENTED_EDGE('',*,*,#5267,.T.);
#3291=ORIENTED_EDGE('',*,*,#4970,.T.);
#3292=ORIENTED_EDGE('',*,*,#5271,.F.);
#3293=ORIENTED_EDGE('',*,*,#5272,.F.);
#3294=ORIENTED_EDGE('',*,*,#5269,.T.);
#3295=ORIENTED_EDGE('',*,*,#4969,.T.);
#3296=ORIENTED_EDGE('',*,*,#5273,.F.);
#3297=ORIENTED_EDGE('',*,*,#5274,.F.);
#3298=ORIENTED_EDGE('',*,*,#5271,.T.);
#3299=ORIENTED_EDGE('',*,*,#4968,.T.);
#3300=ORIENTED_EDGE('',*,*,#5275,.F.);
#3301=ORIENTED_EDGE('',*,*,#5276,.F.);
#3302=ORIENTED_EDGE('',*,*,#5273,.T.);
#3303=ORIENTED_EDGE('',*,*,#4967,.T.);
#3304=ORIENTED_EDGE('',*,*,#5277,.F.);
#3305=ORIENTED_EDGE('',*,*,#5278,.F.);
#3306=ORIENTED_EDGE('',*,*,#5275,.T.);
#3307=ORIENTED_EDGE('',*,*,#4966,.T.);
#3308=ORIENTED_EDGE('',*,*,#5279,.F.);
#3309=ORIENTED_EDGE('',*,*,#5280,.F.);
#3310=ORIENTED_EDGE('',*,*,#5277,.T.);
#3311=ORIENTED_EDGE('',*,*,#4965,.T.);
#3312=ORIENTED_EDGE('',*,*,#5281,.F.);
#3313=ORIENTED_EDGE('',*,*,#5282,.F.);
#3314=ORIENTED_EDGE('',*,*,#5279,.T.);
#3315=ORIENTED_EDGE('',*,*,#4964,.T.);
#3316=ORIENTED_EDGE('',*,*,#5283,.F.);
#3317=ORIENTED_EDGE('',*,*,#5284,.F.);
#3318=ORIENTED_EDGE('',*,*,#5281,.T.);
#3319=ORIENTED_EDGE('',*,*,#4963,.T.);
#3320=ORIENTED_EDGE('',*,*,#5285,.F.);
#3321=ORIENTED_EDGE('',*,*,#5286,.F.);
#3322=ORIENTED_EDGE('',*,*,#5283,.T.);
#3323=ORIENTED_EDGE('',*,*,#4962,.T.);
#3324=ORIENTED_EDGE('',*,*,#5287,.F.);
#3325=ORIENTED_EDGE('',*,*,#5288,.F.);
#3326=ORIENTED_EDGE('',*,*,#5285,.T.);
#3327=ORIENTED_EDGE('',*,*,#4961,.T.);
#3328=ORIENTED_EDGE('',*,*,#5289,.F.);
#3329=ORIENTED_EDGE('',*,*,#5290,.F.);
#3330=ORIENTED_EDGE('',*,*,#5287,.T.);
#3331=ORIENTED_EDGE('',*,*,#4960,.T.);
#3332=ORIENTED_EDGE('',*,*,#5291,.F.);
#3333=ORIENTED_EDGE('',*,*,#5292,.F.);
#3334=ORIENTED_EDGE('',*,*,#5289,.T.);
#3335=ORIENTED_EDGE('',*,*,#4959,.T.);
#3336=ORIENTED_EDGE('',*,*,#5293,.F.);
#3337=ORIENTED_EDGE('',*,*,#5294,.F.);
#3338=ORIENTED_EDGE('',*,*,#5291,.T.);
#3339=ORIENTED_EDGE('',*,*,#4958,.T.);
#3340=ORIENTED_EDGE('',*,*,#5295,.F.);
#3341=ORIENTED_EDGE('',*,*,#5296,.F.);
#3342=ORIENTED_EDGE('',*,*,#5293,.T.);
#3343=ORIENTED_EDGE('',*,*,#4957,.T.);
#3344=ORIENTED_EDGE('',*,*,#5297,.F.);
#3345=ORIENTED_EDGE('',*,*,#5298,.F.);
#3346=ORIENTED_EDGE('',*,*,#5295,.T.);
#3347=ORIENTED_EDGE('',*,*,#4956,.T.);
#3348=ORIENTED_EDGE('',*,*,#5299,.F.);
#3349=ORIENTED_EDGE('',*,*,#5300,.F.);
#3350=ORIENTED_EDGE('',*,*,#5297,.T.);
#3351=ORIENTED_EDGE('',*,*,#4955,.T.);
#3352=ORIENTED_EDGE('',*,*,#5301,.F.);
#3353=ORIENTED_EDGE('',*,*,#5302,.F.);
#3354=ORIENTED_EDGE('',*,*,#5299,.T.);
#3355=ORIENTED_EDGE('',*,*,#4954,.T.);
#3356=ORIENTED_EDGE('',*,*,#5303,.F.);
#3357=ORIENTED_EDGE('',*,*,#5304,.F.);
#3358=ORIENTED_EDGE('',*,*,#5301,.T.);
#3359=ORIENTED_EDGE('',*,*,#4953,.T.);
#3360=ORIENTED_EDGE('',*,*,#5305,.F.);
#3361=ORIENTED_EDGE('',*,*,#5306,.F.);
#3362=ORIENTED_EDGE('',*,*,#5303,.T.);
#3363=ORIENTED_EDGE('',*,*,#4952,.T.);
#3364=ORIENTED_EDGE('',*,*,#5307,.F.);
#3365=ORIENTED_EDGE('',*,*,#5308,.F.);
#3366=ORIENTED_EDGE('',*,*,#5305,.T.);
#3367=ORIENTED_EDGE('',*,*,#4951,.T.);
#3368=ORIENTED_EDGE('',*,*,#5309,.F.);
#3369=ORIENTED_EDGE('',*,*,#5310,.F.);
#3370=ORIENTED_EDGE('',*,*,#5307,.T.);
#3371=ORIENTED_EDGE('',*,*,#4950,.T.);
#3372=ORIENTED_EDGE('',*,*,#5311,.F.);
#3373=ORIENTED_EDGE('',*,*,#5312,.F.);
#3374=ORIENTED_EDGE('',*,*,#5309,.T.);
#3375=ORIENTED_EDGE('',*,*,#4949,.T.);
#3376=ORIENTED_EDGE('',*,*,#5313,.F.);
#3377=ORIENTED_EDGE('',*,*,#5314,.F.);
#3378=ORIENTED_EDGE('',*,*,#5311,.T.);
#3379=ORIENTED_EDGE('',*,*,#4948,.T.);
#3380=ORIENTED_EDGE('',*,*,#5315,.F.);
#3381=ORIENTED_EDGE('',*,*,#5316,.F.);
#3382=ORIENTED_EDGE('',*,*,#5313,.T.);
#3383=ORIENTED_EDGE('',*,*,#4947,.T.);
#3384=ORIENTED_EDGE('',*,*,#5317,.F.);
#3385=ORIENTED_EDGE('',*,*,#5318,.F.);
#3386=ORIENTED_EDGE('',*,*,#5315,.T.);
#3387=ORIENTED_EDGE('',*,*,#4946,.T.);
#3388=ORIENTED_EDGE('',*,*,#5319,.F.);
#3389=ORIENTED_EDGE('',*,*,#5320,.F.);
#3390=ORIENTED_EDGE('',*,*,#5317,.T.);
#3391=ORIENTED_EDGE('',*,*,#4945,.T.);
#3392=ORIENTED_EDGE('',*,*,#5321,.F.);
#3393=ORIENTED_EDGE('',*,*,#5322,.F.);
#3394=ORIENTED_EDGE('',*,*,#5319,.T.);
#3395=ORIENTED_EDGE('',*,*,#4944,.T.);
#3396=ORIENTED_EDGE('',*,*,#5323,.F.);
#3397=ORIENTED_EDGE('',*,*,#5324,.F.);
#3398=ORIENTED_EDGE('',*,*,#5321,.T.);
#3399=ORIENTED_EDGE('',*,*,#4943,.T.);
#3400=ORIENTED_EDGE('',*,*,#5325,.F.);
#3401=ORIENTED_EDGE('',*,*,#5326,.F.);
#3402=ORIENTED_EDGE('',*,*,#5323,.T.);
#3403=ORIENTED_EDGE('',*,*,#4942,.T.);
#3404=ORIENTED_EDGE('',*,*,#5327,.F.);
#3405=ORIENTED_EDGE('',*,*,#5328,.F.);
#3406=ORIENTED_EDGE('',*,*,#5325,.T.);
#3407=ORIENTED_EDGE('',*,*,#4941,.T.);
#3408=ORIENTED_EDGE('',*,*,#5329,.F.);
#3409=ORIENTED_EDGE('',*,*,#5330,.F.);
#3410=ORIENTED_EDGE('',*,*,#5327,.T.);
#3411=ORIENTED_EDGE('',*,*,#4940,.T.);
#3412=ORIENTED_EDGE('',*,*,#5331,.F.);
#3413=ORIENTED_EDGE('',*,*,#5332,.F.);
#3414=ORIENTED_EDGE('',*,*,#5329,.T.);
#3415=ORIENTED_EDGE('',*,*,#4939,.T.);
#3416=ORIENTED_EDGE('',*,*,#5333,.F.);
#3417=ORIENTED_EDGE('',*,*,#5334,.F.);
#3418=ORIENTED_EDGE('',*,*,#5331,.T.);
#3419=ORIENTED_EDGE('',*,*,#4938,.T.);
#3420=ORIENTED_EDGE('',*,*,#5335,.F.);
#3421=ORIENTED_EDGE('',*,*,#5336,.F.);
#3422=ORIENTED_EDGE('',*,*,#5333,.T.);
#3423=ORIENTED_EDGE('',*,*,#4937,.T.);
#3424=ORIENTED_EDGE('',*,*,#5337,.F.);
#3425=ORIENTED_EDGE('',*,*,#5338,.F.);
#3426=ORIENTED_EDGE('',*,*,#5335,.T.);
#3427=ORIENTED_EDGE('',*,*,#4936,.T.);
#3428=ORIENTED_EDGE('',*,*,#5339,.F.);
#3429=ORIENTED_EDGE('',*,*,#5340,.F.);
#3430=ORIENTED_EDGE('',*,*,#5337,.T.);
#3431=ORIENTED_EDGE('',*,*,#4935,.T.);
#3432=ORIENTED_EDGE('',*,*,#5341,.F.);
#3433=ORIENTED_EDGE('',*,*,#5342,.F.);
#3434=ORIENTED_EDGE('',*,*,#5339,.T.);
#3435=ORIENTED_EDGE('',*,*,#5343,.T.);
#3436=ORIENTED_EDGE('',*,*,#5344,.F.);
#3437=ORIENTED_EDGE('',*,*,#5345,.F.);
#3438=ORIENTED_EDGE('',*,*,#5346,.T.);
#3439=ORIENTED_EDGE('',*,*,#5347,.T.);
#3440=ORIENTED_EDGE('',*,*,#5348,.F.);
#3441=ORIENTED_EDGE('',*,*,#5349,.F.);
#3442=ORIENTED_EDGE('',*,*,#5344,.T.);
#3443=ORIENTED_EDGE('',*,*,#5350,.T.);
#3444=ORIENTED_EDGE('',*,*,#5351,.F.);
#3445=ORIENTED_EDGE('',*,*,#5352,.F.);
#3446=ORIENTED_EDGE('',*,*,#5348,.T.);
#3447=ORIENTED_EDGE('',*,*,#5353,.T.);
#3448=ORIENTED_EDGE('',*,*,#5354,.F.);
#3449=ORIENTED_EDGE('',*,*,#5355,.F.);
#3450=ORIENTED_EDGE('',*,*,#5351,.T.);
#3451=ORIENTED_EDGE('',*,*,#5356,.T.);
#3452=ORIENTED_EDGE('',*,*,#5357,.F.);
#3453=ORIENTED_EDGE('',*,*,#5358,.F.);
#3454=ORIENTED_EDGE('',*,*,#5354,.T.);
#3455=ORIENTED_EDGE('',*,*,#5359,.T.);
#3456=ORIENTED_EDGE('',*,*,#5360,.F.);
#3457=ORIENTED_EDGE('',*,*,#5361,.F.);
#3458=ORIENTED_EDGE('',*,*,#5357,.T.);
#3459=ORIENTED_EDGE('',*,*,#5362,.T.);
#3460=ORIENTED_EDGE('',*,*,#5363,.F.);
#3461=ORIENTED_EDGE('',*,*,#5364,.F.);
#3462=ORIENTED_EDGE('',*,*,#5360,.T.);
#3463=ORIENTED_EDGE('',*,*,#5365,.T.);
#3464=ORIENTED_EDGE('',*,*,#5366,.F.);
#3465=ORIENTED_EDGE('',*,*,#5367,.F.);
#3466=ORIENTED_EDGE('',*,*,#5363,.T.);
#3467=ORIENTED_EDGE('',*,*,#5368,.T.);
#3468=ORIENTED_EDGE('',*,*,#5369,.F.);
#3469=ORIENTED_EDGE('',*,*,#5370,.F.);
#3470=ORIENTED_EDGE('',*,*,#5366,.T.);
#3471=ORIENTED_EDGE('',*,*,#5371,.T.);
#3472=ORIENTED_EDGE('',*,*,#5372,.F.);
#3473=ORIENTED_EDGE('',*,*,#5373,.F.);
#3474=ORIENTED_EDGE('',*,*,#5369,.T.);
#3475=ORIENTED_EDGE('',*,*,#5374,.T.);
#3476=ORIENTED_EDGE('',*,*,#5375,.F.);
#3477=ORIENTED_EDGE('',*,*,#5376,.F.);
#3478=ORIENTED_EDGE('',*,*,#5372,.T.);
#3479=ORIENTED_EDGE('',*,*,#5377,.T.);
#3480=ORIENTED_EDGE('',*,*,#5378,.F.);
#3481=ORIENTED_EDGE('',*,*,#5379,.F.);
#3482=ORIENTED_EDGE('',*,*,#5375,.T.);
#3483=ORIENTED_EDGE('',*,*,#5380,.T.);
#3484=ORIENTED_EDGE('',*,*,#5381,.F.);
#3485=ORIENTED_EDGE('',*,*,#5382,.F.);
#3486=ORIENTED_EDGE('',*,*,#5378,.T.);
#3487=ORIENTED_EDGE('',*,*,#5383,.T.);
#3488=ORIENTED_EDGE('',*,*,#5384,.F.);
#3489=ORIENTED_EDGE('',*,*,#5385,.F.);
#3490=ORIENTED_EDGE('',*,*,#5381,.T.);
#3491=ORIENTED_EDGE('',*,*,#5386,.T.);
#3492=ORIENTED_EDGE('',*,*,#5387,.F.);
#3493=ORIENTED_EDGE('',*,*,#5388,.F.);
#3494=ORIENTED_EDGE('',*,*,#5384,.T.);
#3495=ORIENTED_EDGE('',*,*,#5389,.T.);
#3496=ORIENTED_EDGE('',*,*,#5390,.F.);
#3497=ORIENTED_EDGE('',*,*,#5391,.F.);
#3498=ORIENTED_EDGE('',*,*,#5387,.T.);
#3499=ORIENTED_EDGE('',*,*,#5392,.T.);
#3500=ORIENTED_EDGE('',*,*,#5393,.F.);
#3501=ORIENTED_EDGE('',*,*,#5394,.F.);
#3502=ORIENTED_EDGE('',*,*,#5390,.T.);
#3503=ORIENTED_EDGE('',*,*,#5395,.T.);
#3504=ORIENTED_EDGE('',*,*,#5396,.F.);
#3505=ORIENTED_EDGE('',*,*,#5397,.F.);
#3506=ORIENTED_EDGE('',*,*,#5393,.T.);
#3507=ORIENTED_EDGE('',*,*,#5398,.T.);
#3508=ORIENTED_EDGE('',*,*,#5399,.F.);
#3509=ORIENTED_EDGE('',*,*,#5400,.F.);
#3510=ORIENTED_EDGE('',*,*,#5396,.T.);
#3511=ORIENTED_EDGE('',*,*,#5401,.T.);
#3512=ORIENTED_EDGE('',*,*,#5402,.F.);
#3513=ORIENTED_EDGE('',*,*,#5403,.F.);
#3514=ORIENTED_EDGE('',*,*,#5399,.T.);
#3515=ORIENTED_EDGE('',*,*,#5404,.T.);
#3516=ORIENTED_EDGE('',*,*,#5405,.F.);
#3517=ORIENTED_EDGE('',*,*,#5406,.F.);
#3518=ORIENTED_EDGE('',*,*,#5402,.T.);
#3519=ORIENTED_EDGE('',*,*,#5407,.T.);
#3520=ORIENTED_EDGE('',*,*,#5408,.F.);
#3521=ORIENTED_EDGE('',*,*,#5409,.F.);
#3522=ORIENTED_EDGE('',*,*,#5405,.T.);
#3523=ORIENTED_EDGE('',*,*,#5410,.T.);
#3524=ORIENTED_EDGE('',*,*,#5411,.F.);
#3525=ORIENTED_EDGE('',*,*,#5412,.F.);
#3526=ORIENTED_EDGE('',*,*,#5408,.T.);
#3527=ORIENTED_EDGE('',*,*,#5413,.T.);
#3528=ORIENTED_EDGE('',*,*,#5414,.F.);
#3529=ORIENTED_EDGE('',*,*,#5415,.F.);
#3530=ORIENTED_EDGE('',*,*,#5411,.T.);
#3531=ORIENTED_EDGE('',*,*,#5416,.T.);
#3532=ORIENTED_EDGE('',*,*,#5417,.F.);
#3533=ORIENTED_EDGE('',*,*,#5418,.F.);
#3534=ORIENTED_EDGE('',*,*,#5414,.T.);
#3535=ORIENTED_EDGE('',*,*,#5419,.T.);
#3536=ORIENTED_EDGE('',*,*,#5420,.F.);
#3537=ORIENTED_EDGE('',*,*,#5421,.F.);
#3538=ORIENTED_EDGE('',*,*,#5417,.T.);
#3539=ORIENTED_EDGE('',*,*,#5422,.T.);
#3540=ORIENTED_EDGE('',*,*,#5423,.F.);
#3541=ORIENTED_EDGE('',*,*,#5424,.F.);
#3542=ORIENTED_EDGE('',*,*,#5420,.T.);
#3543=ORIENTED_EDGE('',*,*,#5425,.T.);
#3544=ORIENTED_EDGE('',*,*,#5426,.F.);
#3545=ORIENTED_EDGE('',*,*,#5427,.F.);
#3546=ORIENTED_EDGE('',*,*,#5423,.T.);
#3547=ORIENTED_EDGE('',*,*,#5428,.T.);
#3548=ORIENTED_EDGE('',*,*,#5429,.F.);
#3549=ORIENTED_EDGE('',*,*,#5430,.F.);
#3550=ORIENTED_EDGE('',*,*,#5426,.T.);
#3551=ORIENTED_EDGE('',*,*,#5431,.T.);
#3552=ORIENTED_EDGE('',*,*,#5432,.F.);
#3553=ORIENTED_EDGE('',*,*,#5433,.F.);
#3554=ORIENTED_EDGE('',*,*,#5429,.T.);
#3555=ORIENTED_EDGE('',*,*,#5434,.T.);
#3556=ORIENTED_EDGE('',*,*,#5435,.F.);
#3557=ORIENTED_EDGE('',*,*,#5436,.F.);
#3558=ORIENTED_EDGE('',*,*,#5432,.T.);
#3559=ORIENTED_EDGE('',*,*,#5437,.T.);
#3560=ORIENTED_EDGE('',*,*,#5438,.F.);
#3561=ORIENTED_EDGE('',*,*,#5439,.F.);
#3562=ORIENTED_EDGE('',*,*,#5435,.T.);
#3563=ORIENTED_EDGE('',*,*,#5440,.T.);
#3564=ORIENTED_EDGE('',*,*,#5441,.F.);
#3565=ORIENTED_EDGE('',*,*,#5442,.F.);
#3566=ORIENTED_EDGE('',*,*,#5438,.T.);
#3567=ORIENTED_EDGE('',*,*,#5443,.T.);
#3568=ORIENTED_EDGE('',*,*,#5444,.F.);
#3569=ORIENTED_EDGE('',*,*,#5445,.F.);
#3570=ORIENTED_EDGE('',*,*,#5441,.T.);
#3571=ORIENTED_EDGE('',*,*,#5446,.T.);
#3572=ORIENTED_EDGE('',*,*,#5447,.F.);
#3573=ORIENTED_EDGE('',*,*,#5448,.F.);
#3574=ORIENTED_EDGE('',*,*,#5444,.T.);
#3575=ORIENTED_EDGE('',*,*,#5449,.T.);
#3576=ORIENTED_EDGE('',*,*,#5450,.F.);
#3577=ORIENTED_EDGE('',*,*,#5451,.F.);
#3578=ORIENTED_EDGE('',*,*,#5447,.T.);
#3579=ORIENTED_EDGE('',*,*,#5452,.T.);
#3580=ORIENTED_EDGE('',*,*,#5453,.F.);
#3581=ORIENTED_EDGE('',*,*,#5454,.F.);
#3582=ORIENTED_EDGE('',*,*,#5450,.T.);
#3583=ORIENTED_EDGE('',*,*,#5455,.T.);
#3584=ORIENTED_EDGE('',*,*,#5456,.F.);
#3585=ORIENTED_EDGE('',*,*,#5457,.F.);
#3586=ORIENTED_EDGE('',*,*,#5453,.T.);
#3587=ORIENTED_EDGE('',*,*,#5458,.T.);
#3588=ORIENTED_EDGE('',*,*,#5459,.F.);
#3589=ORIENTED_EDGE('',*,*,#5460,.F.);
#3590=ORIENTED_EDGE('',*,*,#5456,.T.);
#3591=ORIENTED_EDGE('',*,*,#5461,.T.);
#3592=ORIENTED_EDGE('',*,*,#5462,.F.);
#3593=ORIENTED_EDGE('',*,*,#5463,.F.);
#3594=ORIENTED_EDGE('',*,*,#5459,.T.);
#3595=ORIENTED_EDGE('',*,*,#5464,.T.);
#3596=ORIENTED_EDGE('',*,*,#5465,.F.);
#3597=ORIENTED_EDGE('',*,*,#5466,.F.);
#3598=ORIENTED_EDGE('',*,*,#5462,.T.);
#3599=ORIENTED_EDGE('',*,*,#5467,.T.);
#3600=ORIENTED_EDGE('',*,*,#5468,.F.);
#3601=ORIENTED_EDGE('',*,*,#5469,.F.);
#3602=ORIENTED_EDGE('',*,*,#5465,.T.);
#3603=ORIENTED_EDGE('',*,*,#5470,.T.);
#3604=ORIENTED_EDGE('',*,*,#5471,.F.);
#3605=ORIENTED_EDGE('',*,*,#5472,.F.);
#3606=ORIENTED_EDGE('',*,*,#5468,.T.);
#3607=ORIENTED_EDGE('',*,*,#5473,.T.);
#3608=ORIENTED_EDGE('',*,*,#5474,.F.);
#3609=ORIENTED_EDGE('',*,*,#5475,.F.);
#3610=ORIENTED_EDGE('',*,*,#5471,.T.);
#3611=ORIENTED_EDGE('',*,*,#5476,.T.);
#3612=ORIENTED_EDGE('',*,*,#5477,.F.);
#3613=ORIENTED_EDGE('',*,*,#5478,.F.);
#3614=ORIENTED_EDGE('',*,*,#5474,.T.);
#3615=ORIENTED_EDGE('',*,*,#5479,.T.);
#3616=ORIENTED_EDGE('',*,*,#5480,.F.);
#3617=ORIENTED_EDGE('',*,*,#5481,.F.);
#3618=ORIENTED_EDGE('',*,*,#5477,.T.);
#3619=ORIENTED_EDGE('',*,*,#5482,.T.);
#3620=ORIENTED_EDGE('',*,*,#5483,.F.);
#3621=ORIENTED_EDGE('',*,*,#5484,.F.);
#3622=ORIENTED_EDGE('',*,*,#5480,.T.);
#3623=ORIENTED_EDGE('',*,*,#5485,.T.);
#3624=ORIENTED_EDGE('',*,*,#5486,.F.);
#3625=ORIENTED_EDGE('',*,*,#5487,.F.);
#3626=ORIENTED_EDGE('',*,*,#5483,.T.);
#3627=ORIENTED_EDGE('',*,*,#5488,.T.);
#3628=ORIENTED_EDGE('',*,*,#5489,.F.);
#3629=ORIENTED_EDGE('',*,*,#5490,.F.);
#3630=ORIENTED_EDGE('',*,*,#5486,.T.);
#3631=ORIENTED_EDGE('',*,*,#5491,.T.);
#3632=ORIENTED_EDGE('',*,*,#5492,.F.);
#3633=ORIENTED_EDGE('',*,*,#5493,.F.);
#3634=ORIENTED_EDGE('',*,*,#5489,.T.);
#3635=ORIENTED_EDGE('',*,*,#5494,.T.);
#3636=ORIENTED_EDGE('',*,*,#5495,.F.);
#3637=ORIENTED_EDGE('',*,*,#5496,.F.);
#3638=ORIENTED_EDGE('',*,*,#5492,.T.);
#3639=ORIENTED_EDGE('',*,*,#5497,.T.);
#3640=ORIENTED_EDGE('',*,*,#5498,.F.);
#3641=ORIENTED_EDGE('',*,*,#5499,.F.);
#3642=ORIENTED_EDGE('',*,*,#5495,.T.);
#3643=ORIENTED_EDGE('',*,*,#5500,.T.);
#3644=ORIENTED_EDGE('',*,*,#5501,.F.);
#3645=ORIENTED_EDGE('',*,*,#5502,.F.);
#3646=ORIENTED_EDGE('',*,*,#5498,.T.);
#3647=ORIENTED_EDGE('',*,*,#5503,.T.);
#3648=ORIENTED_EDGE('',*,*,#5504,.F.);
#3649=ORIENTED_EDGE('',*,*,#5505,.F.);
#3650=ORIENTED_EDGE('',*,*,#5501,.T.);
#3651=ORIENTED_EDGE('',*,*,#5506,.T.);
#3652=ORIENTED_EDGE('',*,*,#5507,.F.);
#3653=ORIENTED_EDGE('',*,*,#5508,.F.);
#3654=ORIENTED_EDGE('',*,*,#5504,.T.);
#3655=ORIENTED_EDGE('',*,*,#5509,.T.);
#3656=ORIENTED_EDGE('',*,*,#5510,.F.);
#3657=ORIENTED_EDGE('',*,*,#5511,.F.);
#3658=ORIENTED_EDGE('',*,*,#5507,.T.);
#3659=ORIENTED_EDGE('',*,*,#5512,.T.);
#3660=ORIENTED_EDGE('',*,*,#5513,.F.);
#3661=ORIENTED_EDGE('',*,*,#5514,.F.);
#3662=ORIENTED_EDGE('',*,*,#5510,.T.);
#3663=ORIENTED_EDGE('',*,*,#5515,.T.);
#3664=ORIENTED_EDGE('',*,*,#5516,.F.);
#3665=ORIENTED_EDGE('',*,*,#5517,.F.);
#3666=ORIENTED_EDGE('',*,*,#5513,.T.);
#3667=ORIENTED_EDGE('',*,*,#5518,.T.);
#3668=ORIENTED_EDGE('',*,*,#5519,.F.);
#3669=ORIENTED_EDGE('',*,*,#5520,.F.);
#3670=ORIENTED_EDGE('',*,*,#5516,.T.);
#3671=ORIENTED_EDGE('',*,*,#5521,.T.);
#3672=ORIENTED_EDGE('',*,*,#5522,.F.);
#3673=ORIENTED_EDGE('',*,*,#5523,.F.);
#3674=ORIENTED_EDGE('',*,*,#5519,.T.);
#3675=ORIENTED_EDGE('',*,*,#5524,.T.);
#3676=ORIENTED_EDGE('',*,*,#5525,.F.);
#3677=ORIENTED_EDGE('',*,*,#5526,.F.);
#3678=ORIENTED_EDGE('',*,*,#5522,.T.);
#3679=ORIENTED_EDGE('',*,*,#5527,.T.);
#3680=ORIENTED_EDGE('',*,*,#5528,.F.);
#3681=ORIENTED_EDGE('',*,*,#5529,.F.);
#3682=ORIENTED_EDGE('',*,*,#5525,.T.);
#3683=ORIENTED_EDGE('',*,*,#5530,.T.);
#3684=ORIENTED_EDGE('',*,*,#5531,.F.);
#3685=ORIENTED_EDGE('',*,*,#5532,.F.);
#3686=ORIENTED_EDGE('',*,*,#5528,.T.);
#3687=ORIENTED_EDGE('',*,*,#5533,.T.);
#3688=ORIENTED_EDGE('',*,*,#5534,.F.);
#3689=ORIENTED_EDGE('',*,*,#5535,.F.);
#3690=ORIENTED_EDGE('',*,*,#5531,.T.);
#3691=ORIENTED_EDGE('',*,*,#5536,.T.);
#3692=ORIENTED_EDGE('',*,*,#5537,.F.);
#3693=ORIENTED_EDGE('',*,*,#5538,.F.);
#3694=ORIENTED_EDGE('',*,*,#5534,.T.);
#3695=ORIENTED_EDGE('',*,*,#5539,.T.);
#3696=ORIENTED_EDGE('',*,*,#5540,.F.);
#3697=ORIENTED_EDGE('',*,*,#5541,.F.);
#3698=ORIENTED_EDGE('',*,*,#5542,.T.);
#3699=ORIENTED_EDGE('',*,*,#5543,.T.);
#3700=ORIENTED_EDGE('',*,*,#5544,.F.);
#3701=ORIENTED_EDGE('',*,*,#5545,.F.);
#3702=ORIENTED_EDGE('',*,*,#5540,.T.);
#3703=ORIENTED_EDGE('',*,*,#5546,.T.);
#3704=ORIENTED_EDGE('',*,*,#5547,.F.);
#3705=ORIENTED_EDGE('',*,*,#5548,.F.);
#3706=ORIENTED_EDGE('',*,*,#5544,.T.);
#3707=ORIENTED_EDGE('',*,*,#5549,.T.);
#3708=ORIENTED_EDGE('',*,*,#5550,.F.);
#3709=ORIENTED_EDGE('',*,*,#5551,.F.);
#3710=ORIENTED_EDGE('',*,*,#5547,.T.);
#3711=ORIENTED_EDGE('',*,*,#5552,.T.);
#3712=ORIENTED_EDGE('',*,*,#5553,.F.);
#3713=ORIENTED_EDGE('',*,*,#5554,.F.);
#3714=ORIENTED_EDGE('',*,*,#5550,.T.);
#3715=ORIENTED_EDGE('',*,*,#5555,.T.);
#3716=ORIENTED_EDGE('',*,*,#5556,.F.);
#3717=ORIENTED_EDGE('',*,*,#5557,.F.);
#3718=ORIENTED_EDGE('',*,*,#5553,.T.);
#3719=ORIENTED_EDGE('',*,*,#5558,.T.);
#3720=ORIENTED_EDGE('',*,*,#5559,.F.);
#3721=ORIENTED_EDGE('',*,*,#5560,.F.);
#3722=ORIENTED_EDGE('',*,*,#5556,.T.);
#3723=ORIENTED_EDGE('',*,*,#5561,.T.);
#3724=ORIENTED_EDGE('',*,*,#5562,.F.);
#3725=ORIENTED_EDGE('',*,*,#5563,.F.);
#3726=ORIENTED_EDGE('',*,*,#5559,.T.);
#3727=ORIENTED_EDGE('',*,*,#5564,.T.);
#3728=ORIENTED_EDGE('',*,*,#5565,.F.);
#3729=ORIENTED_EDGE('',*,*,#5566,.F.);
#3730=ORIENTED_EDGE('',*,*,#5562,.T.);
#3731=ORIENTED_EDGE('',*,*,#5567,.T.);
#3732=ORIENTED_EDGE('',*,*,#5568,.F.);
#3733=ORIENTED_EDGE('',*,*,#5569,.F.);
#3734=ORIENTED_EDGE('',*,*,#5565,.T.);
#3735=ORIENTED_EDGE('',*,*,#5570,.T.);
#3736=ORIENTED_EDGE('',*,*,#5571,.F.);
#3737=ORIENTED_EDGE('',*,*,#5572,.F.);
#3738=ORIENTED_EDGE('',*,*,#5568,.T.);
#3739=ORIENTED_EDGE('',*,*,#5573,.T.);
#3740=ORIENTED_EDGE('',*,*,#5574,.F.);
#3741=ORIENTED_EDGE('',*,*,#5575,.F.);
#3742=ORIENTED_EDGE('',*,*,#5571,.T.);
#3743=ORIENTED_EDGE('',*,*,#5576,.T.);
#3744=ORIENTED_EDGE('',*,*,#5577,.F.);
#3745=ORIENTED_EDGE('',*,*,#5578,.F.);
#3746=ORIENTED_EDGE('',*,*,#5574,.T.);
#3747=ORIENTED_EDGE('',*,*,#5579,.T.);
#3748=ORIENTED_EDGE('',*,*,#5580,.F.);
#3749=ORIENTED_EDGE('',*,*,#5581,.F.);
#3750=ORIENTED_EDGE('',*,*,#5577,.T.);
#3751=ORIENTED_EDGE('',*,*,#5582,.T.);
#3752=ORIENTED_EDGE('',*,*,#5583,.F.);
#3753=ORIENTED_EDGE('',*,*,#5584,.F.);
#3754=ORIENTED_EDGE('',*,*,#5580,.T.);
#3755=ORIENTED_EDGE('',*,*,#5585,.T.);
#3756=ORIENTED_EDGE('',*,*,#5586,.F.);
#3757=ORIENTED_EDGE('',*,*,#5587,.F.);
#3758=ORIENTED_EDGE('',*,*,#5583,.T.);
#3759=ORIENTED_EDGE('',*,*,#5588,.T.);
#3760=ORIENTED_EDGE('',*,*,#5589,.F.);
#3761=ORIENTED_EDGE('',*,*,#5590,.F.);
#3762=ORIENTED_EDGE('',*,*,#5586,.T.);
#3763=ORIENTED_EDGE('',*,*,#5591,.T.);
#3764=ORIENTED_EDGE('',*,*,#5592,.F.);
#3765=ORIENTED_EDGE('',*,*,#5593,.F.);
#3766=ORIENTED_EDGE('',*,*,#5589,.T.);
#3767=ORIENTED_EDGE('',*,*,#5594,.T.);
#3768=ORIENTED_EDGE('',*,*,#5595,.F.);
#3769=ORIENTED_EDGE('',*,*,#5596,.F.);
#3770=ORIENTED_EDGE('',*,*,#5592,.T.);
#3771=ORIENTED_EDGE('',*,*,#5597,.T.);
#3772=ORIENTED_EDGE('',*,*,#5598,.F.);
#3773=ORIENTED_EDGE('',*,*,#5599,.F.);
#3774=ORIENTED_EDGE('',*,*,#5595,.T.);
#3775=ORIENTED_EDGE('',*,*,#5600,.T.);
#3776=ORIENTED_EDGE('',*,*,#5601,.F.);
#3777=ORIENTED_EDGE('',*,*,#5602,.F.);
#3778=ORIENTED_EDGE('',*,*,#5598,.T.);
#3779=ORIENTED_EDGE('',*,*,#5603,.T.);
#3780=ORIENTED_EDGE('',*,*,#5604,.F.);
#3781=ORIENTED_EDGE('',*,*,#5605,.F.);
#3782=ORIENTED_EDGE('',*,*,#5601,.T.);
#3783=ORIENTED_EDGE('',*,*,#5606,.T.);
#3784=ORIENTED_EDGE('',*,*,#5607,.F.);
#3785=ORIENTED_EDGE('',*,*,#5608,.F.);
#3786=ORIENTED_EDGE('',*,*,#5604,.T.);
#3787=ORIENTED_EDGE('',*,*,#5609,.T.);
#3788=ORIENTED_EDGE('',*,*,#5610,.F.);
#3789=ORIENTED_EDGE('',*,*,#5611,.F.);
#3790=ORIENTED_EDGE('',*,*,#5607,.T.);
#3791=ORIENTED_EDGE('',*,*,#5612,.T.);
#3792=ORIENTED_EDGE('',*,*,#5613,.F.);
#3793=ORIENTED_EDGE('',*,*,#5614,.F.);
#3794=ORIENTED_EDGE('',*,*,#5610,.T.);
#3795=ORIENTED_EDGE('',*,*,#5615,.T.);
#3796=ORIENTED_EDGE('',*,*,#5616,.F.);
#3797=ORIENTED_EDGE('',*,*,#5617,.F.);
#3798=ORIENTED_EDGE('',*,*,#5613,.T.);
#3799=ORIENTED_EDGE('',*,*,#5618,.T.);
#3800=ORIENTED_EDGE('',*,*,#5619,.F.);
#3801=ORIENTED_EDGE('',*,*,#5620,.F.);
#3802=ORIENTED_EDGE('',*,*,#5616,.T.);
#3803=ORIENTED_EDGE('',*,*,#5621,.T.);
#3804=ORIENTED_EDGE('',*,*,#5622,.F.);
#3805=ORIENTED_EDGE('',*,*,#5623,.F.);
#3806=ORIENTED_EDGE('',*,*,#5619,.T.);
#3807=ORIENTED_EDGE('',*,*,#5624,.T.);
#3808=ORIENTED_EDGE('',*,*,#5625,.F.);
#3809=ORIENTED_EDGE('',*,*,#5626,.F.);
#3810=ORIENTED_EDGE('',*,*,#5622,.T.);
#3811=ORIENTED_EDGE('',*,*,#5627,.T.);
#3812=ORIENTED_EDGE('',*,*,#5628,.F.);
#3813=ORIENTED_EDGE('',*,*,#5629,.F.);
#3814=ORIENTED_EDGE('',*,*,#5625,.T.);
#3815=ORIENTED_EDGE('',*,*,#5630,.T.);
#3816=ORIENTED_EDGE('',*,*,#5631,.F.);
#3817=ORIENTED_EDGE('',*,*,#5632,.F.);
#3818=ORIENTED_EDGE('',*,*,#5628,.T.);
#3819=ORIENTED_EDGE('',*,*,#5633,.T.);
#3820=ORIENTED_EDGE('',*,*,#5634,.F.);
#3821=ORIENTED_EDGE('',*,*,#5635,.F.);
#3822=ORIENTED_EDGE('',*,*,#5631,.T.);
#3823=ORIENTED_EDGE('',*,*,#5636,.T.);
#3824=ORIENTED_EDGE('',*,*,#5637,.F.);
#3825=ORIENTED_EDGE('',*,*,#5638,.F.);
#3826=ORIENTED_EDGE('',*,*,#5634,.T.);
#3827=ORIENTED_EDGE('',*,*,#5639,.T.);
#3828=ORIENTED_EDGE('',*,*,#5640,.F.);
#3829=ORIENTED_EDGE('',*,*,#5641,.F.);
#3830=ORIENTED_EDGE('',*,*,#5637,.T.);
#3831=ORIENTED_EDGE('',*,*,#5642,.T.);
#3832=ORIENTED_EDGE('',*,*,#5643,.F.);
#3833=ORIENTED_EDGE('',*,*,#5644,.F.);
#3834=ORIENTED_EDGE('',*,*,#5640,.T.);
#3835=ORIENTED_EDGE('',*,*,#5645,.T.);
#3836=ORIENTED_EDGE('',*,*,#5646,.F.);
#3837=ORIENTED_EDGE('',*,*,#5647,.F.);
#3838=ORIENTED_EDGE('',*,*,#5643,.T.);
#3839=ORIENTED_EDGE('',*,*,#5648,.T.);
#3840=ORIENTED_EDGE('',*,*,#5649,.F.);
#3841=ORIENTED_EDGE('',*,*,#5650,.F.);
#3842=ORIENTED_EDGE('',*,*,#5646,.T.);
#3843=ORIENTED_EDGE('',*,*,#5651,.T.);
#3844=ORIENTED_EDGE('',*,*,#5652,.F.);
#3845=ORIENTED_EDGE('',*,*,#5653,.F.);
#3846=ORIENTED_EDGE('',*,*,#5649,.T.);
#3847=ORIENTED_EDGE('',*,*,#5654,.T.);
#3848=ORIENTED_EDGE('',*,*,#5655,.F.);
#3849=ORIENTED_EDGE('',*,*,#5656,.F.);
#3850=ORIENTED_EDGE('',*,*,#5652,.T.);
#3851=ORIENTED_EDGE('',*,*,#5657,.T.);
#3852=ORIENTED_EDGE('',*,*,#5658,.F.);
#3853=ORIENTED_EDGE('',*,*,#5659,.F.);
#3854=ORIENTED_EDGE('',*,*,#5655,.T.);
#3855=ORIENTED_EDGE('',*,*,#5660,.T.);
#3856=ORIENTED_EDGE('',*,*,#5661,.F.);
#3857=ORIENTED_EDGE('',*,*,#5662,.F.);
#3858=ORIENTED_EDGE('',*,*,#5658,.T.);
#3859=ORIENTED_EDGE('',*,*,#5663,.T.);
#3860=ORIENTED_EDGE('',*,*,#5664,.F.);
#3861=ORIENTED_EDGE('',*,*,#5665,.F.);
#3862=ORIENTED_EDGE('',*,*,#5661,.T.);
#3863=ORIENTED_EDGE('',*,*,#5666,.T.);
#3864=ORIENTED_EDGE('',*,*,#5667,.F.);
#3865=ORIENTED_EDGE('',*,*,#5668,.F.);
#3866=ORIENTED_EDGE('',*,*,#5664,.T.);
#3867=ORIENTED_EDGE('',*,*,#5669,.T.);
#3868=ORIENTED_EDGE('',*,*,#5670,.F.);
#3869=ORIENTED_EDGE('',*,*,#5671,.F.);
#3870=ORIENTED_EDGE('',*,*,#5667,.T.);
#3871=ORIENTED_EDGE('',*,*,#5672,.T.);
#3872=ORIENTED_EDGE('',*,*,#5673,.F.);
#3873=ORIENTED_EDGE('',*,*,#5674,.F.);
#3874=ORIENTED_EDGE('',*,*,#5670,.T.);
#3875=ORIENTED_EDGE('',*,*,#5675,.T.);
#3876=ORIENTED_EDGE('',*,*,#5676,.F.);
#3877=ORIENTED_EDGE('',*,*,#5677,.F.);
#3878=ORIENTED_EDGE('',*,*,#5673,.T.);
#3879=ORIENTED_EDGE('',*,*,#5678,.T.);
#3880=ORIENTED_EDGE('',*,*,#5679,.F.);
#3881=ORIENTED_EDGE('',*,*,#5680,.F.);
#3882=ORIENTED_EDGE('',*,*,#5676,.T.);
#3883=ORIENTED_EDGE('',*,*,#5681,.T.);
#3884=ORIENTED_EDGE('',*,*,#5682,.F.);
#3885=ORIENTED_EDGE('',*,*,#5683,.F.);
#3886=ORIENTED_EDGE('',*,*,#5679,.T.);
#3887=ORIENTED_EDGE('',*,*,#5684,.T.);
#3888=ORIENTED_EDGE('',*,*,#5685,.F.);
#3889=ORIENTED_EDGE('',*,*,#5686,.F.);
#3890=ORIENTED_EDGE('',*,*,#5682,.T.);
#3891=ORIENTED_EDGE('',*,*,#5687,.T.);
#3892=ORIENTED_EDGE('',*,*,#5688,.F.);
#3893=ORIENTED_EDGE('',*,*,#5689,.F.);
#3894=ORIENTED_EDGE('',*,*,#5685,.T.);
#3895=ORIENTED_EDGE('',*,*,#5690,.T.);
#3896=ORIENTED_EDGE('',*,*,#5691,.F.);
#3897=ORIENTED_EDGE('',*,*,#5692,.F.);
#3898=ORIENTED_EDGE('',*,*,#5688,.T.);
#3899=ORIENTED_EDGE('',*,*,#5693,.T.);
#3900=ORIENTED_EDGE('',*,*,#5694,.F.);
#3901=ORIENTED_EDGE('',*,*,#5695,.F.);
#3902=ORIENTED_EDGE('',*,*,#5691,.T.);
#3903=ORIENTED_EDGE('',*,*,#5696,.T.);
#3904=ORIENTED_EDGE('',*,*,#5697,.F.);
#3905=ORIENTED_EDGE('',*,*,#5698,.F.);
#3906=ORIENTED_EDGE('',*,*,#5694,.T.);
#3907=ORIENTED_EDGE('',*,*,#5699,.T.);
#3908=ORIENTED_EDGE('',*,*,#5700,.F.);
#3909=ORIENTED_EDGE('',*,*,#5701,.F.);
#3910=ORIENTED_EDGE('',*,*,#5697,.T.);
#3911=ORIENTED_EDGE('',*,*,#5702,.T.);
#3912=ORIENTED_EDGE('',*,*,#5703,.F.);
#3913=ORIENTED_EDGE('',*,*,#5704,.F.);
#3914=ORIENTED_EDGE('',*,*,#5700,.T.);
#3915=ORIENTED_EDGE('',*,*,#5705,.T.);
#3916=ORIENTED_EDGE('',*,*,#5706,.F.);
#3917=ORIENTED_EDGE('',*,*,#5707,.F.);
#3918=ORIENTED_EDGE('',*,*,#5703,.T.);
#3919=ORIENTED_EDGE('',*,*,#5708,.T.);
#3920=ORIENTED_EDGE('',*,*,#5709,.F.);
#3921=ORIENTED_EDGE('',*,*,#5710,.F.);
#3922=ORIENTED_EDGE('',*,*,#5706,.T.);
#3923=ORIENTED_EDGE('',*,*,#5711,.T.);
#3924=ORIENTED_EDGE('',*,*,#5712,.F.);
#3925=ORIENTED_EDGE('',*,*,#5713,.F.);
#3926=ORIENTED_EDGE('',*,*,#5709,.T.);
#3927=ORIENTED_EDGE('',*,*,#5714,.T.);
#3928=ORIENTED_EDGE('',*,*,#5715,.F.);
#3929=ORIENTED_EDGE('',*,*,#5716,.F.);
#3930=ORIENTED_EDGE('',*,*,#5712,.T.);
#3931=ORIENTED_EDGE('',*,*,#5717,.T.);
#3932=ORIENTED_EDGE('',*,*,#5718,.F.);
#3933=ORIENTED_EDGE('',*,*,#5719,.F.);
#3934=ORIENTED_EDGE('',*,*,#5715,.T.);
#3935=ORIENTED_EDGE('',*,*,#5720,.T.);
#3936=ORIENTED_EDGE('',*,*,#5721,.F.);
#3937=ORIENTED_EDGE('',*,*,#5722,.F.);
#3938=ORIENTED_EDGE('',*,*,#5718,.T.);
#3939=ORIENTED_EDGE('',*,*,#5723,.T.);
#3940=ORIENTED_EDGE('',*,*,#5724,.F.);
#3941=ORIENTED_EDGE('',*,*,#5725,.F.);
#3942=ORIENTED_EDGE('',*,*,#5721,.T.);
#3943=ORIENTED_EDGE('',*,*,#5726,.T.);
#3944=ORIENTED_EDGE('',*,*,#5727,.F.);
#3945=ORIENTED_EDGE('',*,*,#5728,.F.);
#3946=ORIENTED_EDGE('',*,*,#5724,.T.);
#3947=ORIENTED_EDGE('',*,*,#5729,.T.);
#3948=ORIENTED_EDGE('',*,*,#5730,.F.);
#3949=ORIENTED_EDGE('',*,*,#5731,.F.);
#3950=ORIENTED_EDGE('',*,*,#5732,.T.);
#3951=ORIENTED_EDGE('',*,*,#5733,.T.);
#3952=ORIENTED_EDGE('',*,*,#5734,.F.);
#3953=ORIENTED_EDGE('',*,*,#5735,.F.);
#3954=ORIENTED_EDGE('',*,*,#5730,.T.);
#3955=ORIENTED_EDGE('',*,*,#5736,.T.);
#3956=ORIENTED_EDGE('',*,*,#5737,.F.);
#3957=ORIENTED_EDGE('',*,*,#5738,.F.);
#3958=ORIENTED_EDGE('',*,*,#5734,.T.);
#3959=ORIENTED_EDGE('',*,*,#5739,.T.);
#3960=ORIENTED_EDGE('',*,*,#5740,.F.);
#3961=ORIENTED_EDGE('',*,*,#5741,.F.);
#3962=ORIENTED_EDGE('',*,*,#5737,.T.);
#3963=ORIENTED_EDGE('',*,*,#5742,.T.);
#3964=ORIENTED_EDGE('',*,*,#5743,.F.);
#3965=ORIENTED_EDGE('',*,*,#5744,.F.);
#3966=ORIENTED_EDGE('',*,*,#5740,.T.);
#3967=ORIENTED_EDGE('',*,*,#5745,.T.);
#3968=ORIENTED_EDGE('',*,*,#5746,.F.);
#3969=ORIENTED_EDGE('',*,*,#5747,.F.);
#3970=ORIENTED_EDGE('',*,*,#5743,.T.);
#3971=ORIENTED_EDGE('',*,*,#5748,.T.);
#3972=ORIENTED_EDGE('',*,*,#5749,.F.);
#3973=ORIENTED_EDGE('',*,*,#5750,.F.);
#3974=ORIENTED_EDGE('',*,*,#5746,.T.);
#3975=ORIENTED_EDGE('',*,*,#5751,.T.);
#3976=ORIENTED_EDGE('',*,*,#5752,.F.);
#3977=ORIENTED_EDGE('',*,*,#5753,.F.);
#3978=ORIENTED_EDGE('',*,*,#5749,.T.);
#3979=ORIENTED_EDGE('',*,*,#5754,.T.);
#3980=ORIENTED_EDGE('',*,*,#5755,.F.);
#3981=ORIENTED_EDGE('',*,*,#5756,.F.);
#3982=ORIENTED_EDGE('',*,*,#5752,.T.);
#3983=ORIENTED_EDGE('',*,*,#5757,.T.);
#3984=ORIENTED_EDGE('',*,*,#5758,.F.);
#3985=ORIENTED_EDGE('',*,*,#5759,.F.);
#3986=ORIENTED_EDGE('',*,*,#5755,.T.);
#3987=ORIENTED_EDGE('',*,*,#5760,.T.);
#3988=ORIENTED_EDGE('',*,*,#5761,.F.);
#3989=ORIENTED_EDGE('',*,*,#5762,.F.);
#3990=ORIENTED_EDGE('',*,*,#5758,.T.);
#3991=ORIENTED_EDGE('',*,*,#5763,.T.);
#3992=ORIENTED_EDGE('',*,*,#5764,.F.);
#3993=ORIENTED_EDGE('',*,*,#5765,.F.);
#3994=ORIENTED_EDGE('',*,*,#5761,.T.);
#3995=ORIENTED_EDGE('',*,*,#5766,.T.);
#3996=ORIENTED_EDGE('',*,*,#5767,.F.);
#3997=ORIENTED_EDGE('',*,*,#5768,.F.);
#3998=ORIENTED_EDGE('',*,*,#5764,.T.);
#3999=ORIENTED_EDGE('',*,*,#5769,.T.);
#4000=ORIENTED_EDGE('',*,*,#5770,.F.);
#4001=ORIENTED_EDGE('',*,*,#5771,.F.);
#4002=ORIENTED_EDGE('',*,*,#5767,.T.);
#4003=ORIENTED_EDGE('',*,*,#5772,.T.);
#4004=ORIENTED_EDGE('',*,*,#5773,.F.);
#4005=ORIENTED_EDGE('',*,*,#5774,.F.);
#4006=ORIENTED_EDGE('',*,*,#5770,.T.);
#4007=ORIENTED_EDGE('',*,*,#5775,.T.);
#4008=ORIENTED_EDGE('',*,*,#5776,.F.);
#4009=ORIENTED_EDGE('',*,*,#5777,.F.);
#4010=ORIENTED_EDGE('',*,*,#5773,.T.);
#4011=ORIENTED_EDGE('',*,*,#5778,.T.);
#4012=ORIENTED_EDGE('',*,*,#5779,.F.);
#4013=ORIENTED_EDGE('',*,*,#5780,.F.);
#4014=ORIENTED_EDGE('',*,*,#5776,.T.);
#4015=ORIENTED_EDGE('',*,*,#5781,.T.);
#4016=ORIENTED_EDGE('',*,*,#5782,.F.);
#4017=ORIENTED_EDGE('',*,*,#5783,.F.);
#4018=ORIENTED_EDGE('',*,*,#5779,.T.);
#4019=ORIENTED_EDGE('',*,*,#5784,.T.);
#4020=ORIENTED_EDGE('',*,*,#5785,.F.);
#4021=ORIENTED_EDGE('',*,*,#5786,.F.);
#4022=ORIENTED_EDGE('',*,*,#5782,.T.);
#4023=ORIENTED_EDGE('',*,*,#5787,.T.);
#4024=ORIENTED_EDGE('',*,*,#5788,.F.);
#4025=ORIENTED_EDGE('',*,*,#5789,.F.);
#4026=ORIENTED_EDGE('',*,*,#5785,.T.);
#4027=ORIENTED_EDGE('',*,*,#5790,.T.);
#4028=ORIENTED_EDGE('',*,*,#5791,.F.);
#4029=ORIENTED_EDGE('',*,*,#5792,.F.);
#4030=ORIENTED_EDGE('',*,*,#5788,.T.);
#4031=ORIENTED_EDGE('',*,*,#5793,.T.);
#4032=ORIENTED_EDGE('',*,*,#5794,.F.);
#4033=ORIENTED_EDGE('',*,*,#5795,.F.);
#4034=ORIENTED_EDGE('',*,*,#5791,.T.);
#4035=ORIENTED_EDGE('',*,*,#5796,.T.);
#4036=ORIENTED_EDGE('',*,*,#5797,.F.);
#4037=ORIENTED_EDGE('',*,*,#5798,.F.);
#4038=ORIENTED_EDGE('',*,*,#5794,.T.);
#4039=ORIENTED_EDGE('',*,*,#5799,.T.);
#4040=ORIENTED_EDGE('',*,*,#5800,.F.);
#4041=ORIENTED_EDGE('',*,*,#5801,.F.);
#4042=ORIENTED_EDGE('',*,*,#5797,.T.);
#4043=ORIENTED_EDGE('',*,*,#5802,.T.);
#4044=ORIENTED_EDGE('',*,*,#5803,.F.);
#4045=ORIENTED_EDGE('',*,*,#5804,.F.);
#4046=ORIENTED_EDGE('',*,*,#5800,.T.);
#4047=ORIENTED_EDGE('',*,*,#5805,.T.);
#4048=ORIENTED_EDGE('',*,*,#5806,.F.);
#4049=ORIENTED_EDGE('',*,*,#5807,.F.);
#4050=ORIENTED_EDGE('',*,*,#5803,.T.);
#4051=ORIENTED_EDGE('',*,*,#5808,.T.);
#4052=ORIENTED_EDGE('',*,*,#5809,.F.);
#4053=ORIENTED_EDGE('',*,*,#5810,.F.);
#4054=ORIENTED_EDGE('',*,*,#5806,.T.);
#4055=ORIENTED_EDGE('',*,*,#5811,.T.);
#4056=ORIENTED_EDGE('',*,*,#5812,.F.);
#4057=ORIENTED_EDGE('',*,*,#5813,.F.);
#4058=ORIENTED_EDGE('',*,*,#5809,.T.);
#4059=ORIENTED_EDGE('',*,*,#5814,.T.);
#4060=ORIENTED_EDGE('',*,*,#5815,.F.);
#4061=ORIENTED_EDGE('',*,*,#5816,.F.);
#4062=ORIENTED_EDGE('',*,*,#5812,.T.);
#4063=ORIENTED_EDGE('',*,*,#5817,.T.);
#4064=ORIENTED_EDGE('',*,*,#5818,.F.);
#4065=ORIENTED_EDGE('',*,*,#5819,.F.);
#4066=ORIENTED_EDGE('',*,*,#5815,.T.);
#4067=ORIENTED_EDGE('',*,*,#5820,.T.);
#4068=ORIENTED_EDGE('',*,*,#5821,.F.);
#4069=ORIENTED_EDGE('',*,*,#5822,.F.);
#4070=ORIENTED_EDGE('',*,*,#5818,.T.);
#4071=ORIENTED_EDGE('',*,*,#5823,.T.);
#4072=ORIENTED_EDGE('',*,*,#5824,.F.);
#4073=ORIENTED_EDGE('',*,*,#5825,.F.);
#4074=ORIENTED_EDGE('',*,*,#5821,.T.);
#4075=ORIENTED_EDGE('',*,*,#5826,.T.);
#4076=ORIENTED_EDGE('',*,*,#5827,.F.);
#4077=ORIENTED_EDGE('',*,*,#5828,.F.);
#4078=ORIENTED_EDGE('',*,*,#5824,.T.);
#4079=ORIENTED_EDGE('',*,*,#5829,.T.);
#4080=ORIENTED_EDGE('',*,*,#5830,.F.);
#4081=ORIENTED_EDGE('',*,*,#5831,.F.);
#4082=ORIENTED_EDGE('',*,*,#5827,.T.);
#4083=ORIENTED_EDGE('',*,*,#5832,.T.);
#4084=ORIENTED_EDGE('',*,*,#5833,.F.);
#4085=ORIENTED_EDGE('',*,*,#5834,.F.);
#4086=ORIENTED_EDGE('',*,*,#5830,.T.);
#4087=ORIENTED_EDGE('',*,*,#5835,.T.);
#4088=ORIENTED_EDGE('',*,*,#5836,.F.);
#4089=ORIENTED_EDGE('',*,*,#5837,.F.);
#4090=ORIENTED_EDGE('',*,*,#5833,.T.);
#4091=ORIENTED_EDGE('',*,*,#5838,.T.);
#4092=ORIENTED_EDGE('',*,*,#5839,.F.);
#4093=ORIENTED_EDGE('',*,*,#5840,.F.);
#4094=ORIENTED_EDGE('',*,*,#5836,.T.);
#4095=ORIENTED_EDGE('',*,*,#5841,.T.);
#4096=ORIENTED_EDGE('',*,*,#5842,.F.);
#4097=ORIENTED_EDGE('',*,*,#5843,.F.);
#4098=ORIENTED_EDGE('',*,*,#5839,.T.);
#4099=ORIENTED_EDGE('',*,*,#5844,.T.);
#4100=ORIENTED_EDGE('',*,*,#5845,.F.);
#4101=ORIENTED_EDGE('',*,*,#5846,.F.);
#4102=ORIENTED_EDGE('',*,*,#5842,.T.);
#4103=ORIENTED_EDGE('',*,*,#5847,.T.);
#4104=ORIENTED_EDGE('',*,*,#5848,.F.);
#4105=ORIENTED_EDGE('',*,*,#5849,.F.);
#4106=ORIENTED_EDGE('',*,*,#5845,.T.);
#4107=ORIENTED_EDGE('',*,*,#5850,.T.);
#4108=ORIENTED_EDGE('',*,*,#5851,.F.);
#4109=ORIENTED_EDGE('',*,*,#5852,.F.);
#4110=ORIENTED_EDGE('',*,*,#5848,.T.);
#4111=ORIENTED_EDGE('',*,*,#5853,.T.);
#4112=ORIENTED_EDGE('',*,*,#5854,.F.);
#4113=ORIENTED_EDGE('',*,*,#5855,.F.);
#4114=ORIENTED_EDGE('',*,*,#5851,.T.);
#4115=ORIENTED_EDGE('',*,*,#5856,.T.);
#4116=ORIENTED_EDGE('',*,*,#5857,.F.);
#4117=ORIENTED_EDGE('',*,*,#5858,.F.);
#4118=ORIENTED_EDGE('',*,*,#5854,.T.);
#4119=ORIENTED_EDGE('',*,*,#5859,.T.);
#4120=ORIENTED_EDGE('',*,*,#5860,.F.);
#4121=ORIENTED_EDGE('',*,*,#5861,.F.);
#4122=ORIENTED_EDGE('',*,*,#5857,.T.);
#4123=ORIENTED_EDGE('',*,*,#5862,.T.);
#4124=ORIENTED_EDGE('',*,*,#5863,.F.);
#4125=ORIENTED_EDGE('',*,*,#5864,.F.);
#4126=ORIENTED_EDGE('',*,*,#5860,.T.);
#4127=ORIENTED_EDGE('',*,*,#5865,.T.);
#4128=ORIENTED_EDGE('',*,*,#5866,.F.);
#4129=ORIENTED_EDGE('',*,*,#5867,.F.);
#4130=ORIENTED_EDGE('',*,*,#5863,.T.);
#4131=ORIENTED_EDGE('',*,*,#5868,.T.);
#4132=ORIENTED_EDGE('',*,*,#5869,.F.);
#4133=ORIENTED_EDGE('',*,*,#5870,.F.);
#4134=ORIENTED_EDGE('',*,*,#5866,.T.);
#4135=ORIENTED_EDGE('',*,*,#5871,.T.);
#4136=ORIENTED_EDGE('',*,*,#5872,.F.);
#4137=ORIENTED_EDGE('',*,*,#5873,.F.);
#4138=ORIENTED_EDGE('',*,*,#5869,.T.);
#4139=ORIENTED_EDGE('',*,*,#5874,.T.);
#4140=ORIENTED_EDGE('',*,*,#5875,.F.);
#4141=ORIENTED_EDGE('',*,*,#5876,.F.);
#4142=ORIENTED_EDGE('',*,*,#5872,.T.);
#4143=ORIENTED_EDGE('',*,*,#5877,.T.);
#4144=ORIENTED_EDGE('',*,*,#5878,.F.);
#4145=ORIENTED_EDGE('',*,*,#5879,.F.);
#4146=ORIENTED_EDGE('',*,*,#5875,.T.);
#4147=ORIENTED_EDGE('',*,*,#5880,.T.);
#4148=ORIENTED_EDGE('',*,*,#5881,.F.);
#4149=ORIENTED_EDGE('',*,*,#5882,.F.);
#4150=ORIENTED_EDGE('',*,*,#5878,.T.);
#4151=ORIENTED_EDGE('',*,*,#5883,.T.);
#4152=ORIENTED_EDGE('',*,*,#5884,.F.);
#4153=ORIENTED_EDGE('',*,*,#5885,.F.);
#4154=ORIENTED_EDGE('',*,*,#5881,.T.);
#4155=ORIENTED_EDGE('',*,*,#5886,.T.);
#4156=ORIENTED_EDGE('',*,*,#5887,.F.);
#4157=ORIENTED_EDGE('',*,*,#5888,.F.);
#4158=ORIENTED_EDGE('',*,*,#5884,.T.);
#4159=ORIENTED_EDGE('',*,*,#5889,.T.);
#4160=ORIENTED_EDGE('',*,*,#5890,.F.);
#4161=ORIENTED_EDGE('',*,*,#5891,.F.);
#4162=ORIENTED_EDGE('',*,*,#5887,.T.);
#4163=ORIENTED_EDGE('',*,*,#5892,.T.);
#4164=ORIENTED_EDGE('',*,*,#5893,.F.);
#4165=ORIENTED_EDGE('',*,*,#5894,.F.);
#4166=ORIENTED_EDGE('',*,*,#5890,.T.);
#4167=ORIENTED_EDGE('',*,*,#5895,.T.);
#4168=ORIENTED_EDGE('',*,*,#5896,.F.);
#4169=ORIENTED_EDGE('',*,*,#5897,.F.);
#4170=ORIENTED_EDGE('',*,*,#5893,.T.);
#4171=ORIENTED_EDGE('',*,*,#5898,.T.);
#4172=ORIENTED_EDGE('',*,*,#5899,.F.);
#4173=ORIENTED_EDGE('',*,*,#5900,.F.);
#4174=ORIENTED_EDGE('',*,*,#5896,.T.);
#4175=ORIENTED_EDGE('',*,*,#5901,.T.);
#4176=ORIENTED_EDGE('',*,*,#5902,.F.);
#4177=ORIENTED_EDGE('',*,*,#5903,.F.);
#4178=ORIENTED_EDGE('',*,*,#5899,.T.);
#4179=ORIENTED_EDGE('',*,*,#5904,.T.);
#4180=ORIENTED_EDGE('',*,*,#5905,.F.);
#4181=ORIENTED_EDGE('',*,*,#5906,.F.);
#4182=ORIENTED_EDGE('',*,*,#5902,.T.);
#4183=ORIENTED_EDGE('',*,*,#5907,.T.);
#4184=ORIENTED_EDGE('',*,*,#5908,.F.);
#4185=ORIENTED_EDGE('',*,*,#5909,.F.);
#4186=ORIENTED_EDGE('',*,*,#5905,.T.);
#4187=ORIENTED_EDGE('',*,*,#5910,.T.);
#4188=ORIENTED_EDGE('',*,*,#5911,.F.);
#4189=ORIENTED_EDGE('',*,*,#5912,.F.);
#4190=ORIENTED_EDGE('',*,*,#5908,.T.);
#4191=ORIENTED_EDGE('',*,*,#5913,.T.);
#4192=ORIENTED_EDGE('',*,*,#5914,.F.);
#4193=ORIENTED_EDGE('',*,*,#5915,.F.);
#4194=ORIENTED_EDGE('',*,*,#5911,.T.);
#4195=ORIENTED_EDGE('',*,*,#5916,.T.);
#4196=ORIENTED_EDGE('',*,*,#5917,.F.);
#4197=ORIENTED_EDGE('',*,*,#5918,.F.);
#4198=ORIENTED_EDGE('',*,*,#5914,.T.);
#4199=ORIENTED_EDGE('',*,*,#5919,.T.);
#4200=ORIENTED_EDGE('',*,*,#5346,.F.);
#4201=ORIENTED_EDGE('',*,*,#5920,.F.);
#4202=ORIENTED_EDGE('',*,*,#5537,.T.);
#4203=ORIENTED_EDGE('',*,*,#5921,.T.);
#4204=ORIENTED_EDGE('',*,*,#5542,.F.);
#4205=ORIENTED_EDGE('',*,*,#5922,.F.);
#4206=ORIENTED_EDGE('',*,*,#5727,.T.);
#4207=ORIENTED_EDGE('',*,*,#5923,.T.);
#4208=ORIENTED_EDGE('',*,*,#5732,.F.);
#4209=ORIENTED_EDGE('',*,*,#5924,.F.);
#4210=ORIENTED_EDGE('',*,*,#5917,.T.);
#4211=ORIENTED_EDGE('',*,*,#4934,.T.);
#4212=ORIENTED_EDGE('',*,*,#4930,.F.);
#4213=ORIENTED_EDGE('',*,*,#5925,.F.);
#4214=ORIENTED_EDGE('',*,*,#5341,.T.);
#4215=ORIENTED_EDGE('',*,*,#5731,.T.);
#4216=ORIENTED_EDGE('',*,*,#5735,.T.);
#4217=ORIENTED_EDGE('',*,*,#5738,.T.);
#4218=ORIENTED_EDGE('',*,*,#5741,.T.);
#4219=ORIENTED_EDGE('',*,*,#5744,.T.);
#4220=ORIENTED_EDGE('',*,*,#5747,.T.);
#4221=ORIENTED_EDGE('',*,*,#5750,.T.);
#4222=ORIENTED_EDGE('',*,*,#5753,.T.);
#4223=ORIENTED_EDGE('',*,*,#5756,.T.);
#4224=ORIENTED_EDGE('',*,*,#5759,.T.);
#4225=ORIENTED_EDGE('',*,*,#5762,.T.);
#4226=ORIENTED_EDGE('',*,*,#5765,.T.);
#4227=ORIENTED_EDGE('',*,*,#5768,.T.);
#4228=ORIENTED_EDGE('',*,*,#5771,.T.);
#4229=ORIENTED_EDGE('',*,*,#5774,.T.);
#4230=ORIENTED_EDGE('',*,*,#5777,.T.);
#4231=ORIENTED_EDGE('',*,*,#5780,.T.);
#4232=ORIENTED_EDGE('',*,*,#5783,.T.);
#4233=ORIENTED_EDGE('',*,*,#5786,.T.);
#4234=ORIENTED_EDGE('',*,*,#5789,.T.);
#4235=ORIENTED_EDGE('',*,*,#5792,.T.);
#4236=ORIENTED_EDGE('',*,*,#5795,.T.);
#4237=ORIENTED_EDGE('',*,*,#5798,.T.);
#4238=ORIENTED_EDGE('',*,*,#5801,.T.);
#4239=ORIENTED_EDGE('',*,*,#5804,.T.);
#4240=ORIENTED_EDGE('',*,*,#5807,.T.);
#4241=ORIENTED_EDGE('',*,*,#5810,.T.);
#4242=ORIENTED_EDGE('',*,*,#5813,.T.);
#4243=ORIENTED_EDGE('',*,*,#5816,.T.);
#4244=ORIENTED_EDGE('',*,*,#5819,.T.);
#4245=ORIENTED_EDGE('',*,*,#5822,.T.);
#4246=ORIENTED_EDGE('',*,*,#5825,.T.);
#4247=ORIENTED_EDGE('',*,*,#5828,.T.);
#4248=ORIENTED_EDGE('',*,*,#5831,.T.);
#4249=ORIENTED_EDGE('',*,*,#5834,.T.);
#4250=ORIENTED_EDGE('',*,*,#5837,.T.);
#4251=ORIENTED_EDGE('',*,*,#5840,.T.);
#4252=ORIENTED_EDGE('',*,*,#5843,.T.);
#4253=ORIENTED_EDGE('',*,*,#5846,.T.);
#4254=ORIENTED_EDGE('',*,*,#5849,.T.);
#4255=ORIENTED_EDGE('',*,*,#5852,.T.);
#4256=ORIENTED_EDGE('',*,*,#5855,.T.);
#4257=ORIENTED_EDGE('',*,*,#5858,.T.);
#4258=ORIENTED_EDGE('',*,*,#5861,.T.);
#4259=ORIENTED_EDGE('',*,*,#5864,.T.);
#4260=ORIENTED_EDGE('',*,*,#5867,.T.);
#4261=ORIENTED_EDGE('',*,*,#5870,.T.);
#4262=ORIENTED_EDGE('',*,*,#5873,.T.);
#4263=ORIENTED_EDGE('',*,*,#5876,.T.);
#4264=ORIENTED_EDGE('',*,*,#5879,.T.);
#4265=ORIENTED_EDGE('',*,*,#5882,.T.);
#4266=ORIENTED_EDGE('',*,*,#5885,.T.);
#4267=ORIENTED_EDGE('',*,*,#5888,.T.);
#4268=ORIENTED_EDGE('',*,*,#5891,.T.);
#4269=ORIENTED_EDGE('',*,*,#5894,.T.);
#4270=ORIENTED_EDGE('',*,*,#5897,.T.);
#4271=ORIENTED_EDGE('',*,*,#5900,.T.);
#4272=ORIENTED_EDGE('',*,*,#5903,.T.);
#4273=ORIENTED_EDGE('',*,*,#5906,.T.);
#4274=ORIENTED_EDGE('',*,*,#5909,.T.);
#4275=ORIENTED_EDGE('',*,*,#5912,.T.);
#4276=ORIENTED_EDGE('',*,*,#5915,.T.);
#4277=ORIENTED_EDGE('',*,*,#5918,.T.);
#4278=ORIENTED_EDGE('',*,*,#5924,.T.);
#4279=ORIENTED_EDGE('',*,*,#5541,.T.);
#4280=ORIENTED_EDGE('',*,*,#5545,.T.);
#4281=ORIENTED_EDGE('',*,*,#5548,.T.);
#4282=ORIENTED_EDGE('',*,*,#5551,.T.);
#4283=ORIENTED_EDGE('',*,*,#5554,.T.);
#4284=ORIENTED_EDGE('',*,*,#5557,.T.);
#4285=ORIENTED_EDGE('',*,*,#5560,.T.);
#4286=ORIENTED_EDGE('',*,*,#5563,.T.);
#4287=ORIENTED_EDGE('',*,*,#5566,.T.);
#4288=ORIENTED_EDGE('',*,*,#5569,.T.);
#4289=ORIENTED_EDGE('',*,*,#5572,.T.);
#4290=ORIENTED_EDGE('',*,*,#5575,.T.);
#4291=ORIENTED_EDGE('',*,*,#5578,.T.);
#4292=ORIENTED_EDGE('',*,*,#5581,.T.);
#4293=ORIENTED_EDGE('',*,*,#5584,.T.);
#4294=ORIENTED_EDGE('',*,*,#5587,.T.);
#4295=ORIENTED_EDGE('',*,*,#5590,.T.);
#4296=ORIENTED_EDGE('',*,*,#5593,.T.);
#4297=ORIENTED_EDGE('',*,*,#5596,.T.);
#4298=ORIENTED_EDGE('',*,*,#5599,.T.);
#4299=ORIENTED_EDGE('',*,*,#5602,.T.);
#4300=ORIENTED_EDGE('',*,*,#5605,.T.);
#4301=ORIENTED_EDGE('',*,*,#5608,.T.);
#4302=ORIENTED_EDGE('',*,*,#5611,.T.);
#4303=ORIENTED_EDGE('',*,*,#5614,.T.);
#4304=ORIENTED_EDGE('',*,*,#5617,.T.);
#4305=ORIENTED_EDGE('',*,*,#5620,.T.);
#4306=ORIENTED_EDGE('',*,*,#5623,.T.);
#4307=ORIENTED_EDGE('',*,*,#5626,.T.);
#4308=ORIENTED_EDGE('',*,*,#5629,.T.);
#4309=ORIENTED_EDGE('',*,*,#5632,.T.);
#4310=ORIENTED_EDGE('',*,*,#5635,.T.);
#4311=ORIENTED_EDGE('',*,*,#5638,.T.);
#4312=ORIENTED_EDGE('',*,*,#5641,.T.);
#4313=ORIENTED_EDGE('',*,*,#5644,.T.);
#4314=ORIENTED_EDGE('',*,*,#5647,.T.);
#4315=ORIENTED_EDGE('',*,*,#5650,.T.);
#4316=ORIENTED_EDGE('',*,*,#5653,.T.);
#4317=ORIENTED_EDGE('',*,*,#5656,.T.);
#4318=ORIENTED_EDGE('',*,*,#5659,.T.);
#4319=ORIENTED_EDGE('',*,*,#5662,.T.);
#4320=ORIENTED_EDGE('',*,*,#5665,.T.);
#4321=ORIENTED_EDGE('',*,*,#5668,.T.);
#4322=ORIENTED_EDGE('',*,*,#5671,.T.);
#4323=ORIENTED_EDGE('',*,*,#5674,.T.);
#4324=ORIENTED_EDGE('',*,*,#5677,.T.);
#4325=ORIENTED_EDGE('',*,*,#5680,.T.);
#4326=ORIENTED_EDGE('',*,*,#5683,.T.);
#4327=ORIENTED_EDGE('',*,*,#5686,.T.);
#4328=ORIENTED_EDGE('',*,*,#5689,.T.);
#4329=ORIENTED_EDGE('',*,*,#5692,.T.);
#4330=ORIENTED_EDGE('',*,*,#5695,.T.);
#4331=ORIENTED_EDGE('',*,*,#5698,.T.);
#4332=ORIENTED_EDGE('',*,*,#5701,.T.);
#4333=ORIENTED_EDGE('',*,*,#5704,.T.);
#4334=ORIENTED_EDGE('',*,*,#5707,.T.);
#4335=ORIENTED_EDGE('',*,*,#5710,.T.);
#4336=ORIENTED_EDGE('',*,*,#5713,.T.);
#4337=ORIENTED_EDGE('',*,*,#5716,.T.);
#4338=ORIENTED_EDGE('',*,*,#5719,.T.);
#4339=ORIENTED_EDGE('',*,*,#5722,.T.);
#4340=ORIENTED_EDGE('',*,*,#5725,.T.);
#4341=ORIENTED_EDGE('',*,*,#5728,.T.);
#4342=ORIENTED_EDGE('',*,*,#5922,.T.);
#4343=ORIENTED_EDGE('',*,*,#5345,.T.);
#4344=ORIENTED_EDGE('',*,*,#5349,.T.);
#4345=ORIENTED_EDGE('',*,*,#5352,.T.);
#4346=ORIENTED_EDGE('',*,*,#5355,.T.);
#4347=ORIENTED_EDGE('',*,*,#5358,.T.);
#4348=ORIENTED_EDGE('',*,*,#5361,.T.);
#4349=ORIENTED_EDGE('',*,*,#5364,.T.);
#4350=ORIENTED_EDGE('',*,*,#5367,.T.);
#4351=ORIENTED_EDGE('',*,*,#5370,.T.);
#4352=ORIENTED_EDGE('',*,*,#5373,.T.);
#4353=ORIENTED_EDGE('',*,*,#5376,.T.);
#4354=ORIENTED_EDGE('',*,*,#5379,.T.);
#4355=ORIENTED_EDGE('',*,*,#5382,.T.);
#4356=ORIENTED_EDGE('',*,*,#5385,.T.);
#4357=ORIENTED_EDGE('',*,*,#5388,.T.);
#4358=ORIENTED_EDGE('',*,*,#5391,.T.);
#4359=ORIENTED_EDGE('',*,*,#5394,.T.);
#4360=ORIENTED_EDGE('',*,*,#5397,.T.);
#4361=ORIENTED_EDGE('',*,*,#5400,.T.);
#4362=ORIENTED_EDGE('',*,*,#5403,.T.);
#4363=ORIENTED_EDGE('',*,*,#5406,.T.);
#4364=ORIENTED_EDGE('',*,*,#5409,.T.);
#4365=ORIENTED_EDGE('',*,*,#5412,.T.);
#4366=ORIENTED_EDGE('',*,*,#5415,.T.);
#4367=ORIENTED_EDGE('',*,*,#5418,.T.);
#4368=ORIENTED_EDGE('',*,*,#5421,.T.);
#4369=ORIENTED_EDGE('',*,*,#5424,.T.);
#4370=ORIENTED_EDGE('',*,*,#5427,.T.);
#4371=ORIENTED_EDGE('',*,*,#5430,.T.);
#4372=ORIENTED_EDGE('',*,*,#5433,.T.);
#4373=ORIENTED_EDGE('',*,*,#5436,.T.);
#4374=ORIENTED_EDGE('',*,*,#5439,.T.);
#4375=ORIENTED_EDGE('',*,*,#5442,.T.);
#4376=ORIENTED_EDGE('',*,*,#5445,.T.);
#4377=ORIENTED_EDGE('',*,*,#5448,.T.);
#4378=ORIENTED_EDGE('',*,*,#5451,.T.);
#4379=ORIENTED_EDGE('',*,*,#5454,.T.);
#4380=ORIENTED_EDGE('',*,*,#5457,.T.);
#4381=ORIENTED_EDGE('',*,*,#5460,.T.);
#4382=ORIENTED_EDGE('',*,*,#5463,.T.);
#4383=ORIENTED_EDGE('',*,*,#5466,.T.);
#4384=ORIENTED_EDGE('',*,*,#5469,.T.);
#4385=ORIENTED_EDGE('',*,*,#5472,.T.);
#4386=ORIENTED_EDGE('',*,*,#5475,.T.);
#4387=ORIENTED_EDGE('',*,*,#5478,.T.);
#4388=ORIENTED_EDGE('',*,*,#5481,.T.);
#4389=ORIENTED_EDGE('',*,*,#5484,.T.);
#4390=ORIENTED_EDGE('',*,*,#5487,.T.);
#4391=ORIENTED_EDGE('',*,*,#5490,.T.);
#4392=ORIENTED_EDGE('',*,*,#5493,.T.);
#4393=ORIENTED_EDGE('',*,*,#5496,.T.);
#4394=ORIENTED_EDGE('',*,*,#5499,.T.);
#4395=ORIENTED_EDGE('',*,*,#5502,.T.);
#4396=ORIENTED_EDGE('',*,*,#5505,.T.);
#4397=ORIENTED_EDGE('',*,*,#5508,.T.);
#4398=ORIENTED_EDGE('',*,*,#5511,.T.);
#4399=ORIENTED_EDGE('',*,*,#5514,.T.);
#4400=ORIENTED_EDGE('',*,*,#5517,.T.);
#4401=ORIENTED_EDGE('',*,*,#5520,.T.);
#4402=ORIENTED_EDGE('',*,*,#5523,.T.);
#4403=ORIENTED_EDGE('',*,*,#5526,.T.);
#4404=ORIENTED_EDGE('',*,*,#5529,.T.);
#4405=ORIENTED_EDGE('',*,*,#5532,.T.);
#4406=ORIENTED_EDGE('',*,*,#5535,.T.);
#4407=ORIENTED_EDGE('',*,*,#5538,.T.);
#4408=ORIENTED_EDGE('',*,*,#5920,.T.);
#4409=ORIENTED_EDGE('',*,*,#4929,.F.);
#4410=ORIENTED_EDGE('',*,*,#5095,.T.);
#4411=ORIENTED_EDGE('',*,*,#5097,.T.);
#4412=ORIENTED_EDGE('',*,*,#5099,.T.);
#4413=ORIENTED_EDGE('',*,*,#5101,.T.);
#4414=ORIENTED_EDGE('',*,*,#5103,.T.);
#4415=ORIENTED_EDGE('',*,*,#5105,.T.);
#4416=ORIENTED_EDGE('',*,*,#5107,.T.);
#4417=ORIENTED_EDGE('',*,*,#5109,.T.);
#4418=ORIENTED_EDGE('',*,*,#5111,.T.);
#4419=ORIENTED_EDGE('',*,*,#5113,.T.);
#4420=ORIENTED_EDGE('',*,*,#5115,.T.);
#4421=ORIENTED_EDGE('',*,*,#5117,.T.);
#4422=ORIENTED_EDGE('',*,*,#5119,.T.);
#4423=ORIENTED_EDGE('',*,*,#5121,.T.);
#4424=ORIENTED_EDGE('',*,*,#5123,.T.);
#4425=ORIENTED_EDGE('',*,*,#5125,.T.);
#4426=ORIENTED_EDGE('',*,*,#5126,.T.);
#4427=ORIENTED_EDGE('',*,*,#4917,.F.);
#4428=ORIENTED_EDGE('',*,*,#4924,.T.);
#4429=ORIENTED_EDGE('',*,*,#5128,.T.);
#4430=ORIENTED_EDGE('',*,*,#5130,.T.);
#4431=ORIENTED_EDGE('',*,*,#5132,.T.);
#4432=ORIENTED_EDGE('',*,*,#5134,.T.);
#4433=ORIENTED_EDGE('',*,*,#5136,.T.);
#4434=ORIENTED_EDGE('',*,*,#5138,.T.);
#4435=ORIENTED_EDGE('',*,*,#5140,.T.);
#4436=ORIENTED_EDGE('',*,*,#5142,.T.);
#4437=ORIENTED_EDGE('',*,*,#5144,.T.);
#4438=ORIENTED_EDGE('',*,*,#5146,.T.);
#4439=ORIENTED_EDGE('',*,*,#5148,.T.);
#4440=ORIENTED_EDGE('',*,*,#5150,.T.);
#4441=ORIENTED_EDGE('',*,*,#5152,.T.);
#4442=ORIENTED_EDGE('',*,*,#5154,.T.);
#4443=ORIENTED_EDGE('',*,*,#5156,.T.);
#4444=ORIENTED_EDGE('',*,*,#5158,.T.);
#4445=ORIENTED_EDGE('',*,*,#5160,.T.);
#4446=ORIENTED_EDGE('',*,*,#5162,.T.);
#4447=ORIENTED_EDGE('',*,*,#5164,.T.);
#4448=ORIENTED_EDGE('',*,*,#5166,.T.);
#4449=ORIENTED_EDGE('',*,*,#5168,.T.);
#4450=ORIENTED_EDGE('',*,*,#5170,.T.);
#4451=ORIENTED_EDGE('',*,*,#5172,.T.);
#4452=ORIENTED_EDGE('',*,*,#5174,.T.);
#4453=ORIENTED_EDGE('',*,*,#5176,.T.);
#4454=ORIENTED_EDGE('',*,*,#5178,.T.);
#4455=ORIENTED_EDGE('',*,*,#5180,.T.);
#4456=ORIENTED_EDGE('',*,*,#5182,.T.);
#4457=ORIENTED_EDGE('',*,*,#5184,.T.);
#4458=ORIENTED_EDGE('',*,*,#5186,.T.);
#4459=ORIENTED_EDGE('',*,*,#5188,.T.);
#4460=ORIENTED_EDGE('',*,*,#5190,.T.);
#4461=ORIENTED_EDGE('',*,*,#5192,.T.);
#4462=ORIENTED_EDGE('',*,*,#5194,.T.);
#4463=ORIENTED_EDGE('',*,*,#5196,.T.);
#4464=ORIENTED_EDGE('',*,*,#5198,.T.);
#4465=ORIENTED_EDGE('',*,*,#5200,.T.);
#4466=ORIENTED_EDGE('',*,*,#5202,.T.);
#4467=ORIENTED_EDGE('',*,*,#5204,.T.);
#4468=ORIENTED_EDGE('',*,*,#5206,.T.);
#4469=ORIENTED_EDGE('',*,*,#5208,.T.);
#4470=ORIENTED_EDGE('',*,*,#5210,.T.);
#4471=ORIENTED_EDGE('',*,*,#5212,.T.);
#4472=ORIENTED_EDGE('',*,*,#5214,.T.);
#4473=ORIENTED_EDGE('',*,*,#5216,.T.);
#4474=ORIENTED_EDGE('',*,*,#5218,.T.);
#4475=ORIENTED_EDGE('',*,*,#5220,.T.);
#4476=ORIENTED_EDGE('',*,*,#5222,.T.);
#4477=ORIENTED_EDGE('',*,*,#5224,.T.);
#4478=ORIENTED_EDGE('',*,*,#5226,.T.);
#4479=ORIENTED_EDGE('',*,*,#5228,.T.);
#4480=ORIENTED_EDGE('',*,*,#5230,.T.);
#4481=ORIENTED_EDGE('',*,*,#5232,.T.);
#4482=ORIENTED_EDGE('',*,*,#5234,.T.);
#4483=ORIENTED_EDGE('',*,*,#5236,.T.);
#4484=ORIENTED_EDGE('',*,*,#5238,.T.);
#4485=ORIENTED_EDGE('',*,*,#5240,.T.);
#4486=ORIENTED_EDGE('',*,*,#5242,.T.);
#4487=ORIENTED_EDGE('',*,*,#5244,.T.);
#4488=ORIENTED_EDGE('',*,*,#5246,.T.);
#4489=ORIENTED_EDGE('',*,*,#5248,.T.);
#4490=ORIENTED_EDGE('',*,*,#5250,.T.);
#4491=ORIENTED_EDGE('',*,*,#5252,.T.);
#4492=ORIENTED_EDGE('',*,*,#5254,.T.);
#4493=ORIENTED_EDGE('',*,*,#5256,.T.);
#4494=ORIENTED_EDGE('',*,*,#5258,.T.);
#4495=ORIENTED_EDGE('',*,*,#5260,.T.);
#4496=ORIENTED_EDGE('',*,*,#5262,.T.);
#4497=ORIENTED_EDGE('',*,*,#5264,.T.);
#4498=ORIENTED_EDGE('',*,*,#5266,.T.);
#4499=ORIENTED_EDGE('',*,*,#5268,.T.);
#4500=ORIENTED_EDGE('',*,*,#5270,.T.);
#4501=ORIENTED_EDGE('',*,*,#5272,.T.);
#4502=ORIENTED_EDGE('',*,*,#5274,.T.);
#4503=ORIENTED_EDGE('',*,*,#5276,.T.);
#4504=ORIENTED_EDGE('',*,*,#5278,.T.);
#4505=ORIENTED_EDGE('',*,*,#5280,.T.);
#4506=ORIENTED_EDGE('',*,*,#5282,.T.);
#4507=ORIENTED_EDGE('',*,*,#5284,.T.);
#4508=ORIENTED_EDGE('',*,*,#5286,.T.);
#4509=ORIENTED_EDGE('',*,*,#5288,.T.);
#4510=ORIENTED_EDGE('',*,*,#5290,.T.);
#4511=ORIENTED_EDGE('',*,*,#5292,.T.);
#4512=ORIENTED_EDGE('',*,*,#5294,.T.);
#4513=ORIENTED_EDGE('',*,*,#5296,.T.);
#4514=ORIENTED_EDGE('',*,*,#5298,.T.);
#4515=ORIENTED_EDGE('',*,*,#5300,.T.);
#4516=ORIENTED_EDGE('',*,*,#5302,.T.);
#4517=ORIENTED_EDGE('',*,*,#5304,.T.);
#4518=ORIENTED_EDGE('',*,*,#5306,.T.);
#4519=ORIENTED_EDGE('',*,*,#5308,.T.);
#4520=ORIENTED_EDGE('',*,*,#5310,.T.);
#4521=ORIENTED_EDGE('',*,*,#5312,.T.);
#4522=ORIENTED_EDGE('',*,*,#5314,.T.);
#4523=ORIENTED_EDGE('',*,*,#5316,.T.);
#4524=ORIENTED_EDGE('',*,*,#5318,.T.);
#4525=ORIENTED_EDGE('',*,*,#5320,.T.);
#4526=ORIENTED_EDGE('',*,*,#5322,.T.);
#4527=ORIENTED_EDGE('',*,*,#5324,.T.);
#4528=ORIENTED_EDGE('',*,*,#5326,.T.);
#4529=ORIENTED_EDGE('',*,*,#5328,.T.);
#4530=ORIENTED_EDGE('',*,*,#5330,.T.);
#4531=ORIENTED_EDGE('',*,*,#5332,.T.);
#4532=ORIENTED_EDGE('',*,*,#5334,.T.);
#4533=ORIENTED_EDGE('',*,*,#5336,.T.);
#4534=ORIENTED_EDGE('',*,*,#5338,.T.);
#4535=ORIENTED_EDGE('',*,*,#5340,.T.);
#4536=ORIENTED_EDGE('',*,*,#5342,.T.);
#4537=ORIENTED_EDGE('',*,*,#5925,.T.);
#4538=ORIENTED_EDGE('',*,*,#5729,.F.);
#4539=ORIENTED_EDGE('',*,*,#5923,.F.);
#4540=ORIENTED_EDGE('',*,*,#5916,.F.);
#4541=ORIENTED_EDGE('',*,*,#5913,.F.);
#4542=ORIENTED_EDGE('',*,*,#5910,.F.);
#4543=ORIENTED_EDGE('',*,*,#5907,.F.);
#4544=ORIENTED_EDGE('',*,*,#5904,.F.);
#4545=ORIENTED_EDGE('',*,*,#5901,.F.);
#4546=ORIENTED_EDGE('',*,*,#5898,.F.);
#4547=ORIENTED_EDGE('',*,*,#5895,.F.);
#4548=ORIENTED_EDGE('',*,*,#5892,.F.);
#4549=ORIENTED_EDGE('',*,*,#5889,.F.);
#4550=ORIENTED_EDGE('',*,*,#5886,.F.);
#4551=ORIENTED_EDGE('',*,*,#5883,.F.);
#4552=ORIENTED_EDGE('',*,*,#5880,.F.);
#4553=ORIENTED_EDGE('',*,*,#5877,.F.);
#4554=ORIENTED_EDGE('',*,*,#5874,.F.);
#4555=ORIENTED_EDGE('',*,*,#5871,.F.);
#4556=ORIENTED_EDGE('',*,*,#5868,.F.);
#4557=ORIENTED_EDGE('',*,*,#5865,.F.);
#4558=ORIENTED_EDGE('',*,*,#5862,.F.);
#4559=ORIENTED_EDGE('',*,*,#5859,.F.);
#4560=ORIENTED_EDGE('',*,*,#5856,.F.);
#4561=ORIENTED_EDGE('',*,*,#5853,.F.);
#4562=ORIENTED_EDGE('',*,*,#5850,.F.);
#4563=ORIENTED_EDGE('',*,*,#5847,.F.);
#4564=ORIENTED_EDGE('',*,*,#5844,.F.);
#4565=ORIENTED_EDGE('',*,*,#5841,.F.);
#4566=ORIENTED_EDGE('',*,*,#5838,.F.);
#4567=ORIENTED_EDGE('',*,*,#5835,.F.);
#4568=ORIENTED_EDGE('',*,*,#5832,.F.);
#4569=ORIENTED_EDGE('',*,*,#5829,.F.);
#4570=ORIENTED_EDGE('',*,*,#5826,.F.);
#4571=ORIENTED_EDGE('',*,*,#5823,.F.);
#4572=ORIENTED_EDGE('',*,*,#5820,.F.);
#4573=ORIENTED_EDGE('',*,*,#5817,.F.);
#4574=ORIENTED_EDGE('',*,*,#5814,.F.);
#4575=ORIENTED_EDGE('',*,*,#5811,.F.);
#4576=ORIENTED_EDGE('',*,*,#5808,.F.);
#4577=ORIENTED_EDGE('',*,*,#5805,.F.);
#4578=ORIENTED_EDGE('',*,*,#5802,.F.);
#4579=ORIENTED_EDGE('',*,*,#5799,.F.);
#4580=ORIENTED_EDGE('',*,*,#5796,.F.);
#4581=ORIENTED_EDGE('',*,*,#5793,.F.);
#4582=ORIENTED_EDGE('',*,*,#5790,.F.);
#4583=ORIENTED_EDGE('',*,*,#5787,.F.);
#4584=ORIENTED_EDGE('',*,*,#5784,.F.);
#4585=ORIENTED_EDGE('',*,*,#5781,.F.);
#4586=ORIENTED_EDGE('',*,*,#5778,.F.);
#4587=ORIENTED_EDGE('',*,*,#5775,.F.);
#4588=ORIENTED_EDGE('',*,*,#5772,.F.);
#4589=ORIENTED_EDGE('',*,*,#5769,.F.);
#4590=ORIENTED_EDGE('',*,*,#5766,.F.);
#4591=ORIENTED_EDGE('',*,*,#5763,.F.);
#4592=ORIENTED_EDGE('',*,*,#5760,.F.);
#4593=ORIENTED_EDGE('',*,*,#5757,.F.);
#4594=ORIENTED_EDGE('',*,*,#5754,.F.);
#4595=ORIENTED_EDGE('',*,*,#5751,.F.);
#4596=ORIENTED_EDGE('',*,*,#5748,.F.);
#4597=ORIENTED_EDGE('',*,*,#5745,.F.);
#4598=ORIENTED_EDGE('',*,*,#5742,.F.);
#4599=ORIENTED_EDGE('',*,*,#5739,.F.);
#4600=ORIENTED_EDGE('',*,*,#5736,.F.);
#4601=ORIENTED_EDGE('',*,*,#5733,.F.);
#4602=ORIENTED_EDGE('',*,*,#5539,.F.);
#4603=ORIENTED_EDGE('',*,*,#5921,.F.);
#4604=ORIENTED_EDGE('',*,*,#5726,.F.);
#4605=ORIENTED_EDGE('',*,*,#5723,.F.);
#4606=ORIENTED_EDGE('',*,*,#5720,.F.);
#4607=ORIENTED_EDGE('',*,*,#5717,.F.);
#4608=ORIENTED_EDGE('',*,*,#5714,.F.);
#4609=ORIENTED_EDGE('',*,*,#5711,.F.);
#4610=ORIENTED_EDGE('',*,*,#5708,.F.);
#4611=ORIENTED_EDGE('',*,*,#5705,.F.);
#4612=ORIENTED_EDGE('',*,*,#5702,.F.);
#4613=ORIENTED_EDGE('',*,*,#5699,.F.);
#4614=ORIENTED_EDGE('',*,*,#5696,.F.);
#4615=ORIENTED_EDGE('',*,*,#5693,.F.);
#4616=ORIENTED_EDGE('',*,*,#5690,.F.);
#4617=ORIENTED_EDGE('',*,*,#5687,.F.);
#4618=ORIENTED_EDGE('',*,*,#5684,.F.);
#4619=ORIENTED_EDGE('',*,*,#5681,.F.);
#4620=ORIENTED_EDGE('',*,*,#5678,.F.);
#4621=ORIENTED_EDGE('',*,*,#5675,.F.);
#4622=ORIENTED_EDGE('',*,*,#5672,.F.);
#4623=ORIENTED_EDGE('',*,*,#5669,.F.);
#4624=ORIENTED_EDGE('',*,*,#5666,.F.);
#4625=ORIENTED_EDGE('',*,*,#5663,.F.);
#4626=ORIENTED_EDGE('',*,*,#5660,.F.);
#4627=ORIENTED_EDGE('',*,*,#5657,.F.);
#4628=ORIENTED_EDGE('',*,*,#5654,.F.);
#4629=ORIENTED_EDGE('',*,*,#5651,.F.);
#4630=ORIENTED_EDGE('',*,*,#5648,.F.);
#4631=ORIENTED_EDGE('',*,*,#5645,.F.);
#4632=ORIENTED_EDGE('',*,*,#5642,.F.);
#4633=ORIENTED_EDGE('',*,*,#5639,.F.);
#4634=ORIENTED_EDGE('',*,*,#5636,.F.);
#4635=ORIENTED_EDGE('',*,*,#5633,.F.);
#4636=ORIENTED_EDGE('',*,*,#5630,.F.);
#4637=ORIENTED_EDGE('',*,*,#5627,.F.);
#4638=ORIENTED_EDGE('',*,*,#5624,.F.);
#4639=ORIENTED_EDGE('',*,*,#5621,.F.);
#4640=ORIENTED_EDGE('',*,*,#5618,.F.);
#4641=ORIENTED_EDGE('',*,*,#5615,.F.);
#4642=ORIENTED_EDGE('',*,*,#5612,.F.);
#4643=ORIENTED_EDGE('',*,*,#5609,.F.);
#4644=ORIENTED_EDGE('',*,*,#5606,.F.);
#4645=ORIENTED_EDGE('',*,*,#5603,.F.);
#4646=ORIENTED_EDGE('',*,*,#5600,.F.);
#4647=ORIENTED_EDGE('',*,*,#5597,.F.);
#4648=ORIENTED_EDGE('',*,*,#5594,.F.);
#4649=ORIENTED_EDGE('',*,*,#5591,.F.);
#4650=ORIENTED_EDGE('',*,*,#5588,.F.);
#4651=ORIENTED_EDGE('',*,*,#5585,.F.);
#4652=ORIENTED_EDGE('',*,*,#5582,.F.);
#4653=ORIENTED_EDGE('',*,*,#5579,.F.);
#4654=ORIENTED_EDGE('',*,*,#5576,.F.);
#4655=ORIENTED_EDGE('',*,*,#5573,.F.);
#4656=ORIENTED_EDGE('',*,*,#5570,.F.);
#4657=ORIENTED_EDGE('',*,*,#5567,.F.);
#4658=ORIENTED_EDGE('',*,*,#5564,.F.);
#4659=ORIENTED_EDGE('',*,*,#5561,.F.);
#4660=ORIENTED_EDGE('',*,*,#5558,.F.);
#4661=ORIENTED_EDGE('',*,*,#5555,.F.);
#4662=ORIENTED_EDGE('',*,*,#5552,.F.);
#4663=ORIENTED_EDGE('',*,*,#5549,.F.);
#4664=ORIENTED_EDGE('',*,*,#5546,.F.);
#4665=ORIENTED_EDGE('',*,*,#5543,.F.);
#4666=ORIENTED_EDGE('',*,*,#5343,.F.);
#4667=ORIENTED_EDGE('',*,*,#5919,.F.);
#4668=ORIENTED_EDGE('',*,*,#5536,.F.);
#4669=ORIENTED_EDGE('',*,*,#5533,.F.);
#4670=ORIENTED_EDGE('',*,*,#5530,.F.);
#4671=ORIENTED_EDGE('',*,*,#5527,.F.);
#4672=ORIENTED_EDGE('',*,*,#5524,.F.);
#4673=ORIENTED_EDGE('',*,*,#5521,.F.);
#4674=ORIENTED_EDGE('',*,*,#5518,.F.);
#4675=ORIENTED_EDGE('',*,*,#5515,.F.);
#4676=ORIENTED_EDGE('',*,*,#5512,.F.);
#4677=ORIENTED_EDGE('',*,*,#5509,.F.);
#4678=ORIENTED_EDGE('',*,*,#5506,.F.);
#4679=ORIENTED_EDGE('',*,*,#5503,.F.);
#4680=ORIENTED_EDGE('',*,*,#5500,.F.);
#4681=ORIENTED_EDGE('',*,*,#5497,.F.);
#4682=ORIENTED_EDGE('',*,*,#5494,.F.);
#4683=ORIENTED_EDGE('',*,*,#5491,.F.);
#4684=ORIENTED_EDGE('',*,*,#5488,.F.);
#4685=ORIENTED_EDGE('',*,*,#5485,.F.);
#4686=ORIENTED_EDGE('',*,*,#5482,.F.);
#4687=ORIENTED_EDGE('',*,*,#5479,.F.);
#4688=ORIENTED_EDGE('',*,*,#5476,.F.);
#4689=ORIENTED_EDGE('',*,*,#5473,.F.);
#4690=ORIENTED_EDGE('',*,*,#5470,.F.);
#4691=ORIENTED_EDGE('',*,*,#5467,.F.);
#4692=ORIENTED_EDGE('',*,*,#5464,.F.);
#4693=ORIENTED_EDGE('',*,*,#5461,.F.);
#4694=ORIENTED_EDGE('',*,*,#5458,.F.);
#4695=ORIENTED_EDGE('',*,*,#5455,.F.);
#4696=ORIENTED_EDGE('',*,*,#5452,.F.);
#4697=ORIENTED_EDGE('',*,*,#5449,.F.);
#4698=ORIENTED_EDGE('',*,*,#5446,.F.);
#4699=ORIENTED_EDGE('',*,*,#5443,.F.);
#4700=ORIENTED_EDGE('',*,*,#5440,.F.);
#4701=ORIENTED_EDGE('',*,*,#5437,.F.);
#4702=ORIENTED_EDGE('',*,*,#5434,.F.);
#4703=ORIENTED_EDGE('',*,*,#5431,.F.);
#4704=ORIENTED_EDGE('',*,*,#5428,.F.);
#4705=ORIENTED_EDGE('',*,*,#5425,.F.);
#4706=ORIENTED_EDGE('',*,*,#5422,.F.);
#4707=ORIENTED_EDGE('',*,*,#5419,.F.);
#4708=ORIENTED_EDGE('',*,*,#5416,.F.);
#4709=ORIENTED_EDGE('',*,*,#5413,.F.);
#4710=ORIENTED_EDGE('',*,*,#5410,.F.);
#4711=ORIENTED_EDGE('',*,*,#5407,.F.);
#4712=ORIENTED_EDGE('',*,*,#5404,.F.);
#4713=ORIENTED_EDGE('',*,*,#5401,.F.);
#4714=ORIENTED_EDGE('',*,*,#5398,.F.);
#4715=ORIENTED_EDGE('',*,*,#5395,.F.);
#4716=ORIENTED_EDGE('',*,*,#5392,.F.);
#4717=ORIENTED_EDGE('',*,*,#5389,.F.);
#4718=ORIENTED_EDGE('',*,*,#5386,.F.);
#4719=ORIENTED_EDGE('',*,*,#5383,.F.);
#4720=ORIENTED_EDGE('',*,*,#5380,.F.);
#4721=ORIENTED_EDGE('',*,*,#5377,.F.);
#4722=ORIENTED_EDGE('',*,*,#5374,.F.);
#4723=ORIENTED_EDGE('',*,*,#5371,.F.);
#4724=ORIENTED_EDGE('',*,*,#5368,.F.);
#4725=ORIENTED_EDGE('',*,*,#5365,.F.);
#4726=ORIENTED_EDGE('',*,*,#5362,.F.);
#4727=ORIENTED_EDGE('',*,*,#5359,.F.);
#4728=ORIENTED_EDGE('',*,*,#5356,.F.);
#4729=ORIENTED_EDGE('',*,*,#5353,.F.);
#4730=ORIENTED_EDGE('',*,*,#5350,.F.);
#4731=ORIENTED_EDGE('',*,*,#5347,.F.);
#4732=EDGE_CURVE('',#5926,#5926,#6723,.T.);
#4733=EDGE_CURVE('',#5927,#5927,#6724,.T.);
#4734=EDGE_CURVE('',#5928,#5928,#6725,.T.);
#4735=EDGE_CURVE('',#5929,#5929,#6726,.T.);
#4736=EDGE_CURVE('',#5930,#5931,#54,.T.);
#4737=EDGE_CURVE('',#5931,#5932,#6727,.T.);
#4738=EDGE_CURVE('',#5932,#5933,#55,.T.);
#4739=EDGE_CURVE('',#5934,#5933,#56,.T.);
#4740=EDGE_CURVE('',#5935,#5934,#57,.T.);
#4741=EDGE_CURVE('',#5935,#5930,#6728,.T.);
#4742=EDGE_CURVE('',#5936,#5937,#58,.T.);
#4743=EDGE_CURVE('',#5937,#5938,#59,.T.);
#4744=EDGE_CURVE('',#5939,#5938,#60,.T.);
#4745=EDGE_CURVE('',#5940,#5939,#61,.T.);
#4746=EDGE_CURVE('',#5940,#5941,#62,.T.);
#4747=EDGE_CURVE('',#5941,#5942,#63,.T.);
#4748=EDGE_CURVE('',#5942,#5943,#64,.T.);
#4749=EDGE_CURVE('',#5943,#5944,#65,.T.);
#4750=EDGE_CURVE('',#5944,#5945,#66,.T.);
#4751=EDGE_CURVE('',#5945,#5946,#67,.T.);
#4752=EDGE_CURVE('',#5946,#5947,#68,.T.);
#4753=EDGE_CURVE('',#5947,#5936,#69,.T.);
#4754=EDGE_CURVE('',#5948,#5949,#70,.T.);
#4755=EDGE_CURVE('',#5949,#5941,#71,.T.);
#4756=EDGE_CURVE('',#5950,#5940,#72,.T.);
#4757=EDGE_CURVE('',#5950,#5951,#73,.T.);
#4758=EDGE_CURVE('',#5951,#5948,#74,.T.);
#4759=EDGE_CURVE('',#5952,#5938,#75,.T.);
#4760=EDGE_CURVE('',#5953,#5952,#76,.T.);
#4761=EDGE_CURVE('',#5954,#5953,#77,.T.);
#4762=EDGE_CURVE('',#5955,#5954,#78,.T.);
#4763=EDGE_CURVE('',#5955,#5939,#79,.T.);
#4764=EDGE_CURVE('',#5953,#5948,#80,.T.);
#4765=EDGE_CURVE('',#5951,#5954,#81,.T.);
#4766=EDGE_CURVE('',#5956,#5957,#6729,.T.);
#4767=EDGE_CURVE('',#5956,#5958,#82,.T.);
#4768=EDGE_CURVE('',#5959,#5958,#6730,.T.);
#4769=EDGE_CURVE('',#5959,#5960,#83,.T.);
#4770=EDGE_CURVE('',#5961,#5960,#6731,.T.);
#4771=EDGE_CURVE('',#5962,#5961,#84,.T.);
#4772=EDGE_CURVE('',#5963,#5962,#6732,.T.);
#4773=EDGE_CURVE('',#5957,#5963,#85,.T.);
#4774=EDGE_CURVE('',#5964,#5965,#86,.T.);
#4775=EDGE_CURVE('',#5965,#5931,#87,.F.);
#4776=EDGE_CURVE('',#5930,#5964,#88,.T.);
#4777=EDGE_CURVE('',#5966,#5967,#6733,.T.);
#4778=EDGE_CURVE('',#5966,#5968,#89,.T.);
#4779=EDGE_CURVE('',#5969,#5968,#6734,.T.);
#4780=EDGE_CURVE('',#5969,#5970,#90,.T.);
#4781=EDGE_CURVE('',#5971,#5970,#6735,.T.);
#4782=EDGE_CURVE('',#5972,#5971,#91,.T.);
#4783=EDGE_CURVE('',#5973,#5972,#6736,.T.);
#4784=EDGE_CURVE('',#5967,#5973,#92,.T.);
#4785=EDGE_CURVE('',#5974,#5975,#6737,.T.);
#4786=EDGE_CURVE('',#5974,#5976,#93,.T.);
#4787=EDGE_CURVE('',#5977,#5976,#6738,.T.);
#4788=EDGE_CURVE('',#5977,#5978,#94,.T.);
#4789=EDGE_CURVE('',#5979,#5978,#6739,.T.);
#4790=EDGE_CURVE('',#5980,#5979,#95,.T.);
#4791=EDGE_CURVE('',#5981,#5980,#6740,.T.);
#4792=EDGE_CURVE('',#5975,#5981,#96,.T.);
#4793=EDGE_CURVE('',#5982,#5983,#97,.T.);
#4794=EDGE_CURVE('',#5982,#5984,#6741,.T.);
#4795=EDGE_CURVE('',#5984,#5985,#98,.T.);
#4796=EDGE_CURVE('',#5985,#5986,#6742,.T.);
#4797=EDGE_CURVE('',#5986,#5987,#99,.T.);
#4798=EDGE_CURVE('',#5987,#5988,#6743,.T.);
#4799=EDGE_CURVE('',#5989,#5988,#100,.T.);
#4800=EDGE_CURVE('',#5989,#5983,#6744,.T.);
#4801=EDGE_CURVE('',#5950,#5955,#101,.T.);
#4802=EDGE_CURVE('',#5990,#5991,#102,.T.);
#4803=EDGE_CURVE('',#5990,#5992,#6745,.T.);
#4804=EDGE_CURVE('',#5992,#5993,#103,.T.);
#4805=EDGE_CURVE('',#5993,#5994,#6746,.T.);
#4806=EDGE_CURVE('',#5994,#5995,#104,.T.);
#4807=EDGE_CURVE('',#5995,#5996,#6747,.T.);
#4808=EDGE_CURVE('',#5997,#5996,#105,.T.);
#4809=EDGE_CURVE('',#5997,#5991,#6748,.T.);
#4810=EDGE_CURVE('',#5998,#5999,#106,.T.);
#4811=EDGE_CURVE('',#5998,#6000,#6749,.T.);
#4812=EDGE_CURVE('',#6000,#6001,#107,.T.);
#4813=EDGE_CURVE('',#6001,#6002,#6750,.T.);
#4814=EDGE_CURVE('',#6002,#6003,#108,.T.);
#4815=EDGE_CURVE('',#6003,#6004,#6751,.T.);
#4816=EDGE_CURVE('',#6005,#6004,#109,.T.);
#4817=EDGE_CURVE('',#6005,#5999,#6752,.T.);
#4818=EDGE_CURVE('',#6006,#6007,#110,.T.);
#4819=EDGE_CURVE('',#6008,#6007,#111,.T.);
#4820=EDGE_CURVE('',#6009,#6008,#112,.T.);
#4821=EDGE_CURVE('',#6009,#6006,#113,.T.);
#4822=EDGE_CURVE('',#6008,#6010,#114,.T.);
#4823=EDGE_CURVE('',#6011,#6010,#115,.T.);
#4824=EDGE_CURVE('',#6009,#6011,#116,.T.);
#4825=EDGE_CURVE('',#6010,#6012,#117,.T.);
#4826=EDGE_CURVE('',#6013,#6012,#118,.T.);
#4827=EDGE_CURVE('',#6011,#6013,#119,.T.);
#4828=EDGE_CURVE('',#6007,#6012,#120,.T.);
#4829=EDGE_CURVE('',#6006,#6013,#121,.T.);
#4830=EDGE_CURVE('',#6014,#6015,#122,.T.);
#4831=EDGE_CURVE('',#6015,#6016,#123,.F.);
#4832=EDGE_CURVE('',#6016,#6017,#124,.F.);
#4833=EDGE_CURVE('',#6017,#6014,#125,.T.);
#4834=EDGE_CURVE('',#5934,#6018,#126,.T.);
#4835=EDGE_CURVE('',#6018,#6019,#127,.F.);
#4836=EDGE_CURVE('',#6019,#5935,#128,.F.);
#4837=EDGE_CURVE('',#5932,#6020,#129,.T.);
#4838=EDGE_CURVE('',#6020,#6021,#130,.T.);
#4839=EDGE_CURVE('',#5933,#6021,#131,.T.);
#4840=EDGE_CURVE('',#6021,#6015,#6753,.T.);
#4841=EDGE_CURVE('',#6014,#6018,#6754,.T.);
#4842=EDGE_CURVE('',#6019,#6017,#6755,.T.);
#4843=EDGE_CURVE('',#5964,#6019,#6756,.T.);
#4844=EDGE_CURVE('',#5964,#6017,#6757,.F.);
#4845=EDGE_CURVE('',#6016,#6020,#6758,.T.);
#4846=EDGE_CURVE('',#5965,#6016,#6759,.T.);
#4847=EDGE_CURVE('',#5965,#6020,#6760,.F.);
#4848=EDGE_CURVE('',#5991,#5968,#132,.T.);
#4849=EDGE_CURVE('',#5990,#5966,#133,.T.);
#4850=EDGE_CURVE('',#5992,#5967,#134,.T.);
#4851=EDGE_CURVE('',#5993,#5973,#135,.T.);
#4852=EDGE_CURVE('',#5994,#5972,#136,.T.);
#4853=EDGE_CURVE('',#5995,#5971,#137,.T.);
#4854=EDGE_CURVE('',#5996,#5970,#138,.T.);
#4855=EDGE_CURVE('',#5997,#5969,#139,.T.);
#4856=EDGE_CURVE('',#5983,#5958,#140,.T.);
#4857=EDGE_CURVE('',#5982,#5956,#141,.T.);
#4858=EDGE_CURVE('',#5984,#5957,#142,.T.);
#4859=EDGE_CURVE('',#5985,#5963,#143,.T.);
#4860=EDGE_CURVE('',#5986,#5962,#144,.T.);
#4861=EDGE_CURVE('',#5987,#5961,#145,.T.);
#4862=EDGE_CURVE('',#5988,#5960,#146,.T.);
#4863=EDGE_CURVE('',#5989,#5959,#147,.T.);
#4864=EDGE_CURVE('',#5999,#5976,#148,.T.);
#4865=EDGE_CURVE('',#5998,#5974,#149,.T.);
#4866=EDGE_CURVE('',#6000,#5975,#150,.T.);
#4867=EDGE_CURVE('',#6001,#5981,#151,.T.);
#4868=EDGE_CURVE('',#6002,#5980,#152,.T.);
#4869=EDGE_CURVE('',#6003,#5979,#153,.T.);
#4870=EDGE_CURVE('',#6004,#5978,#154,.T.);
#4871=EDGE_CURVE('',#6005,#5977,#155,.T.);
#4872=EDGE_CURVE('',#5952,#6022,#156,.T.);
#4873=EDGE_CURVE('',#6022,#6023,#157,.T.);
#4874=EDGE_CURVE('',#6023,#6024,#158,.T.);
#4875=EDGE_CURVE('',#6024,#6025,#159,.T.);
#4876=EDGE_CURVE('',#6025,#6026,#160,.T.);
#4877=EDGE_CURVE('',#6026,#6027,#161,.T.);
#4878=EDGE_CURVE('',#6027,#6028,#162,.T.);
#4879=EDGE_CURVE('',#6028,#6029,#163,.T.);
#4880=EDGE_CURVE('',#6029,#5949,#164,.T.);
#4881=EDGE_CURVE('',#5937,#6022,#165,.T.);
#4882=EDGE_CURVE('',#5936,#6023,#166,.T.);
#4883=EDGE_CURVE('',#5947,#6024,#167,.T.);
#4884=EDGE_CURVE('',#5946,#6025,#168,.T.);
#4885=EDGE_CURVE('',#5945,#6026,#169,.T.);
#4886=EDGE_CURVE('',#5944,#6027,#170,.T.);
#4887=EDGE_CURVE('',#5943,#6028,#171,.T.);
#4888=EDGE_CURVE('',#5942,#6029,#172,.T.);
#4889=EDGE_CURVE('',#6030,#6030,#6761,.T.);
#4890=EDGE_CURVE('',#6031,#6031,#6762,.T.);
#4891=EDGE_CURVE('',#6032,#6032,#6763,.T.);
#4892=EDGE_CURVE('',#6033,#6033,#6764,.T.);
#4893=EDGE_CURVE('',#6034,#6035,#173,.T.);
#4894=EDGE_CURVE('',#6036,#6034,#174,.T.);
#4895=EDGE_CURVE('',#6036,#6037,#175,.T.);
#4896=EDGE_CURVE('',#6037,#6035,#176,.T.);
#4897=EDGE_CURVE('',#6038,#6034,#177,.T.);
#4898=EDGE_CURVE('',#6039,#6038,#178,.T.);
#4899=EDGE_CURVE('',#6039,#6036,#179,.T.);
#4900=EDGE_CURVE('',#6038,#6040,#180,.T.);
#4901=EDGE_CURVE('',#6041,#6040,#181,.T.);
#4902=EDGE_CURVE('',#6039,#6041,#182,.T.);
#4903=EDGE_CURVE('',#6042,#6043,#183,.T.);
#4904=EDGE_CURVE('',#6044,#6042,#184,.T.);
#4905=EDGE_CURVE('',#6044,#6045,#185,.T.);
#4906=EDGE_CURVE('',#6045,#6043,#186,.T.);
#4907=EDGE_CURVE('',#6046,#6042,#187,.T.);
#4908=EDGE_CURVE('',#6047,#6046,#188,.T.);
#4909=EDGE_CURVE('',#6047,#6044,#189,.T.);
#4910=EDGE_CURVE('',#6046,#6048,#190,.T.);
#4911=EDGE_CURVE('',#6049,#6048,#191,.T.);
#4912=EDGE_CURVE('',#6047,#6049,#192,.T.);
#4913=EDGE_CURVE('',#6048,#6043,#193,.T.);
#4914=EDGE_CURVE('',#6049,#6045,#194,.T.);
#4915=EDGE_CURVE('',#6040,#6035,#195,.T.);
#4916=EDGE_CURVE('',#6041,#6037,#196,.T.);
#4917=EDGE_CURVE('',#6050,#6051,#197,.T.);
#4918=EDGE_CURVE('',#6051,#6052,#198,.T.);
#4919=EDGE_CURVE('',#6052,#6053,#199,.T.);
#4920=EDGE_CURVE('',#6053,#6054,#200,.T.);
#4921=EDGE_CURVE('',#6055,#6054,#201,.T.);
#4922=EDGE_CURVE('',#6050,#6055,#202,.T.);
#4923=EDGE_CURVE('',#6056,#6057,#203,.T.);
#4924=EDGE_CURVE('',#6050,#6056,#204,.T.);
#4925=EDGE_CURVE('',#6055,#6058,#205,.T.);
#4926=EDGE_CURVE('',#6059,#6058,#206,.T.);
#4927=EDGE_CURVE('',#6057,#6059,#207,.T.);
#4928=EDGE_CURVE('',#6060,#6060,#6765,.T.);
#4929=EDGE_CURVE('',#6061,#6062,#6766,.T.);
#4930=EDGE_CURVE('',#6062,#6063,#208,.T.);
#4931=EDGE_CURVE('',#6063,#6064,#6767,.T.);
#4932=EDGE_CURVE('',#6061,#6064,#209,.T.);
#4933=EDGE_CURVE('',#6064,#6065,#210,.T.);
#4934=EDGE_CURVE('',#6066,#6063,#211,.T.);
#4935=EDGE_CURVE('',#6067,#6066,#212,.T.);
#4936=EDGE_CURVE('',#6068,#6067,#213,.T.);
#4937=EDGE_CURVE('',#6069,#6068,#214,.T.);
#4938=EDGE_CURVE('',#6070,#6069,#215,.T.);
#4939=EDGE_CURVE('',#6071,#6070,#216,.T.);
#4940=EDGE_CURVE('',#6072,#6071,#217,.T.);
#4941=EDGE_CURVE('',#6073,#6072,#218,.T.);
#4942=EDGE_CURVE('',#6074,#6073,#219,.T.);
#4943=EDGE_CURVE('',#6075,#6074,#220,.T.);
#4944=EDGE_CURVE('',#6076,#6075,#221,.T.);
#4945=EDGE_CURVE('',#6077,#6076,#222,.T.);
#4946=EDGE_CURVE('',#6078,#6077,#223,.T.);
#4947=EDGE_CURVE('',#6079,#6078,#224,.T.);
#4948=EDGE_CURVE('',#6080,#6079,#225,.T.);
#4949=EDGE_CURVE('',#6081,#6080,#226,.T.);
#4950=EDGE_CURVE('',#6082,#6081,#227,.T.);
#4951=EDGE_CURVE('',#6083,#6082,#228,.T.);
#4952=EDGE_CURVE('',#6084,#6083,#229,.T.);
#4953=EDGE_CURVE('',#6085,#6084,#230,.T.);
#4954=EDGE_CURVE('',#6086,#6085,#231,.T.);
#4955=EDGE_CURVE('',#6087,#6086,#232,.T.);
#4956=EDGE_CURVE('',#6088,#6087,#233,.T.);
#4957=EDGE_CURVE('',#6089,#6088,#234,.T.);
#4958=EDGE_CURVE('',#6090,#6089,#235,.T.);
#4959=EDGE_CURVE('',#6091,#6090,#236,.T.);
#4960=EDGE_CURVE('',#6092,#6091,#237,.T.);
#4961=EDGE_CURVE('',#6093,#6092,#238,.T.);
#4962=EDGE_CURVE('',#6094,#6093,#239,.T.);
#4963=EDGE_CURVE('',#6095,#6094,#240,.T.);
#4964=EDGE_CURVE('',#6096,#6095,#241,.T.);
#4965=EDGE_CURVE('',#6097,#6096,#242,.T.);
#4966=EDGE_CURVE('',#6098,#6097,#243,.T.);
#4967=EDGE_CURVE('',#6099,#6098,#244,.T.);
#4968=EDGE_CURVE('',#6100,#6099,#245,.T.);
#4969=EDGE_CURVE('',#6101,#6100,#246,.T.);
#4970=EDGE_CURVE('',#6102,#6101,#247,.T.);
#4971=EDGE_CURVE('',#6103,#6102,#248,.T.);
#4972=EDGE_CURVE('',#6104,#6103,#249,.T.);
#4973=EDGE_CURVE('',#6105,#6104,#250,.T.);
#4974=EDGE_CURVE('',#6106,#6105,#251,.T.);
#4975=EDGE_CURVE('',#6107,#6106,#252,.T.);
#4976=EDGE_CURVE('',#6108,#6107,#253,.T.);
#4977=EDGE_CURVE('',#6109,#6108,#254,.T.);
#4978=EDGE_CURVE('',#6110,#6109,#255,.T.);
#4979=EDGE_CURVE('',#6111,#6110,#256,.T.);
#4980=EDGE_CURVE('',#6112,#6111,#257,.T.);
#4981=EDGE_CURVE('',#6113,#6112,#258,.T.);
#4982=EDGE_CURVE('',#6114,#6113,#259,.T.);
#4983=EDGE_CURVE('',#6115,#6114,#260,.T.);
#4984=EDGE_CURVE('',#6116,#6115,#261,.T.);
#4985=EDGE_CURVE('',#6117,#6116,#262,.T.);
#4986=EDGE_CURVE('',#6118,#6117,#263,.T.);
#4987=EDGE_CURVE('',#6119,#6118,#264,.T.);
#4988=EDGE_CURVE('',#6120,#6119,#265,.T.);
#4989=EDGE_CURVE('',#6121,#6120,#266,.T.);
#4990=EDGE_CURVE('',#6122,#6121,#267,.T.);
#4991=EDGE_CURVE('',#6123,#6122,#268,.T.);
#4992=EDGE_CURVE('',#6124,#6123,#269,.T.);
#4993=EDGE_CURVE('',#6125,#6124,#270,.T.);
#4994=EDGE_CURVE('',#6126,#6125,#271,.T.);
#4995=EDGE_CURVE('',#6127,#6126,#272,.T.);
#4996=EDGE_CURVE('',#6128,#6127,#273,.T.);
#4997=EDGE_CURVE('',#6129,#6128,#274,.T.);
#4998=EDGE_CURVE('',#6130,#6129,#275,.T.);
#4999=EDGE_CURVE('',#6131,#6130,#276,.T.);
#5000=EDGE_CURVE('',#6132,#6131,#277,.T.);
#5001=EDGE_CURVE('',#6133,#6132,#278,.T.);
#5002=EDGE_CURVE('',#6134,#6133,#279,.T.);
#5003=EDGE_CURVE('',#6135,#6134,#280,.T.);
#5004=EDGE_CURVE('',#6136,#6135,#281,.T.);
#5005=EDGE_CURVE('',#6137,#6136,#282,.T.);
#5006=EDGE_CURVE('',#6138,#6137,#283,.T.);
#5007=EDGE_CURVE('',#6139,#6138,#284,.T.);
#5008=EDGE_CURVE('',#6140,#6139,#285,.T.);
#5009=EDGE_CURVE('',#6141,#6140,#286,.T.);
#5010=EDGE_CURVE('',#6142,#6141,#287,.T.);
#5011=EDGE_CURVE('',#6143,#6142,#288,.T.);
#5012=EDGE_CURVE('',#6144,#6143,#289,.T.);
#5013=EDGE_CURVE('',#6145,#6144,#290,.T.);
#5014=EDGE_CURVE('',#6146,#6145,#291,.T.);
#5015=EDGE_CURVE('',#6147,#6146,#292,.T.);
#5016=EDGE_CURVE('',#6148,#6147,#293,.T.);
#5017=EDGE_CURVE('',#6149,#6148,#294,.T.);
#5018=EDGE_CURVE('',#6150,#6149,#295,.T.);
#5019=EDGE_CURVE('',#6151,#6150,#296,.T.);
#5020=EDGE_CURVE('',#6152,#6151,#297,.T.);
#5021=EDGE_CURVE('',#6153,#6152,#298,.T.);
#5022=EDGE_CURVE('',#6154,#6153,#299,.T.);
#5023=EDGE_CURVE('',#6155,#6154,#300,.T.);
#5024=EDGE_CURVE('',#6156,#6155,#301,.T.);
#5025=EDGE_CURVE('',#6157,#6156,#302,.T.);
#5026=EDGE_CURVE('',#6158,#6157,#303,.T.);
#5027=EDGE_CURVE('',#6159,#6158,#304,.T.);
#5028=EDGE_CURVE('',#6160,#6159,#305,.T.);
#5029=EDGE_CURVE('',#6161,#6160,#306,.T.);
#5030=EDGE_CURVE('',#6162,#6161,#307,.T.);
#5031=EDGE_CURVE('',#6163,#6162,#308,.T.);
#5032=EDGE_CURVE('',#6164,#6163,#309,.T.);
#5033=EDGE_CURVE('',#6165,#6164,#310,.T.);
#5034=EDGE_CURVE('',#6166,#6165,#311,.T.);
#5035=EDGE_CURVE('',#6167,#6166,#312,.T.);
#5036=EDGE_CURVE('',#6168,#6167,#313,.T.);
#5037=EDGE_CURVE('',#6169,#6168,#314,.T.);
#5038=EDGE_CURVE('',#6170,#6169,#315,.T.);
#5039=EDGE_CURVE('',#6171,#6170,#316,.T.);
#5040=EDGE_CURVE('',#6172,#6171,#317,.T.);
#5041=EDGE_CURVE('',#6173,#6172,#318,.T.);
#5042=EDGE_CURVE('',#6057,#6173,#319,.T.);
#5043=EDGE_CURVE('',#6059,#6174,#320,.T.);
#5044=EDGE_CURVE('',#6053,#6174,#321,.T.);
#5045=EDGE_CURVE('',#6175,#6052,#322,.T.);
#5046=EDGE_CURVE('',#6176,#6175,#323,.T.);
#5047=EDGE_CURVE('',#6177,#6176,#324,.T.);
#5048=EDGE_CURVE('',#6178,#6177,#325,.T.);
#5049=EDGE_CURVE('',#6179,#6178,#326,.T.);
#5050=EDGE_CURVE('',#6180,#6179,#327,.T.);
#5051=EDGE_CURVE('',#6181,#6180,#328,.T.);
#5052=EDGE_CURVE('',#6182,#6181,#329,.T.);
#5053=EDGE_CURVE('',#6183,#6182,#330,.T.);
#5054=EDGE_CURVE('',#6184,#6183,#331,.T.);
#5055=EDGE_CURVE('',#6185,#6184,#332,.T.);
#5056=EDGE_CURVE('',#6186,#6185,#333,.T.);
#5057=EDGE_CURVE('',#6187,#6186,#334,.T.);
#5058=EDGE_CURVE('',#6188,#6187,#335,.T.);
#5059=EDGE_CURVE('',#6189,#6188,#336,.T.);
#5060=EDGE_CURVE('',#6065,#6189,#337,.T.);
#5061=EDGE_CURVE('',#6190,#6191,#6768,.T.);
#5062=EDGE_CURVE('',#6191,#6192,#338,.T.);
#5063=EDGE_CURVE('',#6192,#6193,#6769,.T.);
#5064=EDGE_CURVE('',#6193,#6194,#339,.T.);
#5065=EDGE_CURVE('',#6195,#6194,#340,.T.);
#5066=EDGE_CURVE('',#6190,#6195,#341,.T.);
#5067=EDGE_CURVE('',#6196,#6197,#342,.T.);
#5068=EDGE_CURVE('',#6196,#6198,#343,.T.);
#5069=EDGE_CURVE('',#6198,#6199,#344,.T.);
#5070=EDGE_CURVE('',#6197,#6199,#345,.T.);
#5071=EDGE_CURVE('',#6200,#6201,#346,.T.);
#5072=EDGE_CURVE('',#6196,#6200,#347,.T.);
#5073=EDGE_CURVE('',#6197,#6201,#348,.T.);
#5074=EDGE_CURVE('',#6200,#6202,#349,.T.);
#5075=EDGE_CURVE('',#6198,#6202,#350,.T.);
#5076=EDGE_CURVE('',#6202,#6203,#351,.T.);
#5077=EDGE_CURVE('',#6199,#6203,#352,.T.);
#5078=EDGE_CURVE('',#6058,#6204,#353,.T.);
#5079=EDGE_CURVE('',#6174,#6204,#354,.T.);
#5080=EDGE_CURVE('',#6205,#6206,#6770,.T.);
#5081=EDGE_CURVE('',#6191,#6206,#355,.T.);
#5082=EDGE_CURVE('',#6190,#6205,#356,.T.);
#5083=EDGE_CURVE('',#6206,#6207,#357,.T.);
#5084=EDGE_CURVE('',#6192,#6207,#358,.T.);
#5085=EDGE_CURVE('',#6207,#6208,#6771,.T.);
#5086=EDGE_CURVE('',#6193,#6208,#359,.T.);
#5087=EDGE_CURVE('',#6208,#6209,#360,.T.);
#5088=EDGE_CURVE('',#6194,#6209,#361,.T.);
#5089=EDGE_CURVE('',#6210,#6209,#362,.T.);
#5090=EDGE_CURVE('',#6195,#6210,#363,.T.);
#5091=EDGE_CURVE('',#6201,#6203,#364,.T.);
#5092=EDGE_CURVE('',#6054,#6204,#365,.T.);
#5093=EDGE_CURVE('',#6205,#6210,#366,.T.);
#5094=EDGE_CURVE('',#6211,#6065,#367,.T.);
#5095=EDGE_CURVE('',#6061,#6211,#368,.T.);
#5096=EDGE_CURVE('',#6212,#6189,#369,.T.);
#5097=EDGE_CURVE('',#6211,#6212,#370,.T.);
#5098=EDGE_CURVE('',#6213,#6188,#371,.T.);
#5099=EDGE_CURVE('',#6212,#6213,#372,.T.);
#5100=EDGE_CURVE('',#6214,#6187,#373,.T.);
#5101=EDGE_CURVE('',#6213,#6214,#374,.T.);
#5102=EDGE_CURVE('',#6215,#6186,#375,.T.);
#5103=EDGE_CURVE('',#6214,#6215,#376,.T.);
#5104=EDGE_CURVE('',#6216,#6185,#377,.T.);
#5105=EDGE_CURVE('',#6215,#6216,#378,.T.);
#5106=EDGE_CURVE('',#6217,#6184,#379,.T.);
#5107=EDGE_CURVE('',#6216,#6217,#380,.T.);
#5108=EDGE_CURVE('',#6218,#6183,#381,.T.);
#5109=EDGE_CURVE('',#6217,#6218,#382,.T.);
#5110=EDGE_CURVE('',#6219,#6182,#383,.T.);
#5111=EDGE_CURVE('',#6218,#6219,#384,.T.);
#5112=EDGE_CURVE('',#6220,#6181,#385,.T.);
#5113=EDGE_CURVE('',#6219,#6220,#386,.T.);
#5114=EDGE_CURVE('',#6221,#6180,#387,.T.);
#5115=EDGE_CURVE('',#6220,#6221,#388,.T.);
#5116=EDGE_CURVE('',#6222,#6179,#389,.T.);
#5117=EDGE_CURVE('',#6221,#6222,#390,.T.);
#5118=EDGE_CURVE('',#6223,#6178,#391,.T.);
#5119=EDGE_CURVE('',#6222,#6223,#392,.T.);
#5120=EDGE_CURVE('',#6224,#6177,#393,.T.);
#5121=EDGE_CURVE('',#6223,#6224,#394,.T.);
#5122=EDGE_CURVE('',#6225,#6176,#395,.T.);
#5123=EDGE_CURVE('',#6224,#6225,#396,.T.);
#5124=EDGE_CURVE('',#6226,#6175,#397,.T.);
#5125=EDGE_CURVE('',#6225,#6226,#398,.T.);
#5126=EDGE_CURVE('',#6226,#6051,#399,.T.);
#5127=EDGE_CURVE('',#6227,#6173,#400,.T.);
#5128=EDGE_CURVE('',#6056,#6227,#401,.T.);
#5129=EDGE_CURVE('',#6228,#6172,#402,.T.);
#5130=EDGE_CURVE('',#6227,#6228,#403,.T.);
#5131=EDGE_CURVE('',#6229,#6171,#404,.T.);
#5132=EDGE_CURVE('',#6228,#6229,#405,.T.);
#5133=EDGE_CURVE('',#6230,#6170,#406,.T.);
#5134=EDGE_CURVE('',#6229,#6230,#407,.T.);
#5135=EDGE_CURVE('',#6231,#6169,#408,.T.);
#5136=EDGE_CURVE('',#6230,#6231,#409,.T.);
#5137=EDGE_CURVE('',#6232,#6168,#410,.T.);
#5138=EDGE_CURVE('',#6231,#6232,#411,.T.);
#5139=EDGE_CURVE('',#6233,#6167,#412,.T.);
#5140=EDGE_CURVE('',#6232,#6233,#413,.T.);
#5141=EDGE_CURVE('',#6234,#6166,#414,.T.);
#5142=EDGE_CURVE('',#6233,#6234,#415,.T.);
#5143=EDGE_CURVE('',#6235,#6165,#416,.T.);
#5144=EDGE_CURVE('',#6234,#6235,#417,.T.);
#5145=EDGE_CURVE('',#6236,#6164,#418,.T.);
#5146=EDGE_CURVE('',#6235,#6236,#419,.T.);
#5147=EDGE_CURVE('',#6237,#6163,#420,.T.);
#5148=EDGE_CURVE('',#6236,#6237,#421,.T.);
#5149=EDGE_CURVE('',#6238,#6162,#422,.T.);
#5150=EDGE_CURVE('',#6237,#6238,#423,.T.);
#5151=EDGE_CURVE('',#6239,#6161,#424,.T.);
#5152=EDGE_CURVE('',#6238,#6239,#425,.T.);
#5153=EDGE_CURVE('',#6240,#6160,#426,.T.);
#5154=EDGE_CURVE('',#6239,#6240,#427,.T.);
#5155=EDGE_CURVE('',#6241,#6159,#428,.T.);
#5156=EDGE_CURVE('',#6240,#6241,#429,.T.);
#5157=EDGE_CURVE('',#6242,#6158,#430,.T.);
#5158=EDGE_CURVE('',#6241,#6242,#431,.T.);
#5159=EDGE_CURVE('',#6243,#6157,#432,.T.);
#5160=EDGE_CURVE('',#6242,#6243,#433,.T.);
#5161=EDGE_CURVE('',#6244,#6156,#434,.T.);
#5162=EDGE_CURVE('',#6243,#6244,#435,.T.);
#5163=EDGE_CURVE('',#6245,#6155,#436,.T.);
#5164=EDGE_CURVE('',#6244,#6245,#437,.T.);
#5165=EDGE_CURVE('',#6246,#6154,#438,.T.);
#5166=EDGE_CURVE('',#6245,#6246,#439,.T.);
#5167=EDGE_CURVE('',#6247,#6153,#440,.T.);
#5168=EDGE_CURVE('',#6246,#6247,#441,.T.);
#5169=EDGE_CURVE('',#6248,#6152,#442,.T.);
#5170=EDGE_CURVE('',#6247,#6248,#443,.T.);
#5171=EDGE_CURVE('',#6249,#6151,#444,.T.);
#5172=EDGE_CURVE('',#6248,#6249,#445,.T.);
#5173=EDGE_CURVE('',#6250,#6150,#446,.T.);
#5174=EDGE_CURVE('',#6249,#6250,#447,.T.);
#5175=EDGE_CURVE('',#6251,#6149,#448,.T.);
#5176=EDGE_CURVE('',#6250,#6251,#449,.T.);
#5177=EDGE_CURVE('',#6252,#6148,#450,.T.);
#5178=EDGE_CURVE('',#6251,#6252,#451,.T.);
#5179=EDGE_CURVE('',#6253,#6147,#452,.T.);
#5180=EDGE_CURVE('',#6252,#6253,#453,.T.);
#5181=EDGE_CURVE('',#6254,#6146,#454,.T.);
#5182=EDGE_CURVE('',#6253,#6254,#455,.T.);
#5183=EDGE_CURVE('',#6255,#6145,#456,.T.);
#5184=EDGE_CURVE('',#6254,#6255,#457,.T.);
#5185=EDGE_CURVE('',#6256,#6144,#458,.T.);
#5186=EDGE_CURVE('',#6255,#6256,#459,.T.);
#5187=EDGE_CURVE('',#6257,#6143,#460,.T.);
#5188=EDGE_CURVE('',#6256,#6257,#461,.T.);
#5189=EDGE_CURVE('',#6258,#6142,#462,.T.);
#5190=EDGE_CURVE('',#6257,#6258,#463,.T.);
#5191=EDGE_CURVE('',#6259,#6141,#464,.T.);
#5192=EDGE_CURVE('',#6258,#6259,#465,.T.);
#5193=EDGE_CURVE('',#6260,#6140,#466,.T.);
#5194=EDGE_CURVE('',#6259,#6260,#467,.T.);
#5195=EDGE_CURVE('',#6261,#6139,#468,.T.);
#5196=EDGE_CURVE('',#6260,#6261,#469,.T.);
#5197=EDGE_CURVE('',#6262,#6138,#470,.T.);
#5198=EDGE_CURVE('',#6261,#6262,#471,.T.);
#5199=EDGE_CURVE('',#6263,#6137,#472,.T.);
#5200=EDGE_CURVE('',#6262,#6263,#473,.T.);
#5201=EDGE_CURVE('',#6264,#6136,#474,.T.);
#5202=EDGE_CURVE('',#6263,#6264,#475,.T.);
#5203=EDGE_CURVE('',#6265,#6135,#476,.T.);
#5204=EDGE_CURVE('',#6264,#6265,#477,.T.);
#5205=EDGE_CURVE('',#6266,#6134,#478,.T.);
#5206=EDGE_CURVE('',#6265,#6266,#479,.T.);
#5207=EDGE_CURVE('',#6267,#6133,#480,.T.);
#5208=EDGE_CURVE('',#6266,#6267,#481,.T.);
#5209=EDGE_CURVE('',#6268,#6132,#482,.T.);
#5210=EDGE_CURVE('',#6267,#6268,#483,.T.);
#5211=EDGE_CURVE('',#6269,#6131,#484,.T.);
#5212=EDGE_CURVE('',#6268,#6269,#485,.T.);
#5213=EDGE_CURVE('',#6270,#6130,#486,.T.);
#5214=EDGE_CURVE('',#6269,#6270,#487,.T.);
#5215=EDGE_CURVE('',#6271,#6129,#488,.T.);
#5216=EDGE_CURVE('',#6270,#6271,#489,.T.);
#5217=EDGE_CURVE('',#6272,#6128,#490,.T.);
#5218=EDGE_CURVE('',#6271,#6272,#491,.T.);
#5219=EDGE_CURVE('',#6273,#6127,#492,.T.);
#5220=EDGE_CURVE('',#6272,#6273,#493,.T.);
#5221=EDGE_CURVE('',#6274,#6126,#494,.T.);
#5222=EDGE_CURVE('',#6273,#6274,#495,.T.);
#5223=EDGE_CURVE('',#6275,#6125,#496,.T.);
#5224=EDGE_CURVE('',#6274,#6275,#497,.T.);
#5225=EDGE_CURVE('',#6276,#6124,#498,.T.);
#5226=EDGE_CURVE('',#6275,#6276,#499,.T.);
#5227=EDGE_CURVE('',#6277,#6123,#500,.T.);
#5228=EDGE_CURVE('',#6276,#6277,#501,.T.);
#5229=EDGE_CURVE('',#6278,#6122,#502,.T.);
#5230=EDGE_CURVE('',#6277,#6278,#503,.T.);
#5231=EDGE_CURVE('',#6279,#6121,#504,.T.);
#5232=EDGE_CURVE('',#6278,#6279,#505,.T.);
#5233=EDGE_CURVE('',#6280,#6120,#506,.T.);
#5234=EDGE_CURVE('',#6279,#6280,#507,.T.);
#5235=EDGE_CURVE('',#6281,#6119,#508,.T.);
#5236=EDGE_CURVE('',#6280,#6281,#509,.T.);
#5237=EDGE_CURVE('',#6282,#6118,#510,.T.);
#5238=EDGE_CURVE('',#6281,#6282,#511,.T.);
#5239=EDGE_CURVE('',#6283,#6117,#512,.T.);
#5240=EDGE_CURVE('',#6282,#6283,#513,.T.);
#5241=EDGE_CURVE('',#6284,#6116,#514,.T.);
#5242=EDGE_CURVE('',#6283,#6284,#515,.T.);
#5243=EDGE_CURVE('',#6285,#6115,#516,.T.);
#5244=EDGE_CURVE('',#6284,#6285,#517,.T.);
#5245=EDGE_CURVE('',#6286,#6114,#518,.T.);
#5246=EDGE_CURVE('',#6285,#6286,#519,.T.);
#5247=EDGE_CURVE('',#6287,#6113,#520,.T.);
#5248=EDGE_CURVE('',#6286,#6287,#521,.T.);
#5249=EDGE_CURVE('',#6288,#6112,#522,.T.);
#5250=EDGE_CURVE('',#6287,#6288,#523,.T.);
#5251=EDGE_CURVE('',#6289,#6111,#524,.T.);
#5252=EDGE_CURVE('',#6288,#6289,#525,.T.);
#5253=EDGE_CURVE('',#6290,#6110,#526,.T.);
#5254=EDGE_CURVE('',#6289,#6290,#527,.T.);
#5255=EDGE_CURVE('',#6291,#6109,#528,.T.);
#5256=EDGE_CURVE('',#6290,#6291,#529,.T.);
#5257=EDGE_CURVE('',#6292,#6108,#530,.T.);
#5258=EDGE_CURVE('',#6291,#6292,#531,.T.);
#5259=EDGE_CURVE('',#6293,#6107,#532,.T.);
#5260=EDGE_CURVE('',#6292,#6293,#533,.T.);
#5261=EDGE_CURVE('',#6294,#6106,#534,.T.);
#5262=EDGE_CURVE('',#6293,#6294,#535,.T.);
#5263=EDGE_CURVE('',#6295,#6105,#536,.T.);
#5264=EDGE_CURVE('',#6294,#6295,#537,.T.);
#5265=EDGE_CURVE('',#6296,#6104,#538,.T.);
#5266=EDGE_CURVE('',#6295,#6296,#539,.T.);
#5267=EDGE_CURVE('',#6297,#6103,#540,.T.);
#5268=EDGE_CURVE('',#6296,#6297,#541,.T.);
#5269=EDGE_CURVE('',#6298,#6102,#542,.T.);
#5270=EDGE_CURVE('',#6297,#6298,#543,.T.);
#5271=EDGE_CURVE('',#6299,#6101,#544,.T.);
#5272=EDGE_CURVE('',#6298,#6299,#545,.T.);
#5273=EDGE_CURVE('',#6300,#6100,#546,.T.);
#5274=EDGE_CURVE('',#6299,#6300,#547,.T.);
#5275=EDGE_CURVE('',#6301,#6099,#548,.T.);
#5276=EDGE_CURVE('',#6300,#6301,#549,.T.);
#5277=EDGE_CURVE('',#6302,#6098,#550,.T.);
#5278=EDGE_CURVE('',#6301,#6302,#551,.T.);
#5279=EDGE_CURVE('',#6303,#6097,#552,.T.);
#5280=EDGE_CURVE('',#6302,#6303,#553,.T.);
#5281=EDGE_CURVE('',#6304,#6096,#554,.T.);
#5282=EDGE_CURVE('',#6303,#6304,#555,.T.);
#5283=EDGE_CURVE('',#6305,#6095,#556,.T.);
#5284=EDGE_CURVE('',#6304,#6305,#557,.T.);
#5285=EDGE_CURVE('',#6306,#6094,#558,.T.);
#5286=EDGE_CURVE('',#6305,#6306,#559,.T.);
#5287=EDGE_CURVE('',#6307,#6093,#560,.T.);
#5288=EDGE_CURVE('',#6306,#6307,#561,.T.);
#5289=EDGE_CURVE('',#6308,#6092,#562,.T.);
#5290=EDGE_CURVE('',#6307,#6308,#563,.T.);
#5291=EDGE_CURVE('',#6309,#6091,#564,.T.);
#5292=EDGE_CURVE('',#6308,#6309,#565,.T.);
#5293=EDGE_CURVE('',#6310,#6090,#566,.T.);
#5294=EDGE_CURVE('',#6309,#6310,#567,.T.);
#5295=EDGE_CURVE('',#6311,#6089,#568,.T.);
#5296=EDGE_CURVE('',#6310,#6311,#569,.T.);
#5297=EDGE_CURVE('',#6312,#6088,#570,.T.);
#5298=EDGE_CURVE('',#6311,#6312,#571,.T.);
#5299=EDGE_CURVE('',#6313,#6087,#572,.T.);
#5300=EDGE_CURVE('',#6312,#6313,#573,.T.);
#5301=EDGE_CURVE('',#6314,#6086,#574,.T.);
#5302=EDGE_CURVE('',#6313,#6314,#575,.T.);
#5303=EDGE_CURVE('',#6315,#6085,#576,.T.);
#5304=EDGE_CURVE('',#6314,#6315,#577,.T.);
#5305=EDGE_CURVE('',#6316,#6084,#578,.T.);
#5306=EDGE_CURVE('',#6315,#6316,#579,.T.);
#5307=EDGE_CURVE('',#6317,#6083,#580,.T.);
#5308=EDGE_CURVE('',#6316,#6317,#581,.T.);
#5309=EDGE_CURVE('',#6318,#6082,#582,.T.);
#5310=EDGE_CURVE('',#6317,#6318,#583,.T.);
#5311=EDGE_CURVE('',#6319,#6081,#584,.T.);
#5312=EDGE_CURVE('',#6318,#6319,#585,.T.);
#5313=EDGE_CURVE('',#6320,#6080,#586,.T.);
#5314=EDGE_CURVE('',#6319,#6320,#587,.T.);
#5315=EDGE_CURVE('',#6321,#6079,#588,.T.);
#5316=EDGE_CURVE('',#6320,#6321,#589,.T.);
#5317=EDGE_CURVE('',#6322,#6078,#590,.T.);
#5318=EDGE_CURVE('',#6321,#6322,#591,.T.);
#5319=EDGE_CURVE('',#6323,#6077,#592,.T.);
#5320=EDGE_CURVE('',#6322,#6323,#593,.T.);
#5321=EDGE_CURVE('',#6324,#6076,#594,.T.);
#5322=EDGE_CURVE('',#6323,#6324,#595,.T.);
#5323=EDGE_CURVE('',#6325,#6075,#596,.T.);
#5324=EDGE_CURVE('',#6324,#6325,#597,.T.);
#5325=EDGE_CURVE('',#6326,#6074,#598,.T.);
#5326=EDGE_CURVE('',#6325,#6326,#599,.T.);
#5327=EDGE_CURVE('',#6327,#6073,#600,.T.);
#5328=EDGE_CURVE('',#6326,#6327,#601,.T.);
#5329=EDGE_CURVE('',#6328,#6072,#602,.T.);
#5330=EDGE_CURVE('',#6327,#6328,#603,.T.);
#5331=EDGE_CURVE('',#6329,#6071,#604,.T.);
#5332=EDGE_CURVE('',#6328,#6329,#605,.T.);
#5333=EDGE_CURVE('',#6330,#6070,#606,.T.);
#5334=EDGE_CURVE('',#6329,#6330,#607,.T.);
#5335=EDGE_CURVE('',#6331,#6069,#608,.T.);
#5336=EDGE_CURVE('',#6330,#6331,#609,.T.);
#5337=EDGE_CURVE('',#6332,#6068,#610,.T.);
#5338=EDGE_CURVE('',#6331,#6332,#611,.T.);
#5339=EDGE_CURVE('',#6333,#6067,#612,.T.);
#5340=EDGE_CURVE('',#6332,#6333,#613,.T.);
#5341=EDGE_CURVE('',#6334,#6066,#614,.T.);
#5342=EDGE_CURVE('',#6333,#6334,#615,.T.);
#5343=EDGE_CURVE('',#6335,#6336,#616,.T.);
#5344=EDGE_CURVE('',#6337,#6336,#617,.T.);
#5345=EDGE_CURVE('',#6338,#6337,#618,.T.);
#5346=EDGE_CURVE('',#6338,#6335,#619,.T.);
#5347=EDGE_CURVE('',#6336,#6339,#620,.T.);
#5348=EDGE_CURVE('',#6340,#6339,#621,.T.);
#5349=EDGE_CURVE('',#6337,#6340,#622,.T.);
#5350=EDGE_CURVE('',#6339,#6341,#623,.T.);
#5351=EDGE_CURVE('',#6342,#6341,#624,.T.);
#5352=EDGE_CURVE('',#6340,#6342,#625,.T.);
#5353=EDGE_CURVE('',#6341,#6343,#626,.T.);
#5354=EDGE_CURVE('',#6344,#6343,#627,.T.);
#5355=EDGE_CURVE('',#6342,#6344,#628,.T.);
#5356=EDGE_CURVE('',#6343,#6345,#629,.T.);
#5357=EDGE_CURVE('',#6346,#6345,#630,.T.);
#5358=EDGE_CURVE('',#6344,#6346,#631,.T.);
#5359=EDGE_CURVE('',#6345,#6347,#632,.T.);
#5360=EDGE_CURVE('',#6348,#6347,#633,.T.);
#5361=EDGE_CURVE('',#6346,#6348,#634,.T.);
#5362=EDGE_CURVE('',#6347,#6349,#635,.T.);
#5363=EDGE_CURVE('',#6350,#6349,#636,.T.);
#5364=EDGE_CURVE('',#6348,#6350,#637,.T.);
#5365=EDGE_CURVE('',#6349,#6351,#638,.T.);
#5366=EDGE_CURVE('',#6352,#6351,#639,.T.);
#5367=EDGE_CURVE('',#6350,#6352,#640,.T.);
#5368=EDGE_CURVE('',#6351,#6353,#641,.T.);
#5369=EDGE_CURVE('',#6354,#6353,#642,.T.);
#5370=EDGE_CURVE('',#6352,#6354,#643,.T.);
#5371=EDGE_CURVE('',#6353,#6355,#644,.T.);
#5372=EDGE_CURVE('',#6356,#6355,#645,.T.);
#5373=EDGE_CURVE('',#6354,#6356,#646,.T.);
#5374=EDGE_CURVE('',#6355,#6357,#647,.T.);
#5375=EDGE_CURVE('',#6358,#6357,#648,.T.);
#5376=EDGE_CURVE('',#6356,#6358,#649,.T.);
#5377=EDGE_CURVE('',#6357,#6359,#650,.T.);
#5378=EDGE_CURVE('',#6360,#6359,#651,.T.);
#5379=EDGE_CURVE('',#6358,#6360,#652,.T.);
#5380=EDGE_CURVE('',#6359,#6361,#653,.T.);
#5381=EDGE_CURVE('',#6362,#6361,#654,.T.);
#5382=EDGE_CURVE('',#6360,#6362,#655,.T.);
#5383=EDGE_CURVE('',#6361,#6363,#656,.T.);
#5384=EDGE_CURVE('',#6364,#6363,#657,.T.);
#5385=EDGE_CURVE('',#6362,#6364,#658,.T.);
#5386=EDGE_CURVE('',#6363,#6365,#659,.T.);
#5387=EDGE_CURVE('',#6366,#6365,#660,.T.);
#5388=EDGE_CURVE('',#6364,#6366,#661,.T.);
#5389=EDGE_CURVE('',#6365,#6367,#662,.T.);
#5390=EDGE_CURVE('',#6368,#6367,#663,.T.);
#5391=EDGE_CURVE('',#6366,#6368,#664,.T.);
#5392=EDGE_CURVE('',#6367,#6369,#665,.T.);
#5393=EDGE_CURVE('',#6370,#6369,#666,.T.);
#5394=EDGE_CURVE('',#6368,#6370,#667,.T.);
#5395=EDGE_CURVE('',#6369,#6371,#668,.T.);
#5396=EDGE_CURVE('',#6372,#6371,#669,.T.);
#5397=EDGE_CURVE('',#6370,#6372,#670,.T.);
#5398=EDGE_CURVE('',#6371,#6373,#671,.T.);
#5399=EDGE_CURVE('',#6374,#6373,#672,.T.);
#5400=EDGE_CURVE('',#6372,#6374,#673,.T.);
#5401=EDGE_CURVE('',#6373,#6375,#674,.T.);
#5402=EDGE_CURVE('',#6376,#6375,#675,.T.);
#5403=EDGE_CURVE('',#6374,#6376,#676,.T.);
#5404=EDGE_CURVE('',#6375,#6377,#677,.T.);
#5405=EDGE_CURVE('',#6378,#6377,#678,.T.);
#5406=EDGE_CURVE('',#6376,#6378,#679,.T.);
#5407=EDGE_CURVE('',#6377,#6379,#680,.T.);
#5408=EDGE_CURVE('',#6380,#6379,#681,.T.);
#5409=EDGE_CURVE('',#6378,#6380,#682,.T.);
#5410=EDGE_CURVE('',#6379,#6381,#683,.T.);
#5411=EDGE_CURVE('',#6382,#6381,#684,.T.);
#5412=EDGE_CURVE('',#6380,#6382,#685,.T.);
#5413=EDGE_CURVE('',#6381,#6383,#686,.T.);
#5414=EDGE_CURVE('',#6384,#6383,#687,.T.);
#5415=EDGE_CURVE('',#6382,#6384,#688,.T.);
#5416=EDGE_CURVE('',#6383,#6385,#689,.T.);
#5417=EDGE_CURVE('',#6386,#6385,#690,.T.);
#5418=EDGE_CURVE('',#6384,#6386,#691,.T.);
#5419=EDGE_CURVE('',#6385,#6387,#692,.T.);
#5420=EDGE_CURVE('',#6388,#6387,#693,.T.);
#5421=EDGE_CURVE('',#6386,#6388,#694,.T.);
#5422=EDGE_CURVE('',#6387,#6389,#695,.T.);
#5423=EDGE_CURVE('',#6390,#6389,#696,.T.);
#5424=EDGE_CURVE('',#6388,#6390,#697,.T.);
#5425=EDGE_CURVE('',#6389,#6391,#698,.T.);
#5426=EDGE_CURVE('',#6392,#6391,#699,.T.);
#5427=EDGE_CURVE('',#6390,#6392,#700,.T.);
#5428=EDGE_CURVE('',#6391,#6393,#701,.T.);
#5429=EDGE_CURVE('',#6394,#6393,#702,.T.);
#5430=EDGE_CURVE('',#6392,#6394,#703,.T.);
#5431=EDGE_CURVE('',#6393,#6395,#704,.T.);
#5432=EDGE_CURVE('',#6396,#6395,#705,.T.);
#5433=EDGE_CURVE('',#6394,#6396,#706,.T.);
#5434=EDGE_CURVE('',#6395,#6397,#707,.T.);
#5435=EDGE_CURVE('',#6398,#6397,#708,.T.);
#5436=EDGE_CURVE('',#6396,#6398,#709,.T.);
#5437=EDGE_CURVE('',#6397,#6399,#710,.T.);
#5438=EDGE_CURVE('',#6400,#6399,#711,.T.);
#5439=EDGE_CURVE('',#6398,#6400,#712,.T.);
#5440=EDGE_CURVE('',#6399,#6401,#713,.T.);
#5441=EDGE_CURVE('',#6402,#6401,#714,.T.);
#5442=EDGE_CURVE('',#6400,#6402,#715,.T.);
#5443=EDGE_CURVE('',#6401,#6403,#716,.T.);
#5444=EDGE_CURVE('',#6404,#6403,#717,.T.);
#5445=EDGE_CURVE('',#6402,#6404,#718,.T.);
#5446=EDGE_CURVE('',#6403,#6405,#719,.T.);
#5447=EDGE_CURVE('',#6406,#6405,#720,.T.);
#5448=EDGE_CURVE('',#6404,#6406,#721,.T.);
#5449=EDGE_CURVE('',#6405,#6407,#722,.T.);
#5450=EDGE_CURVE('',#6408,#6407,#723,.T.);
#5451=EDGE_CURVE('',#6406,#6408,#724,.T.);
#5452=EDGE_CURVE('',#6407,#6409,#725,.T.);
#5453=EDGE_CURVE('',#6410,#6409,#726,.T.);
#5454=EDGE_CURVE('',#6408,#6410,#727,.T.);
#5455=EDGE_CURVE('',#6409,#6411,#728,.T.);
#5456=EDGE_CURVE('',#6412,#6411,#729,.T.);
#5457=EDGE_CURVE('',#6410,#6412,#730,.T.);
#5458=EDGE_CURVE('',#6411,#6413,#731,.T.);
#5459=EDGE_CURVE('',#6414,#6413,#732,.T.);
#5460=EDGE_CURVE('',#6412,#6414,#733,.T.);
#5461=EDGE_CURVE('',#6413,#6415,#734,.T.);
#5462=EDGE_CURVE('',#6416,#6415,#735,.T.);
#5463=EDGE_CURVE('',#6414,#6416,#736,.T.);
#5464=EDGE_CURVE('',#6415,#6417,#737,.T.);
#5465=EDGE_CURVE('',#6418,#6417,#738,.T.);
#5466=EDGE_CURVE('',#6416,#6418,#739,.T.);
#5467=EDGE_CURVE('',#6417,#6419,#740,.T.);
#5468=EDGE_CURVE('',#6420,#6419,#741,.T.);
#5469=EDGE_CURVE('',#6418,#6420,#742,.T.);
#5470=EDGE_CURVE('',#6419,#6421,#743,.T.);
#5471=EDGE_CURVE('',#6422,#6421,#744,.T.);
#5472=EDGE_CURVE('',#6420,#6422,#745,.T.);
#5473=EDGE_CURVE('',#6421,#6423,#746,.T.);
#5474=EDGE_CURVE('',#6424,#6423,#747,.T.);
#5475=EDGE_CURVE('',#6422,#6424,#748,.T.);
#5476=EDGE_CURVE('',#6423,#6425,#749,.T.);
#5477=EDGE_CURVE('',#6426,#6425,#750,.T.);
#5478=EDGE_CURVE('',#6424,#6426,#751,.T.);
#5479=EDGE_CURVE('',#6425,#6427,#752,.T.);
#5480=EDGE_CURVE('',#6428,#6427,#753,.T.);
#5481=EDGE_CURVE('',#6426,#6428,#754,.T.);
#5482=EDGE_CURVE('',#6427,#6429,#755,.T.);
#5483=EDGE_CURVE('',#6430,#6429,#756,.T.);
#5484=EDGE_CURVE('',#6428,#6430,#757,.T.);
#5485=EDGE_CURVE('',#6429,#6431,#758,.T.);
#5486=EDGE_CURVE('',#6432,#6431,#759,.T.);
#5487=EDGE_CURVE('',#6430,#6432,#760,.T.);
#5488=EDGE_CURVE('',#6431,#6433,#761,.T.);
#5489=EDGE_CURVE('',#6434,#6433,#762,.T.);
#5490=EDGE_CURVE('',#6432,#6434,#763,.T.);
#5491=EDGE_CURVE('',#6433,#6435,#764,.T.);
#5492=EDGE_CURVE('',#6436,#6435,#765,.T.);
#5493=EDGE_CURVE('',#6434,#6436,#766,.T.);
#5494=EDGE_CURVE('',#6435,#6437,#767,.T.);
#5495=EDGE_CURVE('',#6438,#6437,#768,.T.);
#5496=EDGE_CURVE('',#6436,#6438,#769,.T.);
#5497=EDGE_CURVE('',#6437,#6439,#770,.T.);
#5498=EDGE_CURVE('',#6440,#6439,#771,.T.);
#5499=EDGE_CURVE('',#6438,#6440,#772,.T.);
#5500=EDGE_CURVE('',#6439,#6441,#773,.T.);
#5501=EDGE_CURVE('',#6442,#6441,#774,.T.);
#5502=EDGE_CURVE('',#6440,#6442,#775,.T.);
#5503=EDGE_CURVE('',#6441,#6443,#776,.T.);
#5504=EDGE_CURVE('',#6444,#6443,#777,.T.);
#5505=EDGE_CURVE('',#6442,#6444,#778,.T.);
#5506=EDGE_CURVE('',#6443,#6445,#779,.T.);
#5507=EDGE_CURVE('',#6446,#6445,#780,.T.);
#5508=EDGE_CURVE('',#6444,#6446,#781,.T.);
#5509=EDGE_CURVE('',#6445,#6447,#782,.T.);
#5510=EDGE_CURVE('',#6448,#6447,#783,.T.);
#5511=EDGE_CURVE('',#6446,#6448,#784,.T.);
#5512=EDGE_CURVE('',#6447,#6449,#785,.T.);
#5513=EDGE_CURVE('',#6450,#6449,#786,.T.);
#5514=EDGE_CURVE('',#6448,#6450,#787,.T.);
#5515=EDGE_CURVE('',#6449,#6451,#788,.T.);
#5516=EDGE_CURVE('',#6452,#6451,#789,.T.);
#5517=EDGE_CURVE('',#6450,#6452,#790,.T.);
#5518=EDGE_CURVE('',#6451,#6453,#791,.T.);
#5519=EDGE_CURVE('',#6454,#6453,#792,.T.);
#5520=EDGE_CURVE('',#6452,#6454,#793,.T.);
#5521=EDGE_CURVE('',#6453,#6455,#794,.T.);
#5522=EDGE_CURVE('',#6456,#6455,#795,.T.);
#5523=EDGE_CURVE('',#6454,#6456,#796,.T.);
#5524=EDGE_CURVE('',#6455,#6457,#797,.T.);
#5525=EDGE_CURVE('',#6458,#6457,#798,.T.);
#5526=EDGE_CURVE('',#6456,#6458,#799,.T.);
#5527=EDGE_CURVE('',#6457,#6459,#800,.T.);
#5528=EDGE_CURVE('',#6460,#6459,#801,.T.);
#5529=EDGE_CURVE('',#6458,#6460,#802,.T.);
#5530=EDGE_CURVE('',#6459,#6461,#803,.T.);
#5531=EDGE_CURVE('',#6462,#6461,#804,.T.);
#5532=EDGE_CURVE('',#6460,#6462,#805,.T.);
#5533=EDGE_CURVE('',#6461,#6463,#806,.T.);
#5534=EDGE_CURVE('',#6464,#6463,#807,.T.);
#5535=EDGE_CURVE('',#6462,#6464,#808,.T.);
#5536=EDGE_CURVE('',#6463,#6465,#809,.T.);
#5537=EDGE_CURVE('',#6466,#6465,#810,.T.);
#5538=EDGE_CURVE('',#6464,#6466,#811,.T.);
#5539=EDGE_CURVE('',#6467,#6468,#812,.T.);
#5540=EDGE_CURVE('',#6469,#6468,#813,.T.);
#5541=EDGE_CURVE('',#6470,#6469,#814,.T.);
#5542=EDGE_CURVE('',#6470,#6467,#815,.T.);
#5543=EDGE_CURVE('',#6468,#6471,#816,.T.);
#5544=EDGE_CURVE('',#6472,#6471,#817,.T.);
#5545=EDGE_CURVE('',#6469,#6472,#818,.T.);
#5546=EDGE_CURVE('',#6471,#6473,#819,.T.);
#5547=EDGE_CURVE('',#6474,#6473,#820,.T.);
#5548=EDGE_CURVE('',#6472,#6474,#821,.T.);
#5549=EDGE_CURVE('',#6473,#6475,#822,.T.);
#5550=EDGE_CURVE('',#6476,#6475,#823,.T.);
#5551=EDGE_CURVE('',#6474,#6476,#824,.T.);
#5552=EDGE_CURVE('',#6475,#6477,#825,.T.);
#5553=EDGE_CURVE('',#6478,#6477,#826,.T.);
#5554=EDGE_CURVE('',#6476,#6478,#827,.T.);
#5555=EDGE_CURVE('',#6477,#6479,#828,.T.);
#5556=EDGE_CURVE('',#6480,#6479,#829,.T.);
#5557=EDGE_CURVE('',#6478,#6480,#830,.T.);
#5558=EDGE_CURVE('',#6479,#6481,#831,.T.);
#5559=EDGE_CURVE('',#6482,#6481,#832,.T.);
#5560=EDGE_CURVE('',#6480,#6482,#833,.T.);
#5561=EDGE_CURVE('',#6481,#6483,#834,.T.);
#5562=EDGE_CURVE('',#6484,#6483,#835,.T.);
#5563=EDGE_CURVE('',#6482,#6484,#836,.T.);
#5564=EDGE_CURVE('',#6483,#6485,#837,.T.);
#5565=EDGE_CURVE('',#6486,#6485,#838,.T.);
#5566=EDGE_CURVE('',#6484,#6486,#839,.T.);
#5567=EDGE_CURVE('',#6485,#6487,#840,.T.);
#5568=EDGE_CURVE('',#6488,#6487,#841,.T.);
#5569=EDGE_CURVE('',#6486,#6488,#842,.T.);
#5570=EDGE_CURVE('',#6487,#6489,#843,.T.);
#5571=EDGE_CURVE('',#6490,#6489,#844,.T.);
#5572=EDGE_CURVE('',#6488,#6490,#845,.T.);
#5573=EDGE_CURVE('',#6489,#6491,#846,.T.);
#5574=EDGE_CURVE('',#6492,#6491,#847,.T.);
#5575=EDGE_CURVE('',#6490,#6492,#848,.T.);
#5576=EDGE_CURVE('',#6491,#6493,#849,.T.);
#5577=EDGE_CURVE('',#6494,#6493,#850,.T.);
#5578=EDGE_CURVE('',#6492,#6494,#851,.T.);
#5579=EDGE_CURVE('',#6493,#6495,#852,.T.);
#5580=EDGE_CURVE('',#6496,#6495,#853,.T.);
#5581=EDGE_CURVE('',#6494,#6496,#854,.T.);
#5582=EDGE_CURVE('',#6495,#6497,#855,.T.);
#5583=EDGE_CURVE('',#6498,#6497,#856,.T.);
#5584=EDGE_CURVE('',#6496,#6498,#857,.T.);
#5585=EDGE_CURVE('',#6497,#6499,#858,.T.);
#5586=EDGE_CURVE('',#6500,#6499,#859,.T.);
#5587=EDGE_CURVE('',#6498,#6500,#860,.T.);
#5588=EDGE_CURVE('',#6499,#6501,#861,.T.);
#5589=EDGE_CURVE('',#6502,#6501,#862,.T.);
#5590=EDGE_CURVE('',#6500,#6502,#863,.T.);
#5591=EDGE_CURVE('',#6501,#6503,#864,.T.);
#5592=EDGE_CURVE('',#6504,#6503,#865,.T.);
#5593=EDGE_CURVE('',#6502,#6504,#866,.T.);
#5594=EDGE_CURVE('',#6503,#6505,#867,.T.);
#5595=EDGE_CURVE('',#6506,#6505,#868,.T.);
#5596=EDGE_CURVE('',#6504,#6506,#869,.T.);
#5597=EDGE_CURVE('',#6505,#6507,#870,.T.);
#5598=EDGE_CURVE('',#6508,#6507,#871,.T.);
#5599=EDGE_CURVE('',#6506,#6508,#872,.T.);
#5600=EDGE_CURVE('',#6507,#6509,#873,.T.);
#5601=EDGE_CURVE('',#6510,#6509,#874,.T.);
#5602=EDGE_CURVE('',#6508,#6510,#875,.T.);
#5603=EDGE_CURVE('',#6509,#6511,#876,.T.);
#5604=EDGE_CURVE('',#6512,#6511,#877,.T.);
#5605=EDGE_CURVE('',#6510,#6512,#878,.T.);
#5606=EDGE_CURVE('',#6511,#6513,#879,.T.);
#5607=EDGE_CURVE('',#6514,#6513,#880,.T.);
#5608=EDGE_CURVE('',#6512,#6514,#881,.T.);
#5609=EDGE_CURVE('',#6513,#6515,#882,.T.);
#5610=EDGE_CURVE('',#6516,#6515,#883,.T.);
#5611=EDGE_CURVE('',#6514,#6516,#884,.T.);
#5612=EDGE_CURVE('',#6515,#6517,#885,.T.);
#5613=EDGE_CURVE('',#6518,#6517,#886,.T.);
#5614=EDGE_CURVE('',#6516,#6518,#887,.T.);
#5615=EDGE_CURVE('',#6517,#6519,#888,.T.);
#5616=EDGE_CURVE('',#6520,#6519,#889,.T.);
#5617=EDGE_CURVE('',#6518,#6520,#890,.T.);
#5618=EDGE_CURVE('',#6519,#6521,#891,.T.);
#5619=EDGE_CURVE('',#6522,#6521,#892,.T.);
#5620=EDGE_CURVE('',#6520,#6522,#893,.T.);
#5621=EDGE_CURVE('',#6521,#6523,#894,.T.);
#5622=EDGE_CURVE('',#6524,#6523,#895,.T.);
#5623=EDGE_CURVE('',#6522,#6524,#896,.T.);
#5624=EDGE_CURVE('',#6523,#6525,#897,.T.);
#5625=EDGE_CURVE('',#6526,#6525,#898,.T.);
#5626=EDGE_CURVE('',#6524,#6526,#899,.T.);
#5627=EDGE_CURVE('',#6525,#6527,#900,.T.);
#5628=EDGE_CURVE('',#6528,#6527,#901,.T.);
#5629=EDGE_CURVE('',#6526,#6528,#902,.T.);
#5630=EDGE_CURVE('',#6527,#6529,#903,.T.);
#5631=EDGE_CURVE('',#6530,#6529,#904,.T.);
#5632=EDGE_CURVE('',#6528,#6530,#905,.T.);
#5633=EDGE_CURVE('',#6529,#6531,#906,.T.);
#5634=EDGE_CURVE('',#6532,#6531,#907,.T.);
#5635=EDGE_CURVE('',#6530,#6532,#908,.T.);
#5636=EDGE_CURVE('',#6531,#6533,#909,.T.);
#5637=EDGE_CURVE('',#6534,#6533,#910,.T.);
#5638=EDGE_CURVE('',#6532,#6534,#911,.T.);
#5639=EDGE_CURVE('',#6533,#6535,#912,.T.);
#5640=EDGE_CURVE('',#6536,#6535,#913,.T.);
#5641=EDGE_CURVE('',#6534,#6536,#914,.T.);
#5642=EDGE_CURVE('',#6535,#6537,#915,.T.);
#5643=EDGE_CURVE('',#6538,#6537,#916,.T.);
#5644=EDGE_CURVE('',#6536,#6538,#917,.T.);
#5645=EDGE_CURVE('',#6537,#6539,#918,.T.);
#5646=EDGE_CURVE('',#6540,#6539,#919,.T.);
#5647=EDGE_CURVE('',#6538,#6540,#920,.T.);
#5648=EDGE_CURVE('',#6539,#6541,#921,.T.);
#5649=EDGE_CURVE('',#6542,#6541,#922,.T.);
#5650=EDGE_CURVE('',#6540,#6542,#923,.T.);
#5651=EDGE_CURVE('',#6541,#6543,#924,.T.);
#5652=EDGE_CURVE('',#6544,#6543,#925,.T.);
#5653=EDGE_CURVE('',#6542,#6544,#926,.T.);
#5654=EDGE_CURVE('',#6543,#6545,#927,.T.);
#5655=EDGE_CURVE('',#6546,#6545,#928,.T.);
#5656=EDGE_CURVE('',#6544,#6546,#929,.T.);
#5657=EDGE_CURVE('',#6545,#6547,#930,.T.);
#5658=EDGE_CURVE('',#6548,#6547,#931,.T.);
#5659=EDGE_CURVE('',#6546,#6548,#932,.T.);
#5660=EDGE_CURVE('',#6547,#6549,#933,.T.);
#5661=EDGE_CURVE('',#6550,#6549,#934,.T.);
#5662=EDGE_CURVE('',#6548,#6550,#935,.T.);
#5663=EDGE_CURVE('',#6549,#6551,#936,.T.);
#5664=EDGE_CURVE('',#6552,#6551,#937,.T.);
#5665=EDGE_CURVE('',#6550,#6552,#938,.T.);
#5666=EDGE_CURVE('',#6551,#6553,#939,.T.);
#5667=EDGE_CURVE('',#6554,#6553,#940,.T.);
#5668=EDGE_CURVE('',#6552,#6554,#941,.T.);
#5669=EDGE_CURVE('',#6553,#6555,#942,.T.);
#5670=EDGE_CURVE('',#6556,#6555,#943,.T.);
#5671=EDGE_CURVE('',#6554,#6556,#944,.T.);
#5672=EDGE_CURVE('',#6555,#6557,#945,.T.);
#5673=EDGE_CURVE('',#6558,#6557,#946,.T.);
#5674=EDGE_CURVE('',#6556,#6558,#947,.T.);
#5675=EDGE_CURVE('',#6557,#6559,#948,.T.);
#5676=EDGE_CURVE('',#6560,#6559,#949,.T.);
#5677=EDGE_CURVE('',#6558,#6560,#950,.T.);
#5678=EDGE_CURVE('',#6559,#6561,#951,.T.);
#5679=EDGE_CURVE('',#6562,#6561,#952,.T.);
#5680=EDGE_CURVE('',#6560,#6562,#953,.T.);
#5681=EDGE_CURVE('',#6561,#6563,#954,.T.);
#5682=EDGE_CURVE('',#6564,#6563,#955,.T.);
#5683=EDGE_CURVE('',#6562,#6564,#956,.T.);
#5684=EDGE_CURVE('',#6563,#6565,#957,.T.);
#5685=EDGE_CURVE('',#6566,#6565,#958,.T.);
#5686=EDGE_CURVE('',#6564,#6566,#959,.T.);
#5687=EDGE_CURVE('',#6565,#6567,#960,.T.);
#5688=EDGE_CURVE('',#6568,#6567,#961,.T.);
#5689=EDGE_CURVE('',#6566,#6568,#962,.T.);
#5690=EDGE_CURVE('',#6567,#6569,#963,.T.);
#5691=EDGE_CURVE('',#6570,#6569,#964,.T.);
#5692=EDGE_CURVE('',#6568,#6570,#965,.T.);
#5693=EDGE_CURVE('',#6569,#6571,#966,.T.);
#5694=EDGE_CURVE('',#6572,#6571,#967,.T.);
#5695=EDGE_CURVE('',#6570,#6572,#968,.T.);
#5696=EDGE_CURVE('',#6571,#6573,#969,.T.);
#5697=EDGE_CURVE('',#6574,#6573,#970,.T.);
#5698=EDGE_CURVE('',#6572,#6574,#971,.T.);
#5699=EDGE_CURVE('',#6573,#6575,#972,.T.);
#5700=EDGE_CURVE('',#6576,#6575,#973,.T.);
#5701=EDGE_CURVE('',#6574,#6576,#974,.T.);
#5702=EDGE_CURVE('',#6575,#6577,#975,.T.);
#5703=EDGE_CURVE('',#6578,#6577,#976,.T.);
#5704=EDGE_CURVE('',#6576,#6578,#977,.T.);
#5705=EDGE_CURVE('',#6577,#6579,#978,.T.);
#5706=EDGE_CURVE('',#6580,#6579,#979,.T.);
#5707=EDGE_CURVE('',#6578,#6580,#980,.T.);
#5708=EDGE_CURVE('',#6579,#6581,#981,.T.);
#5709=EDGE_CURVE('',#6582,#6581,#982,.T.);
#5710=EDGE_CURVE('',#6580,#6582,#983,.T.);
#5711=EDGE_CURVE('',#6581,#6583,#984,.T.);
#5712=EDGE_CURVE('',#6584,#6583,#985,.T.);
#5713=EDGE_CURVE('',#6582,#6584,#986,.T.);
#5714=EDGE_CURVE('',#6583,#6585,#987,.T.);
#5715=EDGE_CURVE('',#6586,#6585,#988,.T.);
#5716=EDGE_CURVE('',#6584,#6586,#989,.T.);
#5717=EDGE_CURVE('',#6585,#6587,#990,.T.);
#5718=EDGE_CURVE('',#6588,#6587,#991,.T.);
#5719=EDGE_CURVE('',#6586,#6588,#992,.T.);
#5720=EDGE_CURVE('',#6587,#6589,#993,.T.);
#5721=EDGE_CURVE('',#6590,#6589,#994,.T.);
#5722=EDGE_CURVE('',#6588,#6590,#995,.T.);
#5723=EDGE_CURVE('',#6589,#6591,#996,.T.);
#5724=EDGE_CURVE('',#6592,#6591,#997,.T.);
#5725=EDGE_CURVE('',#6590,#6592,#998,.T.);
#5726=EDGE_CURVE('',#6591,#6593,#999,.T.);
#5727=EDGE_CURVE('',#6594,#6593,#1000,.T.);
#5728=EDGE_CURVE('',#6592,#6594,#1001,.T.);
#5729=EDGE_CURVE('',#6595,#6596,#1002,.T.);
#5730=EDGE_CURVE('',#6597,#6596,#1003,.T.);
#5731=EDGE_CURVE('',#6598,#6597,#1004,.T.);
#5732=EDGE_CURVE('',#6598,#6595,#1005,.T.);
#5733=EDGE_CURVE('',#6596,#6599,#1006,.T.);
#5734=EDGE_CURVE('',#6600,#6599,#1007,.T.);
#5735=EDGE_CURVE('',#6597,#6600,#1008,.T.);
#5736=EDGE_CURVE('',#6599,#6601,#1009,.T.);
#5737=EDGE_CURVE('',#6602,#6601,#1010,.T.);
#5738=EDGE_CURVE('',#6600,#6602,#1011,.T.);
#5739=EDGE_CURVE('',#6601,#6603,#1012,.T.);
#5740=EDGE_CURVE('',#6604,#6603,#1013,.T.);
#5741=EDGE_CURVE('',#6602,#6604,#1014,.T.);
#5742=EDGE_CURVE('',#6603,#6605,#1015,.T.);
#5743=EDGE_CURVE('',#6606,#6605,#1016,.T.);
#5744=EDGE_CURVE('',#6604,#6606,#1017,.T.);
#5745=EDGE_CURVE('',#6605,#6607,#1018,.T.);
#5746=EDGE_CURVE('',#6608,#6607,#1019,.T.);
#5747=EDGE_CURVE('',#6606,#6608,#1020,.T.);
#5748=EDGE_CURVE('',#6607,#6609,#1021,.T.);
#5749=EDGE_CURVE('',#6610,#6609,#1022,.T.);
#5750=EDGE_CURVE('',#6608,#6610,#1023,.T.);
#5751=EDGE_CURVE('',#6609,#6611,#1024,.T.);
#5752=EDGE_CURVE('',#6612,#6611,#1025,.T.);
#5753=EDGE_CURVE('',#6610,#6612,#1026,.T.);
#5754=EDGE_CURVE('',#6611,#6613,#1027,.T.);
#5755=EDGE_CURVE('',#6614,#6613,#1028,.T.);
#5756=EDGE_CURVE('',#6612,#6614,#1029,.T.);
#5757=EDGE_CURVE('',#6613,#6615,#1030,.T.);
#5758=EDGE_CURVE('',#6616,#6615,#1031,.T.);
#5759=EDGE_CURVE('',#6614,#6616,#1032,.T.);
#5760=EDGE_CURVE('',#6615,#6617,#1033,.T.);
#5761=EDGE_CURVE('',#6618,#6617,#1034,.T.);
#5762=EDGE_CURVE('',#6616,#6618,#1035,.T.);
#5763=EDGE_CURVE('',#6617,#6619,#1036,.T.);
#5764=EDGE_CURVE('',#6620,#6619,#1037,.T.);
#5765=EDGE_CURVE('',#6618,#6620,#1038,.T.);
#5766=EDGE_CURVE('',#6619,#6621,#1039,.T.);
#5767=EDGE_CURVE('',#6622,#6621,#1040,.T.);
#5768=EDGE_CURVE('',#6620,#6622,#1041,.T.);
#5769=EDGE_CURVE('',#6621,#6623,#1042,.T.);
#5770=EDGE_CURVE('',#6624,#6623,#1043,.T.);
#5771=EDGE_CURVE('',#6622,#6624,#1044,.T.);
#5772=EDGE_CURVE('',#6623,#6625,#1045,.T.);
#5773=EDGE_CURVE('',#6626,#6625,#1046,.T.);
#5774=EDGE_CURVE('',#6624,#6626,#1047,.T.);
#5775=EDGE_CURVE('',#6625,#6627,#1048,.T.);
#5776=EDGE_CURVE('',#6628,#6627,#1049,.T.);
#5777=EDGE_CURVE('',#6626,#6628,#1050,.T.);
#5778=EDGE_CURVE('',#6627,#6629,#1051,.T.);
#5779=EDGE_CURVE('',#6630,#6629,#1052,.T.);
#5780=EDGE_CURVE('',#6628,#6630,#1053,.T.);
#5781=EDGE_CURVE('',#6629,#6631,#1054,.T.);
#5782=EDGE_CURVE('',#6632,#6631,#1055,.T.);
#5783=EDGE_CURVE('',#6630,#6632,#1056,.T.);
#5784=EDGE_CURVE('',#6631,#6633,#1057,.T.);
#5785=EDGE_CURVE('',#6634,#6633,#1058,.T.);
#5786=EDGE_CURVE('',#6632,#6634,#1059,.T.);
#5787=EDGE_CURVE('',#6633,#6635,#1060,.T.);
#5788=EDGE_CURVE('',#6636,#6635,#1061,.T.);
#5789=EDGE_CURVE('',#6634,#6636,#1062,.T.);
#5790=EDGE_CURVE('',#6635,#6637,#1063,.T.);
#5791=EDGE_CURVE('',#6638,#6637,#1064,.T.);
#5792=EDGE_CURVE('',#6636,#6638,#1065,.T.);
#5793=EDGE_CURVE('',#6637,#6639,#1066,.T.);
#5794=EDGE_CURVE('',#6640,#6639,#1067,.T.);
#5795=EDGE_CURVE('',#6638,#6640,#1068,.T.);
#5796=EDGE_CURVE('',#6639,#6641,#1069,.T.);
#5797=EDGE_CURVE('',#6642,#6641,#1070,.T.);
#5798=EDGE_CURVE('',#6640,#6642,#1071,.T.);
#5799=EDGE_CURVE('',#6641,#6643,#1072,.T.);
#5800=EDGE_CURVE('',#6644,#6643,#1073,.T.);
#5801=EDGE_CURVE('',#6642,#6644,#1074,.T.);
#5802=EDGE_CURVE('',#6643,#6645,#1075,.T.);
#5803=EDGE_CURVE('',#6646,#6645,#1076,.T.);
#5804=EDGE_CURVE('',#6644,#6646,#1077,.T.);
#5805=EDGE_CURVE('',#6645,#6647,#1078,.T.);
#5806=EDGE_CURVE('',#6648,#6647,#1079,.T.);
#5807=EDGE_CURVE('',#6646,#6648,#1080,.T.);
#5808=EDGE_CURVE('',#6647,#6649,#1081,.T.);
#5809=EDGE_CURVE('',#6650,#6649,#1082,.T.);
#5810=EDGE_CURVE('',#6648,#6650,#1083,.T.);
#5811=EDGE_CURVE('',#6649,#6651,#1084,.T.);
#5812=EDGE_CURVE('',#6652,#6651,#1085,.T.);
#5813=EDGE_CURVE('',#6650,#6652,#1086,.T.);
#5814=EDGE_CURVE('',#6651,#6653,#1087,.T.);
#5815=EDGE_CURVE('',#6654,#6653,#1088,.T.);
#5816=EDGE_CURVE('',#6652,#6654,#1089,.T.);
#5817=EDGE_CURVE('',#6653,#6655,#1090,.T.);
#5818=EDGE_CURVE('',#6656,#6655,#1091,.T.);
#5819=EDGE_CURVE('',#6654,#6656,#1092,.T.);
#5820=EDGE_CURVE('',#6655,#6657,#1093,.T.);
#5821=EDGE_CURVE('',#6658,#6657,#1094,.T.);
#5822=EDGE_CURVE('',#6656,#6658,#1095,.T.);
#5823=EDGE_CURVE('',#6657,#6659,#1096,.T.);
#5824=EDGE_CURVE('',#6660,#6659,#1097,.T.);
#5825=EDGE_CURVE('',#6658,#6660,#1098,.T.);
#5826=EDGE_CURVE('',#6659,#6661,#1099,.T.);
#5827=EDGE_CURVE('',#6662,#6661,#1100,.T.);
#5828=EDGE_CURVE('',#6660,#6662,#1101,.T.);
#5829=EDGE_CURVE('',#6661,#6663,#1102,.T.);
#5830=EDGE_CURVE('',#6664,#6663,#1103,.T.);
#5831=EDGE_CURVE('',#6662,#6664,#1104,.T.);
#5832=EDGE_CURVE('',#6663,#6665,#1105,.T.);
#5833=EDGE_CURVE('',#6666,#6665,#1106,.T.);
#5834=EDGE_CURVE('',#6664,#6666,#1107,.T.);
#5835=EDGE_CURVE('',#6665,#6667,#1108,.T.);
#5836=EDGE_CURVE('',#6668,#6667,#1109,.T.);
#5837=EDGE_CURVE('',#6666,#6668,#1110,.T.);
#5838=EDGE_CURVE('',#6667,#6669,#1111,.T.);
#5839=EDGE_CURVE('',#6670,#6669,#1112,.T.);
#5840=EDGE_CURVE('',#6668,#6670,#1113,.T.);
#5841=EDGE_CURVE('',#6669,#6671,#1114,.T.);
#5842=EDGE_CURVE('',#6672,#6671,#1115,.T.);
#5843=EDGE_CURVE('',#6670,#6672,#1116,.T.);
#5844=EDGE_CURVE('',#6671,#6673,#1117,.T.);
#5845=EDGE_CURVE('',#6674,#6673,#1118,.T.);
#5846=EDGE_CURVE('',#6672,#6674,#1119,.T.);
#5847=EDGE_CURVE('',#6673,#6675,#1120,.T.);
#5848=EDGE_CURVE('',#6676,#6675,#1121,.T.);
#5849=EDGE_CURVE('',#6674,#6676,#1122,.T.);
#5850=EDGE_CURVE('',#6675,#6677,#1123,.T.);
#5851=EDGE_CURVE('',#6678,#6677,#1124,.T.);
#5852=EDGE_CURVE('',#6676,#6678,#1125,.T.);
#5853=EDGE_CURVE('',#6677,#6679,#1126,.T.);
#5854=EDGE_CURVE('',#6680,#6679,#1127,.T.);
#5855=EDGE_CURVE('',#6678,#6680,#1128,.T.);
#5856=EDGE_CURVE('',#6679,#6681,#1129,.T.);
#5857=EDGE_CURVE('',#6682,#6681,#1130,.T.);
#5858=EDGE_CURVE('',#6680,#6682,#1131,.T.);
#5859=EDGE_CURVE('',#6681,#6683,#1132,.T.);
#5860=EDGE_CURVE('',#6684,#6683,#1133,.T.);
#5861=EDGE_CURVE('',#6682,#6684,#1134,.T.);
#5862=EDGE_CURVE('',#6683,#6685,#1135,.T.);
#5863=EDGE_CURVE('',#6686,#6685,#1136,.T.);
#5864=EDGE_CURVE('',#6684,#6686,#1137,.T.);
#5865=EDGE_CURVE('',#6685,#6687,#1138,.T.);
#5866=EDGE_CURVE('',#6688,#6687,#1139,.T.);
#5867=EDGE_CURVE('',#6686,#6688,#1140,.T.);
#5868=EDGE_CURVE('',#6687,#6689,#1141,.T.);
#5869=EDGE_CURVE('',#6690,#6689,#1142,.T.);
#5870=EDGE_CURVE('',#6688,#6690,#1143,.T.);
#5871=EDGE_CURVE('',#6689,#6691,#1144,.T.);
#5872=EDGE_CURVE('',#6692,#6691,#1145,.T.);
#5873=EDGE_CURVE('',#6690,#6692,#1146,.T.);
#5874=EDGE_CURVE('',#6691,#6693,#1147,.T.);
#5875=EDGE_CURVE('',#6694,#6693,#1148,.T.);
#5876=EDGE_CURVE('',#6692,#6694,#1149,.T.);
#5877=EDGE_CURVE('',#6693,#6695,#1150,.T.);
#5878=EDGE_CURVE('',#6696,#6695,#1151,.T.);
#5879=EDGE_CURVE('',#6694,#6696,#1152,.T.);
#5880=EDGE_CURVE('',#6695,#6697,#1153,.T.);
#5881=EDGE_CURVE('',#6698,#6697,#1154,.T.);
#5882=EDGE_CURVE('',#6696,#6698,#1155,.T.);
#5883=EDGE_CURVE('',#6697,#6699,#1156,.T.);
#5884=EDGE_CURVE('',#6700,#6699,#1157,.T.);
#5885=EDGE_CURVE('',#6698,#6700,#1158,.T.);
#5886=EDGE_CURVE('',#6699,#6701,#1159,.T.);
#5887=EDGE_CURVE('',#6702,#6701,#1160,.T.);
#5888=EDGE_CURVE('',#6700,#6702,#1161,.T.);
#5889=EDGE_CURVE('',#6701,#6703,#1162,.T.);
#5890=EDGE_CURVE('',#6704,#6703,#1163,.T.);
#5891=EDGE_CURVE('',#6702,#6704,#1164,.T.);
#5892=EDGE_CURVE('',#6703,#6705,#1165,.T.);
#5893=EDGE_CURVE('',#6706,#6705,#1166,.T.);
#5894=EDGE_CURVE('',#6704,#6706,#1167,.T.);
#5895=EDGE_CURVE('',#6705,#6707,#1168,.T.);
#5896=EDGE_CURVE('',#6708,#6707,#1169,.T.);
#5897=EDGE_CURVE('',#6706,#6708,#1170,.T.);
#5898=EDGE_CURVE('',#6707,#6709,#1171,.T.);
#5899=EDGE_CURVE('',#6710,#6709,#1172,.T.);
#5900=EDGE_CURVE('',#6708,#6710,#1173,.T.);
#5901=EDGE_CURVE('',#6709,#6711,#1174,.T.);
#5902=EDGE_CURVE('',#6712,#6711,#1175,.T.);
#5903=EDGE_CURVE('',#6710,#6712,#1176,.T.);
#5904=EDGE_CURVE('',#6711,#6713,#1177,.T.);
#5905=EDGE_CURVE('',#6714,#6713,#1178,.T.);
#5906=EDGE_CURVE('',#6712,#6714,#1179,.T.);
#5907=EDGE_CURVE('',#6713,#6715,#1180,.T.);
#5908=EDGE_CURVE('',#6716,#6715,#1181,.T.);
#5909=EDGE_CURVE('',#6714,#6716,#1182,.T.);
#5910=EDGE_CURVE('',#6715,#6717,#1183,.T.);
#5911=EDGE_CURVE('',#6718,#6717,#1184,.T.);
#5912=EDGE_CURVE('',#6716,#6718,#1185,.T.);
#5913=EDGE_CURVE('',#6717,#6719,#1186,.T.);
#5914=EDGE_CURVE('',#6720,#6719,#1187,.T.);
#5915=EDGE_CURVE('',#6718,#6720,#1188,.T.);
#5916=EDGE_CURVE('',#6719,#6721,#1189,.T.);
#5917=EDGE_CURVE('',#6722,#6721,#1190,.T.);
#5918=EDGE_CURVE('',#6720,#6722,#1191,.T.);
#5919=EDGE_CURVE('',#6465,#6335,#1192,.T.);
#5920=EDGE_CURVE('',#6466,#6338,#1193,.T.);
#5921=EDGE_CURVE('',#6593,#6467,#1194,.T.);
#5922=EDGE_CURVE('',#6594,#6470,#1195,.T.);
#5923=EDGE_CURVE('',#6721,#6595,#1196,.T.);
#5924=EDGE_CURVE('',#6722,#6598,#1197,.T.);
#5925=EDGE_CURVE('',#6334,#6062,#1198,.T.);
#5926=VERTEX_POINT('',#11051);
#5927=VERTEX_POINT('',#11053);
#5928=VERTEX_POINT('',#11055);
#5929=VERTEX_POINT('',#11057);
#5930=VERTEX_POINT('',#11059);
#5931=VERTEX_POINT('',#11060);
#5932=VERTEX_POINT('',#11062);
#5933=VERTEX_POINT('',#11064);
#5934=VERTEX_POINT('',#11066);
#5935=VERTEX_POINT('',#11068);
#5936=VERTEX_POINT('',#11071);
#5937=VERTEX_POINT('',#11072);
#5938=VERTEX_POINT('',#11074);
#5939=VERTEX_POINT('',#11076);
#5940=VERTEX_POINT('',#11078);
#5941=VERTEX_POINT('',#11080);
#5942=VERTEX_POINT('',#11082);
#5943=VERTEX_POINT('',#11084);
#5944=VERTEX_POINT('',#11086);
#5945=VERTEX_POINT('',#11088);
#5946=VERTEX_POINT('',#11090);
#5947=VERTEX_POINT('',#11092);
#5948=VERTEX_POINT('',#11096);
#5949=VERTEX_POINT('',#11097);
#5950=VERTEX_POINT('',#11100);
#5951=VERTEX_POINT('',#11102);
#5952=VERTEX_POINT('',#11106);
#5953=VERTEX_POINT('',#11108);
#5954=VERTEX_POINT('',#11110);
#5955=VERTEX_POINT('',#11112);
#5956=VERTEX_POINT('',#11119);
#5957=VERTEX_POINT('',#11120);
#5958=VERTEX_POINT('',#11122);
#5959=VERTEX_POINT('',#11124);
#5960=VERTEX_POINT('',#11126);
#5961=VERTEX_POINT('',#11128);
#5962=VERTEX_POINT('',#11130);
#5963=VERTEX_POINT('',#11132);
#5964=VERTEX_POINT('',#11135);
#5965=VERTEX_POINT('',#11136);
#5966=VERTEX_POINT('',#11140);
#5967=VERTEX_POINT('',#11141);
#5968=VERTEX_POINT('',#11143);
#5969=VERTEX_POINT('',#11145);
#5970=VERTEX_POINT('',#11147);
#5971=VERTEX_POINT('',#11149);
#5972=VERTEX_POINT('',#11151);
#5973=VERTEX_POINT('',#11153);
#5974=VERTEX_POINT('',#11156);
#5975=VERTEX_POINT('',#11157);
#5976=VERTEX_POINT('',#11159);
#5977=VERTEX_POINT('',#11161);
#5978=VERTEX_POINT('',#11163);
#5979=VERTEX_POINT('',#11165);
#5980=VERTEX_POINT('',#11167);
#5981=VERTEX_POINT('',#11169);
#5982=VERTEX_POINT('',#11173);
#5983=VERTEX_POINT('',#11174);
#5984=VERTEX_POINT('',#11176);
#5985=VERTEX_POINT('',#11178);
#5986=VERTEX_POINT('',#11180);
#5987=VERTEX_POINT('',#11182);
#5988=VERTEX_POINT('',#11184);
#5989=VERTEX_POINT('',#11186);
#5990=VERTEX_POINT('',#11190);
#5991=VERTEX_POINT('',#11191);
#5992=VERTEX_POINT('',#11193);
#5993=VERTEX_POINT('',#11195);
#5994=VERTEX_POINT('',#11197);
#5995=VERTEX_POINT('',#11199);
#5996=VERTEX_POINT('',#11201);
#5997=VERTEX_POINT('',#11203);
#5998=VERTEX_POINT('',#11206);
#5999=VERTEX_POINT('',#11207);
#6000=VERTEX_POINT('',#11209);
#6001=VERTEX_POINT('',#11211);
#6002=VERTEX_POINT('',#11213);
#6003=VERTEX_POINT('',#11215);
#6004=VERTEX_POINT('',#11217);
#6005=VERTEX_POINT('',#11219);
#6006=VERTEX_POINT('',#11223);
#6007=VERTEX_POINT('',#11224);
#6008=VERTEX_POINT('',#11226);
#6009=VERTEX_POINT('',#11228);
#6010=VERTEX_POINT('',#11232);
#6011=VERTEX_POINT('',#11234);
#6012=VERTEX_POINT('',#11238);
#6013=VERTEX_POINT('',#11240);
#6014=VERTEX_POINT('',#11247);
#6015=VERTEX_POINT('',#11248);
#6016=VERTEX_POINT('',#11250);
#6017=VERTEX_POINT('',#11252);
#6018=VERTEX_POINT('',#11256);
#6019=VERTEX_POINT('',#11258);
#6020=VERTEX_POINT('',#11262);
#6021=VERTEX_POINT('',#11264);
#6022=VERTEX_POINT('',#11333);
#6023=VERTEX_POINT('',#11335);
#6024=VERTEX_POINT('',#11337);
#6025=VERTEX_POINT('',#11339);
#6026=VERTEX_POINT('',#11341);
#6027=VERTEX_POINT('',#11343);
#6028=VERTEX_POINT('',#11345);
#6029=VERTEX_POINT('',#11347);
#6030=VERTEX_POINT('',#11368);
#6031=VERTEX_POINT('',#11372);
#6032=VERTEX_POINT('',#11376);
#6033=VERTEX_POINT('',#11380);
#6034=VERTEX_POINT('',#11385);
#6035=VERTEX_POINT('',#11386);
#6036=VERTEX_POINT('',#11388);
#6037=VERTEX_POINT('',#11390);
#6038=VERTEX_POINT('',#11394);
#6039=VERTEX_POINT('',#11396);
#6040=VERTEX_POINT('',#11400);
#6041=VERTEX_POINT('',#11402);
#6042=VERTEX_POINT('',#11406);
#6043=VERTEX_POINT('',#11407);
#6044=VERTEX_POINT('',#11409);
#6045=VERTEX_POINT('',#11411);
#6046=VERTEX_POINT('',#11415);
#6047=VERTEX_POINT('',#11417);
#6048=VERTEX_POINT('',#11421);
#6049=VERTEX_POINT('',#11423);
#6050=VERTEX_POINT('',#11436);
#6051=VERTEX_POINT('',#11437);
#6052=VERTEX_POINT('',#11439);
#6053=VERTEX_POINT('',#11441);
#6054=VERTEX_POINT('',#11443);
#6055=VERTEX_POINT('',#11445);
#6056=VERTEX_POINT('',#11449);
#6057=VERTEX_POINT('',#11450);
#6058=VERTEX_POINT('',#11453);
#6059=VERTEX_POINT('',#11455);
#6060=VERTEX_POINT('',#11459);
#6061=VERTEX_POINT('',#11461);
#6062=VERTEX_POINT('',#11462);
#6063=VERTEX_POINT('',#11464);
#6064=VERTEX_POINT('',#11466);
#6065=VERTEX_POINT('',#11470);
#6066=VERTEX_POINT('',#11472);
#6067=VERTEX_POINT('',#11474);
#6068=VERTEX_POINT('',#11476);
#6069=VERTEX_POINT('',#11478);
#6070=VERTEX_POINT('',#11480);
#6071=VERTEX_POINT('',#11482);
#6072=VERTEX_POINT('',#11484);
#6073=VERTEX_POINT('',#11486);
#6074=VERTEX_POINT('',#11488);
#6075=VERTEX_POINT('',#11490);
#6076=VERTEX_POINT('',#11492);
#6077=VERTEX_POINT('',#11494);
#6078=VERTEX_POINT('',#11496);
#6079=VERTEX_POINT('',#11498);
#6080=VERTEX_POINT('',#11500);
#6081=VERTEX_POINT('',#11502);
#6082=VERTEX_POINT('',#11504);
#6083=VERTEX_POINT('',#11506);
#6084=VERTEX_POINT('',#11508);
#6085=VERTEX_POINT('',#11510);
#6086=VERTEX_POINT('',#11512);
#6087=VERTEX_POINT('',#11514);
#6088=VERTEX_POINT('',#11516);
#6089=VERTEX_POINT('',#11518);
#6090=VERTEX_POINT('',#11520);
#6091=VERTEX_POINT('',#11522);
#6092=VERTEX_POINT('',#11524);
#6093=VERTEX_POINT('',#11526);
#6094=VERTEX_POINT('',#11528);
#6095=VERTEX_POINT('',#11530);
#6096=VERTEX_POINT('',#11532);
#6097=VERTEX_POINT('',#11534);
#6098=VERTEX_POINT('',#11536);
#6099=VERTEX_POINT('',#11538);
#6100=VERTEX_POINT('',#11540);
#6101=VERTEX_POINT('',#11542);
#6102=VERTEX_POINT('',#11544);
#6103=VERTEX_POINT('',#11546);
#6104=VERTEX_POINT('',#11548);
#6105=VERTEX_POINT('',#11550);
#6106=VERTEX_POINT('',#11552);
#6107=VERTEX_POINT('',#11554);
#6108=VERTEX_POINT('',#11556);
#6109=VERTEX_POINT('',#11558);
#6110=VERTEX_POINT('',#11560);
#6111=VERTEX_POINT('',#11562);
#6112=VERTEX_POINT('',#11564);
#6113=VERTEX_POINT('',#11566);
#6114=VERTEX_POINT('',#11568);
#6115=VERTEX_POINT('',#11570);
#6116=VERTEX_POINT('',#11572);
#6117=VERTEX_POINT('',#11574);
#6118=VERTEX_POINT('',#11576);
#6119=VERTEX_POINT('',#11578);
#6120=VERTEX_POINT('',#11580);
#6121=VERTEX_POINT('',#11582);
#6122=VERTEX_POINT('',#11584);
#6123=VERTEX_POINT('',#11586);
#6124=VERTEX_POINT('',#11588);
#6125=VERTEX_POINT('',#11590);
#6126=VERTEX_POINT('',#11592);
#6127=VERTEX_POINT('',#11594);
#6128=VERTEX_POINT('',#11596);
#6129=VERTEX_POINT('',#11598);
#6130=VERTEX_POINT('',#11600);
#6131=VERTEX_POINT('',#11602);
#6132=VERTEX_POINT('',#11604);
#6133=VERTEX_POINT('',#11606);
#6134=VERTEX_POINT('',#11608);
#6135=VERTEX_POINT('',#11610);
#6136=VERTEX_POINT('',#11612);
#6137=VERTEX_POINT('',#11614);
#6138=VERTEX_POINT('',#11616);
#6139=VERTEX_POINT('',#11618);
#6140=VERTEX_POINT('',#11620);
#6141=VERTEX_POINT('',#11622);
#6142=VERTEX_POINT('',#11624);
#6143=VERTEX_POINT('',#11626);
#6144=VERTEX_POINT('',#11628);
#6145=VERTEX_POINT('',#11630);
#6146=VERTEX_POINT('',#11632);
#6147=VERTEX_POINT('',#11634);
#6148=VERTEX_POINT('',#11636);
#6149=VERTEX_POINT('',#11638);
#6150=VERTEX_POINT('',#11640);
#6151=VERTEX_POINT('',#11642);
#6152=VERTEX_POINT('',#11644);
#6153=VERTEX_POINT('',#11646);
#6154=VERTEX_POINT('',#11648);
#6155=VERTEX_POINT('',#11650);
#6156=VERTEX_POINT('',#11652);
#6157=VERTEX_POINT('',#11654);
#6158=VERTEX_POINT('',#11656);
#6159=VERTEX_POINT('',#11658);
#6160=VERTEX_POINT('',#11660);
#6161=VERTEX_POINT('',#11662);
#6162=VERTEX_POINT('',#11664);
#6163=VERTEX_POINT('',#11666);
#6164=VERTEX_POINT('',#11668);
#6165=VERTEX_POINT('',#11670);
#6166=VERTEX_POINT('',#11672);
#6167=VERTEX_POINT('',#11674);
#6168=VERTEX_POINT('',#11676);
#6169=VERTEX_POINT('',#11678);
#6170=VERTEX_POINT('',#11680);
#6171=VERTEX_POINT('',#11682);
#6172=VERTEX_POINT('',#11684);
#6173=VERTEX_POINT('',#11686);
#6174=VERTEX_POINT('',#11689);
#6175=VERTEX_POINT('',#11692);
#6176=VERTEX_POINT('',#11694);
#6177=VERTEX_POINT('',#11696);
#6178=VERTEX_POINT('',#11698);
#6179=VERTEX_POINT('',#11700);
#6180=VERTEX_POINT('',#11702);
#6181=VERTEX_POINT('',#11704);
#6182=VERTEX_POINT('',#11706);
#6183=VERTEX_POINT('',#11708);
#6184=VERTEX_POINT('',#11710);
#6185=VERTEX_POINT('',#11712);
#6186=VERTEX_POINT('',#11714);
#6187=VERTEX_POINT('',#11716);
#6188=VERTEX_POINT('',#11718);
#6189=VERTEX_POINT('',#11720);
#6190=VERTEX_POINT('',#11723);
#6191=VERTEX_POINT('',#11724);
#6192=VERTEX_POINT('',#11726);
#6193=VERTEX_POINT('',#11728);
#6194=VERTEX_POINT('',#11730);
#6195=VERTEX_POINT('',#11732);
#6196=VERTEX_POINT('',#11735);
#6197=VERTEX_POINT('',#11736);
#6198=VERTEX_POINT('',#11738);
#6199=VERTEX_POINT('',#11740);
#6200=VERTEX_POINT('',#11744);
#6201=VERTEX_POINT('',#11745);
#6202=VERTEX_POINT('',#11750);
#6203=VERTEX_POINT('',#11754);
#6204=VERTEX_POINT('',#11758);
#6205=VERTEX_POINT('',#11762);
#6206=VERTEX_POINT('',#11763);
#6207=VERTEX_POINT('',#11768);
#6208=VERTEX_POINT('',#11772);
#6209=VERTEX_POINT('',#11776);
#6210=VERTEX_POINT('',#11780);
#6211=VERTEX_POINT('',#11791);
#6212=VERTEX_POINT('',#11795);
#6213=VERTEX_POINT('',#11799);
#6214=VERTEX_POINT('',#11803);
#6215=VERTEX_POINT('',#11807);
#6216=VERTEX_POINT('',#11811);
#6217=VERTEX_POINT('',#11815);
#6218=VERTEX_POINT('',#11819);
#6219=VERTEX_POINT('',#11823);
#6220=VERTEX_POINT('',#11827);
#6221=VERTEX_POINT('',#11831);
#6222=VERTEX_POINT('',#11835);
#6223=VERTEX_POINT('',#11839);
#6224=VERTEX_POINT('',#11843);
#6225=VERTEX_POINT('',#11847);
#6226=VERTEX_POINT('',#11851);
#6227=VERTEX_POINT('',#11857);
#6228=VERTEX_POINT('',#11861);
#6229=VERTEX_POINT('',#11865);
#6230=VERTEX_POINT('',#11869);
#6231=VERTEX_POINT('',#11873);
#6232=VERTEX_POINT('',#11877);
#6233=VERTEX_POINT('',#11881);
#6234=VERTEX_POINT('',#11885);
#6235=VERTEX_POINT('',#11889);
#6236=VERTEX_POINT('',#11893);
#6237=VERTEX_POINT('',#11897);
#6238=VERTEX_POINT('',#11901);
#6239=VERTEX_POINT('',#11905);
#6240=VERTEX_POINT('',#11909);
#6241=VERTEX_POINT('',#11913);
#6242=VERTEX_POINT('',#11917);
#6243=VERTEX_POINT('',#11921);
#6244=VERTEX_POINT('',#11925);
#6245=VERTEX_POINT('',#11929);
#6246=VERTEX_POINT('',#11933);
#6247=VERTEX_POINT('',#11937);
#6248=VERTEX_POINT('',#11941);
#6249=VERTEX_POINT('',#11945);
#6250=VERTEX_POINT('',#11949);
#6251=VERTEX_POINT('',#11953);
#6252=VERTEX_POINT('',#11957);
#6253=VERTEX_POINT('',#11961);
#6254=VERTEX_POINT('',#11965);
#6255=VERTEX_POINT('',#11969);
#6256=VERTEX_POINT('',#11973);
#6257=VERTEX_POINT('',#11977);
#6258=VERTEX_POINT('',#11981);
#6259=VERTEX_POINT('',#11985);
#6260=VERTEX_POINT('',#11989);
#6261=VERTEX_POINT('',#11993);
#6262=VERTEX_POINT('',#11997);
#6263=VERTEX_POINT('',#12001);
#6264=VERTEX_POINT('',#12005);
#6265=VERTEX_POINT('',#12009);
#6266=VERTEX_POINT('',#12013);
#6267=VERTEX_POINT('',#12017);
#6268=VERTEX_POINT('',#12021);
#6269=VERTEX_POINT('',#12025);
#6270=VERTEX_POINT('',#12029);
#6271=VERTEX_POINT('',#12033);
#6272=VERTEX_POINT('',#12037);
#6273=VERTEX_POINT('',#12041);
#6274=VERTEX_POINT('',#12045);
#6275=VERTEX_POINT('',#12049);
#6276=VERTEX_POINT('',#12053);
#6277=VERTEX_POINT('',#12057);
#6278=VERTEX_POINT('',#12061);
#6279=VERTEX_POINT('',#12065);
#6280=VERTEX_POINT('',#12069);
#6281=VERTEX_POINT('',#12073);
#6282=VERTEX_POINT('',#12077);
#6283=VERTEX_POINT('',#12081);
#6284=VERTEX_POINT('',#12085);
#6285=VERTEX_POINT('',#12089);
#6286=VERTEX_POINT('',#12093);
#6287=VERTEX_POINT('',#12097);
#6288=VERTEX_POINT('',#12101);
#6289=VERTEX_POINT('',#12105);
#6290=VERTEX_POINT('',#12109);
#6291=VERTEX_POINT('',#12113);
#6292=VERTEX_POINT('',#12117);
#6293=VERTEX_POINT('',#12121);
#6294=VERTEX_POINT('',#12125);
#6295=VERTEX_POINT('',#12129);
#6296=VERTEX_POINT('',#12133);
#6297=VERTEX_POINT('',#12137);
#6298=VERTEX_POINT('',#12141);
#6299=VERTEX_POINT('',#12145);
#6300=VERTEX_POINT('',#12149);
#6301=VERTEX_POINT('',#12153);
#6302=VERTEX_POINT('',#12157);
#6303=VERTEX_POINT('',#12161);
#6304=VERTEX_POINT('',#12165);
#6305=VERTEX_POINT('',#12169);
#6306=VERTEX_POINT('',#12173);
#6307=VERTEX_POINT('',#12177);
#6308=VERTEX_POINT('',#12181);
#6309=VERTEX_POINT('',#12185);
#6310=VERTEX_POINT('',#12189);
#6311=VERTEX_POINT('',#12193);
#6312=VERTEX_POINT('',#12197);
#6313=VERTEX_POINT('',#12201);
#6314=VERTEX_POINT('',#12205);
#6315=VERTEX_POINT('',#12209);
#6316=VERTEX_POINT('',#12213);
#6317=VERTEX_POINT('',#12217);
#6318=VERTEX_POINT('',#12221);
#6319=VERTEX_POINT('',#12225);
#6320=VERTEX_POINT('',#12229);
#6321=VERTEX_POINT('',#12233);
#6322=VERTEX_POINT('',#12237);
#6323=VERTEX_POINT('',#12241);
#6324=VERTEX_POINT('',#12245);
#6325=VERTEX_POINT('',#12249);
#6326=VERTEX_POINT('',#12253);
#6327=VERTEX_POINT('',#12257);
#6328=VERTEX_POINT('',#12261);
#6329=VERTEX_POINT('',#12265);
#6330=VERTEX_POINT('',#12269);
#6331=VERTEX_POINT('',#12273);
#6332=VERTEX_POINT('',#12277);
#6333=VERTEX_POINT('',#12281);
#6334=VERTEX_POINT('',#12285);
#6335=VERTEX_POINT('',#12289);
#6336=VERTEX_POINT('',#12290);
#6337=VERTEX_POINT('',#12292);
#6338=VERTEX_POINT('',#12294);
#6339=VERTEX_POINT('',#12298);
#6340=VERTEX_POINT('',#12300);
#6341=VERTEX_POINT('',#12304);
#6342=VERTEX_POINT('',#12306);
#6343=VERTEX_POINT('',#12310);
#6344=VERTEX_POINT('',#12312);
#6345=VERTEX_POINT('',#12316);
#6346=VERTEX_POINT('',#12318);
#6347=VERTEX_POINT('',#12322);
#6348=VERTEX_POINT('',#12324);
#6349=VERTEX_POINT('',#12328);
#6350=VERTEX_POINT('',#12330);
#6351=VERTEX_POINT('',#12334);
#6352=VERTEX_POINT('',#12336);
#6353=VERTEX_POINT('',#12340);
#6354=VERTEX_POINT('',#12342);
#6355=VERTEX_POINT('',#12346);
#6356=VERTEX_POINT('',#12348);
#6357=VERTEX_POINT('',#12352);
#6358=VERTEX_POINT('',#12354);
#6359=VERTEX_POINT('',#12358);
#6360=VERTEX_POINT('',#12360);
#6361=VERTEX_POINT('',#12364);
#6362=VERTEX_POINT('',#12366);
#6363=VERTEX_POINT('',#12370);
#6364=VERTEX_POINT('',#12372);
#6365=VERTEX_POINT('',#12376);
#6366=VERTEX_POINT('',#12378);
#6367=VERTEX_POINT('',#12382);
#6368=VERTEX_POINT('',#12384);
#6369=VERTEX_POINT('',#12388);
#6370=VERTEX_POINT('',#12390);
#6371=VERTEX_POINT('',#12394);
#6372=VERTEX_POINT('',#12396);
#6373=VERTEX_POINT('',#12400);
#6374=VERTEX_POINT('',#12402);
#6375=VERTEX_POINT('',#12406);
#6376=VERTEX_POINT('',#12408);
#6377=VERTEX_POINT('',#12412);
#6378=VERTEX_POINT('',#12414);
#6379=VERTEX_POINT('',#12418);
#6380=VERTEX_POINT('',#12420);
#6381=VERTEX_POINT('',#12424);
#6382=VERTEX_POINT('',#12426);
#6383=VERTEX_POINT('',#12430);
#6384=VERTEX_POINT('',#12432);
#6385=VERTEX_POINT('',#12436);
#6386=VERTEX_POINT('',#12438);
#6387=VERTEX_POINT('',#12442);
#6388=VERTEX_POINT('',#12444);
#6389=VERTEX_POINT('',#12448);
#6390=VERTEX_POINT('',#12450);
#6391=VERTEX_POINT('',#12454);
#6392=VERTEX_POINT('',#12456);
#6393=VERTEX_POINT('',#12460);
#6394=VERTEX_POINT('',#12462);
#6395=VERTEX_POINT('',#12466);
#6396=VERTEX_POINT('',#12468);
#6397=VERTEX_POINT('',#12472);
#6398=VERTEX_POINT('',#12474);
#6399=VERTEX_POINT('',#12478);
#6400=VERTEX_POINT('',#12480);
#6401=VERTEX_POINT('',#12484);
#6402=VERTEX_POINT('',#12486);
#6403=VERTEX_POINT('',#12490);
#6404=VERTEX_POINT('',#12492);
#6405=VERTEX_POINT('',#12496);
#6406=VERTEX_POINT('',#12498);
#6407=VERTEX_POINT('',#12502);
#6408=VERTEX_POINT('',#12504);
#6409=VERTEX_POINT('',#12508);
#6410=VERTEX_POINT('',#12510);
#6411=VERTEX_POINT('',#12514);
#6412=VERTEX_POINT('',#12516);
#6413=VERTEX_POINT('',#12520);
#6414=VERTEX_POINT('',#12522);
#6415=VERTEX_POINT('',#12526);
#6416=VERTEX_POINT('',#12528);
#6417=VERTEX_POINT('',#12532);
#6418=VERTEX_POINT('',#12534);
#6419=VERTEX_POINT('',#12538);
#6420=VERTEX_POINT('',#12540);
#6421=VERTEX_POINT('',#12544);
#6422=VERTEX_POINT('',#12546);
#6423=VERTEX_POINT('',#12550);
#6424=VERTEX_POINT('',#12552);
#6425=VERTEX_POINT('',#12556);
#6426=VERTEX_POINT('',#12558);
#6427=VERTEX_POINT('',#12562);
#6428=VERTEX_POINT('',#12564);
#6429=VERTEX_POINT('',#12568);
#6430=VERTEX_POINT('',#12570);
#6431=VERTEX_POINT('',#12574);
#6432=VERTEX_POINT('',#12576);
#6433=VERTEX_POINT('',#12580);
#6434=VERTEX_POINT('',#12582);
#6435=VERTEX_POINT('',#12586);
#6436=VERTEX_POINT('',#12588);
#6437=VERTEX_POINT('',#12592);
#6438=VERTEX_POINT('',#12594);
#6439=VERTEX_POINT('',#12598);
#6440=VERTEX_POINT('',#12600);
#6441=VERTEX_POINT('',#12604);
#6442=VERTEX_POINT('',#12606);
#6443=VERTEX_POINT('',#12610);
#6444=VERTEX_POINT('',#12612);
#6445=VERTEX_POINT('',#12616);
#6446=VERTEX_POINT('',#12618);
#6447=VERTEX_POINT('',#12622);
#6448=VERTEX_POINT('',#12624);
#6449=VERTEX_POINT('',#12628);
#6450=VERTEX_POINT('',#12630);
#6451=VERTEX_POINT('',#12634);
#6452=VERTEX_POINT('',#12636);
#6453=VERTEX_POINT('',#12640);
#6454=VERTEX_POINT('',#12642);
#6455=VERTEX_POINT('',#12646);
#6456=VERTEX_POINT('',#12648);
#6457=VERTEX_POINT('',#12652);
#6458=VERTEX_POINT('',#12654);
#6459=VERTEX_POINT('',#12658);
#6460=VERTEX_POINT('',#12660);
#6461=VERTEX_POINT('',#12664);
#6462=VERTEX_POINT('',#12666);
#6463=VERTEX_POINT('',#12670);
#6464=VERTEX_POINT('',#12672);
#6465=VERTEX_POINT('',#12676);
#6466=VERTEX_POINT('',#12678);
#6467=VERTEX_POINT('',#12682);
#6468=VERTEX_POINT('',#12683);
#6469=VERTEX_POINT('',#12685);
#6470=VERTEX_POINT('',#12687);
#6471=VERTEX_POINT('',#12691);
#6472=VERTEX_POINT('',#12693);
#6473=VERTEX_POINT('',#12697);
#6474=VERTEX_POINT('',#12699);
#6475=VERTEX_POINT('',#12703);
#6476=VERTEX_POINT('',#12705);
#6477=VERTEX_POINT('',#12709);
#6478=VERTEX_POINT('',#12711);
#6479=VERTEX_POINT('',#12715);
#6480=VERTEX_POINT('',#12717);
#6481=VERTEX_POINT('',#12721);
#6482=VERTEX_POINT('',#12723);
#6483=VERTEX_POINT('',#12727);
#6484=VERTEX_POINT('',#12729);
#6485=VERTEX_POINT('',#12733);
#6486=VERTEX_POINT('',#12735);
#6487=VERTEX_POINT('',#12739);
#6488=VERTEX_POINT('',#12741);
#6489=VERTEX_POINT('',#12745);
#6490=VERTEX_POINT('',#12747);
#6491=VERTEX_POINT('',#12751);
#6492=VERTEX_POINT('',#12753);
#6493=VERTEX_POINT('',#12757);
#6494=VERTEX_POINT('',#12759);
#6495=VERTEX_POINT('',#12763);
#6496=VERTEX_POINT('',#12765);
#6497=VERTEX_POINT('',#12769);
#6498=VERTEX_POINT('',#12771);
#6499=VERTEX_POINT('',#12775);
#6500=VERTEX_POINT('',#12777);
#6501=VERTEX_POINT('',#12781);
#6502=VERTEX_POINT('',#12783);
#6503=VERTEX_POINT('',#12787);
#6504=VERTEX_POINT('',#12789);
#6505=VERTEX_POINT('',#12793);
#6506=VERTEX_POINT('',#12795);
#6507=VERTEX_POINT('',#12799);
#6508=VERTEX_POINT('',#12801);
#6509=VERTEX_POINT('',#12805);
#6510=VERTEX_POINT('',#12807);
#6511=VERTEX_POINT('',#12811);
#6512=VERTEX_POINT('',#12813);
#6513=VERTEX_POINT('',#12817);
#6514=VERTEX_POINT('',#12819);
#6515=VERTEX_POINT('',#12823);
#6516=VERTEX_POINT('',#12825);
#6517=VERTEX_POINT('',#12829);
#6518=VERTEX_POINT('',#12831);
#6519=VERTEX_POINT('',#12835);
#6520=VERTEX_POINT('',#12837);
#6521=VERTEX_POINT('',#12841);
#6522=VERTEX_POINT('',#12843);
#6523=VERTEX_POINT('',#12847);
#6524=VERTEX_POINT('',#12849);
#6525=VERTEX_POINT('',#12853);
#6526=VERTEX_POINT('',#12855);
#6527=VERTEX_POINT('',#12859);
#6528=VERTEX_POINT('',#12861);
#6529=VERTEX_POINT('',#12865);
#6530=VERTEX_POINT('',#12867);
#6531=VERTEX_POINT('',#12871);
#6532=VERTEX_POINT('',#12873);
#6533=VERTEX_POINT('',#12877);
#6534=VERTEX_POINT('',#12879);
#6535=VERTEX_POINT('',#12883);
#6536=VERTEX_POINT('',#12885);
#6537=VERTEX_POINT('',#12889);
#6538=VERTEX_POINT('',#12891);
#6539=VERTEX_POINT('',#12895);
#6540=VERTEX_POINT('',#12897);
#6541=VERTEX_POINT('',#12901);
#6542=VERTEX_POINT('',#12903);
#6543=VERTEX_POINT('',#12907);
#6544=VERTEX_POINT('',#12909);
#6545=VERTEX_POINT('',#12913);
#6546=VERTEX_POINT('',#12915);
#6547=VERTEX_POINT('',#12919);
#6548=VERTEX_POINT('',#12921);
#6549=VERTEX_POINT('',#12925);
#6550=VERTEX_POINT('',#12927);
#6551=VERTEX_POINT('',#12931);
#6552=VERTEX_POINT('',#12933);
#6553=VERTEX_POINT('',#12937);
#6554=VERTEX_POINT('',#12939);
#6555=VERTEX_POINT('',#12943);
#6556=VERTEX_POINT('',#12945);
#6557=VERTEX_POINT('',#12949);
#6558=VERTEX_POINT('',#12951);
#6559=VERTEX_POINT('',#12955);
#6560=VERTEX_POINT('',#12957);
#6561=VERTEX_POINT('',#12961);
#6562=VERTEX_POINT('',#12963);
#6563=VERTEX_POINT('',#12967);
#6564=VERTEX_POINT('',#12969);
#6565=VERTEX_POINT('',#12973);
#6566=VERTEX_POINT('',#12975);
#6567=VERTEX_POINT('',#12979);
#6568=VERTEX_POINT('',#12981);
#6569=VERTEX_POINT('',#12985);
#6570=VERTEX_POINT('',#12987);
#6571=VERTEX_POINT('',#12991);
#6572=VERTEX_POINT('',#12993);
#6573=VERTEX_POINT('',#12997);
#6574=VERTEX_POINT('',#12999);
#6575=VERTEX_POINT('',#13003);
#6576=VERTEX_POINT('',#13005);
#6577=VERTEX_POINT('',#13009);
#6578=VERTEX_POINT('',#13011);
#6579=VERTEX_POINT('',#13015);
#6580=VERTEX_POINT('',#13017);
#6581=VERTEX_POINT('',#13021);
#6582=VERTEX_POINT('',#13023);
#6583=VERTEX_POINT('',#13027);
#6584=VERTEX_POINT('',#13029);
#6585=VERTEX_POINT('',#13033);
#6586=VERTEX_POINT('',#13035);
#6587=VERTEX_POINT('',#13039);
#6588=VERTEX_POINT('',#13041);
#6589=VERTEX_POINT('',#13045);
#6590=VERTEX_POINT('',#13047);
#6591=VERTEX_POINT('',#13051);
#6592=VERTEX_POINT('',#13053);
#6593=VERTEX_POINT('',#13057);
#6594=VERTEX_POINT('',#13059);
#6595=VERTEX_POINT('',#13063);
#6596=VERTEX_POINT('',#13064);
#6597=VERTEX_POINT('',#13066);
#6598=VERTEX_POINT('',#13068);
#6599=VERTEX_POINT('',#13072);
#6600=VERTEX_POINT('',#13074);
#6601=VERTEX_POINT('',#13078);
#6602=VERTEX_POINT('',#13080);
#6603=VERTEX_POINT('',#13084);
#6604=VERTEX_POINT('',#13086);
#6605=VERTEX_POINT('',#13090);
#6606=VERTEX_POINT('',#13092);
#6607=VERTEX_POINT('',#13096);
#6608=VERTEX_POINT('',#13098);
#6609=VERTEX_POINT('',#13102);
#6610=VERTEX_POINT('',#13104);
#6611=VERTEX_POINT('',#13108);
#6612=VERTEX_POINT('',#13110);
#6613=VERTEX_POINT('',#13114);
#6614=VERTEX_POINT('',#13116);
#6615=VERTEX_POINT('',#13120);
#6616=VERTEX_POINT('',#13122);
#6617=VERTEX_POINT('',#13126);
#6618=VERTEX_POINT('',#13128);
#6619=VERTEX_POINT('',#13132);
#6620=VERTEX_POINT('',#13134);
#6621=VERTEX_POINT('',#13138);
#6622=VERTEX_POINT('',#13140);
#6623=VERTEX_POINT('',#13144);
#6624=VERTEX_POINT('',#13146);
#6625=VERTEX_POINT('',#13150);
#6626=VERTEX_POINT('',#13152);
#6627=VERTEX_POINT('',#13156);
#6628=VERTEX_POINT('',#13158);
#6629=VERTEX_POINT('',#13162);
#6630=VERTEX_POINT('',#13164);
#6631=VERTEX_POINT('',#13168);
#6632=VERTEX_POINT('',#13170);
#6633=VERTEX_POINT('',#13174);
#6634=VERTEX_POINT('',#13176);
#6635=VERTEX_POINT('',#13180);
#6636=VERTEX_POINT('',#13182);
#6637=VERTEX_POINT('',#13186);
#6638=VERTEX_POINT('',#13188);
#6639=VERTEX_POINT('',#13192);
#6640=VERTEX_POINT('',#13194);
#6641=VERTEX_POINT('',#13198);
#6642=VERTEX_POINT('',#13200);
#6643=VERTEX_POINT('',#13204);
#6644=VERTEX_POINT('',#13206);
#6645=VERTEX_POINT('',#13210);
#6646=VERTEX_POINT('',#13212);
#6647=VERTEX_POINT('',#13216);
#6648=VERTEX_POINT('',#13218);
#6649=VERTEX_POINT('',#13222);
#6650=VERTEX_POINT('',#13224);
#6651=VERTEX_POINT('',#13228);
#6652=VERTEX_POINT('',#13230);
#6653=VERTEX_POINT('',#13234);
#6654=VERTEX_POINT('',#13236);
#6655=VERTEX_POINT('',#13240);
#6656=VERTEX_POINT('',#13242);
#6657=VERTEX_POINT('',#13246);
#6658=VERTEX_POINT('',#13248);
#6659=VERTEX_POINT('',#13252);
#6660=VERTEX_POINT('',#13254);
#6661=VERTEX_POINT('',#13258);
#6662=VERTEX_POINT('',#13260);
#6663=VERTEX_POINT('',#13264);
#6664=VERTEX_POINT('',#13266);
#6665=VERTEX_POINT('',#13270);
#6666=VERTEX_POINT('',#13272);
#6667=VERTEX_POINT('',#13276);
#6668=VERTEX_POINT('',#13278);
#6669=VERTEX_POINT('',#13282);
#6670=VERTEX_POINT('',#13284);
#6671=VERTEX_POINT('',#13288);
#6672=VERTEX_POINT('',#13290);
#6673=VERTEX_POINT('',#13294);
#6674=VERTEX_POINT('',#13296);
#6675=VERTEX_POINT('',#13300);
#6676=VERTEX_POINT('',#13302);
#6677=VERTEX_POINT('',#13306);
#6678=VERTEX_POINT('',#13308);
#6679=VERTEX_POINT('',#13312);
#6680=VERTEX_POINT('',#13314);
#6681=VERTEX_POINT('',#13318);
#6682=VERTEX_POINT('',#13320);
#6683=VERTEX_POINT('',#13324);
#6684=VERTEX_POINT('',#13326);
#6685=VERTEX_POINT('',#13330);
#6686=VERTEX_POINT('',#13332);
#6687=VERTEX_POINT('',#13336);
#6688=VERTEX_POINT('',#13338);
#6689=VERTEX_POINT('',#13342);
#6690=VERTEX_POINT('',#13344);
#6691=VERTEX_POINT('',#13348);
#6692=VERTEX_POINT('',#13350);
#6693=VERTEX_POINT('',#13354);
#6694=VERTEX_POINT('',#13356);
#6695=VERTEX_POINT('',#13360);
#6696=VERTEX_POINT('',#13362);
#6697=VERTEX_POINT('',#13366);
#6698=VERTEX_POINT('',#13368);
#6699=VERTEX_POINT('',#13372);
#6700=VERTEX_POINT('',#13374);
#6701=VERTEX_POINT('',#13378);
#6702=VERTEX_POINT('',#13380);
#6703=VERTEX_POINT('',#13384);
#6704=VERTEX_POINT('',#13386);
#6705=VERTEX_POINT('',#13390);
#6706=VERTEX_POINT('',#13392);
#6707=VERTEX_POINT('',#13396);
#6708=VERTEX_POINT('',#13398);
#6709=VERTEX_POINT('',#13402);
#6710=VERTEX_POINT('',#13404);
#6711=VERTEX_POINT('',#13408);
#6712=VERTEX_POINT('',#13410);
#6713=VERTEX_POINT('',#13414);
#6714=VERTEX_POINT('',#13416);
#6715=VERTEX_POINT('',#13420);
#6716=VERTEX_POINT('',#13422);
#6717=VERTEX_POINT('',#13426);
#6718=VERTEX_POINT('',#13428);
#6719=VERTEX_POINT('',#13432);
#6720=VERTEX_POINT('',#13434);
#6721=VERTEX_POINT('',#13438);
#6722=VERTEX_POINT('',#13440);
#6723=CIRCLE('',#8501,0.00115);
#6724=CIRCLE('',#8502,0.00115);
#6725=CIRCLE('',#8503,0.002);
#6726=CIRCLE('',#8504,0.002);
#6727=CIRCLE('',#8505,0.005);
#6728=CIRCLE('',#8506,0.005);
#6729=CIRCLE('',#8511,0.0005);
#6730=CIRCLE('',#8512,0.0005);
#6731=CIRCLE('',#8513,0.0005);
#6732=CIRCLE('',#8514,0.0005);
#6733=CIRCLE('',#8515,0.0005);
#6734=CIRCLE('',#8516,0.0005);
#6735=CIRCLE('',#8517,0.0005);
#6736=CIRCLE('',#8518,0.0005);
#6737=CIRCLE('',#8519,0.0005);
#6738=CIRCLE('',#8520,0.0005);
#6739=CIRCLE('',#8521,0.0005);
#6740=CIRCLE('',#8522,0.0005);
#6741=CIRCLE('',#8524,0.0005);
#6742=CIRCLE('',#8525,0.0005);
#6743=CIRCLE('',#8526,0.0005);
#6744=CIRCLE('',#8527,0.0005);
#6745=CIRCLE('',#8528,0.0005);
#6746=CIRCLE('',#8529,0.0005);
#6747=CIRCLE('',#8530,0.0005);
#6748=CIRCLE('',#8531,0.0005);
#6749=CIRCLE('',#8532,0.0005);
#6750=CIRCLE('',#8533,0.0005);
#6751=CIRCLE('',#8534,0.0005);
#6752=CIRCLE('',#8535,0.0005);
#6753=CIRCLE('',#8544,0.005);
#6754=CIRCLE('',#8545,0.005);
#6755=CIRCLE('',#8548,0.005);
#6756=CIRCLE('',#8550,0.005);
#6757=CIRCLE('',#8552,0.005);
#6758=CIRCLE('',#8554,0.005);
#6759=CIRCLE('',#8556,0.005);
#6760=CIRCLE('',#8558,0.005);
#6761=CIRCLE('',#8595,0.002);
#6762=CIRCLE('',#8598,0.002);
#6763=CIRCLE('',#8601,0.00115);
#6764=CIRCLE('',#8604,0.00115);
#6765=CIRCLE('',#8621,0.0035);
#6766=CIRCLE('',#8622,0.0035);
#6767=CIRCLE('',#8623,0.0035);
#6768=CIRCLE('',#8625,0.005);
#6769=CIRCLE('',#8626,0.005);
#6770=CIRCLE('',#8632,0.005);
#6771=CIRCLE('',#8635,0.005);
#6772=EDGE_LOOP('',(#2344));
#6773=EDGE_LOOP('',(#2345));
#6774=EDGE_LOOP('',(#2346));
#6775=EDGE_LOOP('',(#2347));
#6776=EDGE_LOOP('',(#2348,#2349,#2350,#2351,#2352,#2353));
#6777=EDGE_LOOP('',(#2354,#2355,#2356,#2357,#2358,#2359,#2360,#2361,#2362,
#2363,#2364,#2365));
#6778=EDGE_LOOP('',(#2366,#2367,#2368,#2369,#2370,#2371));
#6779=EDGE_LOOP('',(#2372,#2373,#2374,#2375,#2376,#2377));
#6780=EDGE_LOOP('',(#2378,#2379,#2380,#2381));
#6781=EDGE_LOOP('',(#2382,#2383,#2384,#2385,#2386,#2387,#2388,#2389));
#6782=EDGE_LOOP('',(#2390,#2391,#2392,#2393));
#6783=EDGE_LOOP('',(#2394,#2395,#2396,#2397,#2398,#2399,#2400,#2401));
#6784=EDGE_LOOP('',(#2402,#2403,#2404,#2405,#2406,#2407,#2408,#2409));
#6785=EDGE_LOOP('',(#2410,#2411,#2412,#2413,#2414,#2415,#2416,#2417));
#6786=EDGE_LOOP('',(#2418,#2419,#2420,#2421));
#6787=EDGE_LOOP('',(#2422,#2423,#2424,#2425,#2426,#2427,#2428,#2429));
#6788=EDGE_LOOP('',(#2430,#2431,#2432,#2433,#2434,#2435,#2436,#2437));
#6789=EDGE_LOOP('',(#2438,#2439,#2440,#2441));
#6790=EDGE_LOOP('',(#2442,#2443,#2444,#2445));
#6791=EDGE_LOOP('',(#2446,#2447,#2448,#2449));
#6792=EDGE_LOOP('',(#2450,#2451,#2452,#2453));
#6793=EDGE_LOOP('',(#2454,#2455,#2456,#2457));
#6794=EDGE_LOOP('',(#2458,#2459,#2460,#2461));
#6795=EDGE_LOOP('',(#2462,#2463,#2464,#2465));
#6796=EDGE_LOOP('',(#2466,#2467,#2468,#2469));
#6797=EDGE_LOOP('',(#2470,#2471,#2472,#2473,#2474,#2475));
#6798=EDGE_LOOP('',(#2476,#2477,#2478,#2479));
#6799=EDGE_LOOP('',(#2480,#2481,#2482,#2483));
#6800=EDGE_LOOP('',(#2484,#2485,#2486,#2487));
#6801=EDGE_LOOP('',(#2488,#2489,#2490,#2491));
#6802=EDGE_LOOP('',(#2492,#2493,#2494));
#6803=EDGE_LOOP('',(#2495,#2496,#2497,#2498));
#6804=EDGE_LOOP('',(#2499,#2500,#2501,#2502));
#6805=EDGE_LOOP('',(#2503,#2504,#2505));
#6806=EDGE_LOOP('',(#2506,#2507,#2508,#2509));
#6807=EDGE_LOOP('',(#2510,#2511,#2512,#2513));
#6808=EDGE_LOOP('',(#2514,#2515,#2516,#2517));
#6809=EDGE_LOOP('',(#2518,#2519,#2520,#2521));
#6810=EDGE_LOOP('',(#2522,#2523,#2524,#2525));
#6811=EDGE_LOOP('',(#2526,#2527,#2528,#2529));
#6812=EDGE_LOOP('',(#2530,#2531,#2532,#2533));
#6813=EDGE_LOOP('',(#2534,#2535,#2536,#2537));
#6814=EDGE_LOOP('',(#2538,#2539,#2540,#2541));
#6815=EDGE_LOOP('',(#2542,#2543,#2544,#2545));
#6816=EDGE_LOOP('',(#2546,#2547,#2548,#2549));
#6817=EDGE_LOOP('',(#2550,#2551,#2552,#2553));
#6818=EDGE_LOOP('',(#2554,#2555,#2556,#2557));
#6819=EDGE_LOOP('',(#2558,#2559,#2560,#2561));
#6820=EDGE_LOOP('',(#2562,#2563,#2564,#2565));
#6821=EDGE_LOOP('',(#2566,#2567,#2568,#2569));
#6822=EDGE_LOOP('',(#2570,#2571,#2572,#2573));
#6823=EDGE_LOOP('',(#2574,#2575,#2576,#2577));
#6824=EDGE_LOOP('',(#2578,#2579,#2580,#2581));
#6825=EDGE_LOOP('',(#2582,#2583,#2584,#2585));
#6826=EDGE_LOOP('',(#2586,#2587,#2588,#2589));
#6827=EDGE_LOOP('',(#2590,#2591,#2592,#2593));
#6828=EDGE_LOOP('',(#2594,#2595,#2596,#2597));
#6829=EDGE_LOOP('',(#2598,#2599,#2600,#2601));
#6830=EDGE_LOOP('',(#2602,#2603,#2604,#2605));
#6831=EDGE_LOOP('',(#2606,#2607,#2608,#2609,#2610,#2611,#2612,#2613,#2614,
#2615,#2616,#2617));
#6832=EDGE_LOOP('',(#2618,#2619,#2620,#2621));
#6833=EDGE_LOOP('',(#2622,#2623,#2624,#2625));
#6834=EDGE_LOOP('',(#2626,#2627,#2628,#2629));
#6835=EDGE_LOOP('',(#2630,#2631,#2632,#2633));
#6836=EDGE_LOOP('',(#2634,#2635,#2636,#2637));
#6837=EDGE_LOOP('',(#2638,#2639,#2640,#2641));
#6838=EDGE_LOOP('',(#2642,#2643,#2644,#2645));
#6839=EDGE_LOOP('',(#2646,#2647,#2648,#2649));
#6840=EDGE_LOOP('',(#2650,#2651,#2652,#2653));
#6841=EDGE_LOOP('',(#2654));
#6842=EDGE_LOOP('',(#2655));
#6843=EDGE_LOOP('',(#2656));
#6844=EDGE_LOOP('',(#2657));
#6845=EDGE_LOOP('',(#2658));
#6846=EDGE_LOOP('',(#2659));
#6847=EDGE_LOOP('',(#2660));
#6848=EDGE_LOOP('',(#2661));
#6849=EDGE_LOOP('',(#2662));
#6850=EDGE_LOOP('',(#2663));
#6851=EDGE_LOOP('',(#2664));
#6852=EDGE_LOOP('',(#2665));
#6853=EDGE_LOOP('',(#2666,#2667,#2668,#2669));
#6854=EDGE_LOOP('',(#2670,#2671,#2672,#2673));
#6855=EDGE_LOOP('',(#2674,#2675,#2676,#2677));
#6856=EDGE_LOOP('',(#2678,#2679,#2680,#2681));
#6857=EDGE_LOOP('',(#2682,#2683,#2684,#2685));
#6858=EDGE_LOOP('',(#2686,#2687,#2688,#2689));
#6859=EDGE_LOOP('',(#2690,#2691,#2692,#2693));
#6860=EDGE_LOOP('',(#2694,#2695,#2696,#2697));
#6861=EDGE_LOOP('',(#2698,#2699,#2700,#2701));
#6862=EDGE_LOOP('',(#2702,#2703,#2704,#2705));
#6863=EDGE_LOOP('',(#2706,#2707,#2708,#2709));
#6864=EDGE_LOOP('',(#2710,#2711,#2712,#2713));
#6865=EDGE_LOOP('',(#2714,#2715,#2716,#2717,#2718,#2719));
#6866=EDGE_LOOP('',(#2720,#2721,#2722,#2723,#2724,#2725));
#6867=EDGE_LOOP('',(#2726));
#6868=EDGE_LOOP('',(#2727,#2728,#2729,#2730));
#6869=EDGE_LOOP('',(#2731,#2732,#2733,#2734,#2735,#2736,#2737,#2738,#2739,
#2740,#2741,#2742,#2743,#2744,#2745,#2746,#2747,#2748,#2749,#2750,#2751,
#2752,#2753,#2754,#2755,#2756,#2757,#2758,#2759,#2760,#2761,#2762,#2763,
#2764,#2765,#2766,#2767,#2768,#2769,#2770,#2771,#2772,#2773,#2774,#2775,
#2776,#2777,#2778,#2779,#2780,#2781,#2782,#2783,#2784,#2785,#2786,#2787,
#2788,#2789,#2790,#2791,#2792,#2793,#2794,#2795,#2796,#2797,#2798,#2799,
#2800,#2801,#2802,#2803,#2804,#2805,#2806,#2807,#2808,#2809,#2810,#2811,
#2812,#2813,#2814,#2815,#2816,#2817,#2818,#2819,#2820,#2821,#2822,#2823,
#2824,#2825,#2826,#2827,#2828,#2829,#2830,#2831,#2832,#2833,#2834,#2835,
#2836,#2837,#2838,#2839,#2840,#2841,#2842,#2843,#2844,#2845,#2846,#2847,
#2848,#2849,#2850,#2851,#2852,#2853,#2854,#2855,#2856,#2857,#2858,#2859,
#2860,#2861));
#6870=EDGE_LOOP('',(#2862,#2863,#2864,#2865,#2866,#2867));
#6871=EDGE_LOOP('',(#2868,#2869,#2870,#2871));
#6872=EDGE_LOOP('',(#2872,#2873,#2874,#2875));
#6873=EDGE_LOOP('',(#2876,#2877,#2878,#2879));
#6874=EDGE_LOOP('',(#2880,#2881,#2882,#2883));
#6875=EDGE_LOOP('',(#2884,#2885,#2886,#2887));
#6876=EDGE_LOOP('',(#2888,#2889,#2890,#2891));
#6877=EDGE_LOOP('',(#2892,#2893,#2894,#2895));
#6878=EDGE_LOOP('',(#2896,#2897,#2898,#2899));
#6879=EDGE_LOOP('',(#2900,#2901,#2902,#2903));
#6880=EDGE_LOOP('',(#2904,#2905,#2906,#2907));
#6881=EDGE_LOOP('',(#2908,#2909,#2910,#2911));
#6882=EDGE_LOOP('',(#2912,#2913,#2914,#2915));
#6883=EDGE_LOOP('',(#2916,#2917,#2918,#2919));
#6884=EDGE_LOOP('',(#2920,#2921,#2922,#2923,#2924,#2925));
#6885=EDGE_LOOP('',(#2926,#2927,#2928,#2929));
#6886=EDGE_LOOP('',(#2930,#2931,#2932,#2933));
#6887=EDGE_LOOP('',(#2934));
#6888=EDGE_LOOP('',(#2935,#2936,#2937,#2938));
#6889=EDGE_LOOP('',(#2939,#2940,#2941,#2942));
#6890=EDGE_LOOP('',(#2943,#2944,#2945,#2946));
#6891=EDGE_LOOP('',(#2947,#2948,#2949,#2950));
#6892=EDGE_LOOP('',(#2951,#2952,#2953,#2954));
#6893=EDGE_LOOP('',(#2955,#2956,#2957,#2958));
#6894=EDGE_LOOP('',(#2959,#2960,#2961,#2962));
#6895=EDGE_LOOP('',(#2963,#2964,#2965,#2966));
#6896=EDGE_LOOP('',(#2967,#2968,#2969,#2970));
#6897=EDGE_LOOP('',(#2971,#2972,#2973,#2974));
#6898=EDGE_LOOP('',(#2975,#2976,#2977,#2978));
#6899=EDGE_LOOP('',(#2979,#2980,#2981,#2982));
#6900=EDGE_LOOP('',(#2983,#2984,#2985,#2986));
#6901=EDGE_LOOP('',(#2987,#2988,#2989,#2990));
#6902=EDGE_LOOP('',(#2991,#2992,#2993,#2994));
#6903=EDGE_LOOP('',(#2995,#2996,#2997,#2998));
#6904=EDGE_LOOP('',(#2999,#3000,#3001,#3002));
#6905=EDGE_LOOP('',(#3003,#3004,#3005,#3006));
#6906=EDGE_LOOP('',(#3007,#3008,#3009,#3010));
#6907=EDGE_LOOP('',(#3011,#3012,#3013,#3014));
#6908=EDGE_LOOP('',(#3015,#3016,#3017,#3018));
#6909=EDGE_LOOP('',(#3019,#3020,#3021,#3022));
#6910=EDGE_LOOP('',(#3023,#3024,#3025,#3026));
#6911=EDGE_LOOP('',(#3027,#3028,#3029,#3030));
#6912=EDGE_LOOP('',(#3031,#3032,#3033,#3034));
#6913=EDGE_LOOP('',(#3035,#3036,#3037,#3038));
#6914=EDGE_LOOP('',(#3039,#3040,#3041,#3042));
#6915=EDGE_LOOP('',(#3043,#3044,#3045,#3046));
#6916=EDGE_LOOP('',(#3047,#3048,#3049,#3050));
#6917=EDGE_LOOP('',(#3051,#3052,#3053,#3054));
#6918=EDGE_LOOP('',(#3055,#3056,#3057,#3058));
#6919=EDGE_LOOP('',(#3059,#3060,#3061,#3062));
#6920=EDGE_LOOP('',(#3063,#3064,#3065,#3066));
#6921=EDGE_LOOP('',(#3067,#3068,#3069,#3070));
#6922=EDGE_LOOP('',(#3071,#3072,#3073,#3074));
#6923=EDGE_LOOP('',(#3075,#3076,#3077,#3078));
#6924=EDGE_LOOP('',(#3079,#3080,#3081,#3082));
#6925=EDGE_LOOP('',(#3083,#3084,#3085,#3086));
#6926=EDGE_LOOP('',(#3087,#3088,#3089,#3090));
#6927=EDGE_LOOP('',(#3091,#3092,#3093,#3094));
#6928=EDGE_LOOP('',(#3095,#3096,#3097,#3098));
#6929=EDGE_LOOP('',(#3099,#3100,#3101,#3102));
#6930=EDGE_LOOP('',(#3103,#3104,#3105,#3106));
#6931=EDGE_LOOP('',(#3107,#3108,#3109,#3110));
#6932=EDGE_LOOP('',(#3111,#3112,#3113,#3114));
#6933=EDGE_LOOP('',(#3115,#3116,#3117,#3118));
#6934=EDGE_LOOP('',(#3119,#3120,#3121,#3122));
#6935=EDGE_LOOP('',(#3123,#3124,#3125,#3126));
#6936=EDGE_LOOP('',(#3127,#3128,#3129,#3130));
#6937=EDGE_LOOP('',(#3131,#3132,#3133,#3134));
#6938=EDGE_LOOP('',(#3135,#3136,#3137,#3138));
#6939=EDGE_LOOP('',(#3139,#3140,#3141,#3142));
#6940=EDGE_LOOP('',(#3143,#3144,#3145,#3146));
#6941=EDGE_LOOP('',(#3147,#3148,#3149,#3150));
#6942=EDGE_LOOP('',(#3151,#3152,#3153,#3154));
#6943=EDGE_LOOP('',(#3155,#3156,#3157,#3158));
#6944=EDGE_LOOP('',(#3159,#3160,#3161,#3162));
#6945=EDGE_LOOP('',(#3163,#3164,#3165,#3166));
#6946=EDGE_LOOP('',(#3167,#3168,#3169,#3170));
#6947=EDGE_LOOP('',(#3171,#3172,#3173,#3174));
#6948=EDGE_LOOP('',(#3175,#3176,#3177,#3178));
#6949=EDGE_LOOP('',(#3179,#3180,#3181,#3182));
#6950=EDGE_LOOP('',(#3183,#3184,#3185,#3186));
#6951=EDGE_LOOP('',(#3187,#3188,#3189,#3190));
#6952=EDGE_LOOP('',(#3191,#3192,#3193,#3194));
#6953=EDGE_LOOP('',(#3195,#3196,#3197,#3198));
#6954=EDGE_LOOP('',(#3199,#3200,#3201,#3202));
#6955=EDGE_LOOP('',(#3203,#3204,#3205,#3206));
#6956=EDGE_LOOP('',(#3207,#3208,#3209,#3210));
#6957=EDGE_LOOP('',(#3211,#3212,#3213,#3214));
#6958=EDGE_LOOP('',(#3215,#3216,#3217,#3218));
#6959=EDGE_LOOP('',(#3219,#3220,#3221,#3222));
#6960=EDGE_LOOP('',(#3223,#3224,#3225,#3226));
#6961=EDGE_LOOP('',(#3227,#3228,#3229,#3230));
#6962=EDGE_LOOP('',(#3231,#3232,#3233,#3234));
#6963=EDGE_LOOP('',(#3235,#3236,#3237,#3238));
#6964=EDGE_LOOP('',(#3239,#3240,#3241,#3242));
#6965=EDGE_LOOP('',(#3243,#3244,#3245,#3246));
#6966=EDGE_LOOP('',(#3247,#3248,#3249,#3250));
#6967=EDGE_LOOP('',(#3251,#3252,#3253,#3254));
#6968=EDGE_LOOP('',(#3255,#3256,#3257,#3258));
#6969=EDGE_LOOP('',(#3259,#3260,#3261,#3262));
#6970=EDGE_LOOP('',(#3263,#3264,#3265,#3266));
#6971=EDGE_LOOP('',(#3267,#3268,#3269,#3270));
#6972=EDGE_LOOP('',(#3271,#3272,#3273,#3274));
#6973=EDGE_LOOP('',(#3275,#3276,#3277,#3278));
#6974=EDGE_LOOP('',(#3279,#3280,#3281,#3282));
#6975=EDGE_LOOP('',(#3283,#3284,#3285,#3286));
#6976=EDGE_LOOP('',(#3287,#3288,#3289,#3290));
#6977=EDGE_LOOP('',(#3291,#3292,#3293,#3294));
#6978=EDGE_LOOP('',(#3295,#3296,#3297,#3298));
#6979=EDGE_LOOP('',(#3299,#3300,#3301,#3302));
#6980=EDGE_LOOP('',(#3303,#3304,#3305,#3306));
#6981=EDGE_LOOP('',(#3307,#3308,#3309,#3310));
#6982=EDGE_LOOP('',(#3311,#3312,#3313,#3314));
#6983=EDGE_LOOP('',(#3315,#3316,#3317,#3318));
#6984=EDGE_LOOP('',(#3319,#3320,#3321,#3322));
#6985=EDGE_LOOP('',(#3323,#3324,#3325,#3326));
#6986=EDGE_LOOP('',(#3327,#3328,#3329,#3330));
#6987=EDGE_LOOP('',(#3331,#3332,#3333,#3334));
#6988=EDGE_LOOP('',(#3335,#3336,#3337,#3338));
#6989=EDGE_LOOP('',(#3339,#3340,#3341,#3342));
#6990=EDGE_LOOP('',(#3343,#3344,#3345,#3346));
#6991=EDGE_LOOP('',(#3347,#3348,#3349,#3350));
#6992=EDGE_LOOP('',(#3351,#3352,#3353,#3354));
#6993=EDGE_LOOP('',(#3355,#3356,#3357,#3358));
#6994=EDGE_LOOP('',(#3359,#3360,#3361,#3362));
#6995=EDGE_LOOP('',(#3363,#3364,#3365,#3366));
#6996=EDGE_LOOP('',(#3367,#3368,#3369,#3370));
#6997=EDGE_LOOP('',(#3371,#3372,#3373,#3374));
#6998=EDGE_LOOP('',(#3375,#3376,#3377,#3378));
#6999=EDGE_LOOP('',(#3379,#3380,#3381,#3382));
#7000=EDGE_LOOP('',(#3383,#3384,#3385,#3386));
#7001=EDGE_LOOP('',(#3387,#3388,#3389,#3390));
#7002=EDGE_LOOP('',(#3391,#3392,#3393,#3394));
#7003=EDGE_LOOP('',(#3395,#3396,#3397,#3398));
#7004=EDGE_LOOP('',(#3399,#3400,#3401,#3402));
#7005=EDGE_LOOP('',(#3403,#3404,#3405,#3406));
#7006=EDGE_LOOP('',(#3407,#3408,#3409,#3410));
#7007=EDGE_LOOP('',(#3411,#3412,#3413,#3414));
#7008=EDGE_LOOP('',(#3415,#3416,#3417,#3418));
#7009=EDGE_LOOP('',(#3419,#3420,#3421,#3422));
#7010=EDGE_LOOP('',(#3423,#3424,#3425,#3426));
#7011=EDGE_LOOP('',(#3427,#3428,#3429,#3430));
#7012=EDGE_LOOP('',(#3431,#3432,#3433,#3434));
#7013=EDGE_LOOP('',(#3435,#3436,#3437,#3438));
#7014=EDGE_LOOP('',(#3439,#3440,#3441,#3442));
#7015=EDGE_LOOP('',(#3443,#3444,#3445,#3446));
#7016=EDGE_LOOP('',(#3447,#3448,#3449,#3450));
#7017=EDGE_LOOP('',(#3451,#3452,#3453,#3454));
#7018=EDGE_LOOP('',(#3455,#3456,#3457,#3458));
#7019=EDGE_LOOP('',(#3459,#3460,#3461,#3462));
#7020=EDGE_LOOP('',(#3463,#3464,#3465,#3466));
#7021=EDGE_LOOP('',(#3467,#3468,#3469,#3470));
#7022=EDGE_LOOP('',(#3471,#3472,#3473,#3474));
#7023=EDGE_LOOP('',(#3475,#3476,#3477,#3478));
#7024=EDGE_LOOP('',(#3479,#3480,#3481,#3482));
#7025=EDGE_LOOP('',(#3483,#3484,#3485,#3486));
#7026=EDGE_LOOP('',(#3487,#3488,#3489,#3490));
#7027=EDGE_LOOP('',(#3491,#3492,#3493,#3494));
#7028=EDGE_LOOP('',(#3495,#3496,#3497,#3498));
#7029=EDGE_LOOP('',(#3499,#3500,#3501,#3502));
#7030=EDGE_LOOP('',(#3503,#3504,#3505,#3506));
#7031=EDGE_LOOP('',(#3507,#3508,#3509,#3510));
#7032=EDGE_LOOP('',(#3511,#3512,#3513,#3514));
#7033=EDGE_LOOP('',(#3515,#3516,#3517,#3518));
#7034=EDGE_LOOP('',(#3519,#3520,#3521,#3522));
#7035=EDGE_LOOP('',(#3523,#3524,#3525,#3526));
#7036=EDGE_LOOP('',(#3527,#3528,#3529,#3530));
#7037=EDGE_LOOP('',(#3531,#3532,#3533,#3534));
#7038=EDGE_LOOP('',(#3535,#3536,#3537,#3538));
#7039=EDGE_LOOP('',(#3539,#3540,#3541,#3542));
#7040=EDGE_LOOP('',(#3543,#3544,#3545,#3546));
#7041=EDGE_LOOP('',(#3547,#3548,#3549,#3550));
#7042=EDGE_LOOP('',(#3551,#3552,#3553,#3554));
#7043=EDGE_LOOP('',(#3555,#3556,#3557,#3558));
#7044=EDGE_LOOP('',(#3559,#3560,#3561,#3562));
#7045=EDGE_LOOP('',(#3563,#3564,#3565,#3566));
#7046=EDGE_LOOP('',(#3567,#3568,#3569,#3570));
#7047=EDGE_LOOP('',(#3571,#3572,#3573,#3574));
#7048=EDGE_LOOP('',(#3575,#3576,#3577,#3578));
#7049=EDGE_LOOP('',(#3579,#3580,#3581,#3582));
#7050=EDGE_LOOP('',(#3583,#3584,#3585,#3586));
#7051=EDGE_LOOP('',(#3587,#3588,#3589,#3590));
#7052=EDGE_LOOP('',(#3591,#3592,#3593,#3594));
#7053=EDGE_LOOP('',(#3595,#3596,#3597,#3598));
#7054=EDGE_LOOP('',(#3599,#3600,#3601,#3602));
#7055=EDGE_LOOP('',(#3603,#3604,#3605,#3606));
#7056=EDGE_LOOP('',(#3607,#3608,#3609,#3610));
#7057=EDGE_LOOP('',(#3611,#3612,#3613,#3614));
#7058=EDGE_LOOP('',(#3615,#3616,#3617,#3618));
#7059=EDGE_LOOP('',(#3619,#3620,#3621,#3622));
#7060=EDGE_LOOP('',(#3623,#3624,#3625,#3626));
#7061=EDGE_LOOP('',(#3627,#3628,#3629,#3630));
#7062=EDGE_LOOP('',(#3631,#3632,#3633,#3634));
#7063=EDGE_LOOP('',(#3635,#3636,#3637,#3638));
#7064=EDGE_LOOP('',(#3639,#3640,#3641,#3642));
#7065=EDGE_LOOP('',(#3643,#3644,#3645,#3646));
#7066=EDGE_LOOP('',(#3647,#3648,#3649,#3650));
#7067=EDGE_LOOP('',(#3651,#3652,#3653,#3654));
#7068=EDGE_LOOP('',(#3655,#3656,#3657,#3658));
#7069=EDGE_LOOP('',(#3659,#3660,#3661,#3662));
#7070=EDGE_LOOP('',(#3663,#3664,#3665,#3666));
#7071=EDGE_LOOP('',(#3667,#3668,#3669,#3670));
#7072=EDGE_LOOP('',(#3671,#3672,#3673,#3674));
#7073=EDGE_LOOP('',(#3675,#3676,#3677,#3678));
#7074=EDGE_LOOP('',(#3679,#3680,#3681,#3682));
#7075=EDGE_LOOP('',(#3683,#3684,#3685,#3686));
#7076=EDGE_LOOP('',(#3687,#3688,#3689,#3690));
#7077=EDGE_LOOP('',(#3691,#3692,#3693,#3694));
#7078=EDGE_LOOP('',(#3695,#3696,#3697,#3698));
#7079=EDGE_LOOP('',(#3699,#3700,#3701,#3702));
#7080=EDGE_LOOP('',(#3703,#3704,#3705,#3706));
#7081=EDGE_LOOP('',(#3707,#3708,#3709,#3710));
#7082=EDGE_LOOP('',(#3711,#3712,#3713,#3714));
#7083=EDGE_LOOP('',(#3715,#3716,#3717,#3718));
#7084=EDGE_LOOP('',(#3719,#3720,#3721,#3722));
#7085=EDGE_LOOP('',(#3723,#3724,#3725,#3726));
#7086=EDGE_LOOP('',(#3727,#3728,#3729,#3730));
#7087=EDGE_LOOP('',(#3731,#3732,#3733,#3734));
#7088=EDGE_LOOP('',(#3735,#3736,#3737,#3738));
#7089=EDGE_LOOP('',(#3739,#3740,#3741,#3742));
#7090=EDGE_LOOP('',(#3743,#3744,#3745,#3746));
#7091=EDGE_LOOP('',(#3747,#3748,#3749,#3750));
#7092=EDGE_LOOP('',(#3751,#3752,#3753,#3754));
#7093=EDGE_LOOP('',(#3755,#3756,#3757,#3758));
#7094=EDGE_LOOP('',(#3759,#3760,#3761,#3762));
#7095=EDGE_LOOP('',(#3763,#3764,#3765,#3766));
#7096=EDGE_LOOP('',(#3767,#3768,#3769,#3770));
#7097=EDGE_LOOP('',(#3771,#3772,#3773,#3774));
#7098=EDGE_LOOP('',(#3775,#3776,#3777,#3778));
#7099=EDGE_LOOP('',(#3779,#3780,#3781,#3782));
#7100=EDGE_LOOP('',(#3783,#3784,#3785,#3786));
#7101=EDGE_LOOP('',(#3787,#3788,#3789,#3790));
#7102=EDGE_LOOP('',(#3791,#3792,#3793,#3794));
#7103=EDGE_LOOP('',(#3795,#3796,#3797,#3798));
#7104=EDGE_LOOP('',(#3799,#3800,#3801,#3802));
#7105=EDGE_LOOP('',(#3803,#3804,#3805,#3806));
#7106=EDGE_LOOP('',(#3807,#3808,#3809,#3810));
#7107=EDGE_LOOP('',(#3811,#3812,#3813,#3814));
#7108=EDGE_LOOP('',(#3815,#3816,#3817,#3818));
#7109=EDGE_LOOP('',(#3819,#3820,#3821,#3822));
#7110=EDGE_LOOP('',(#3823,#3824,#3825,#3826));
#7111=EDGE_LOOP('',(#3827,#3828,#3829,#3830));
#7112=EDGE_LOOP('',(#3831,#3832,#3833,#3834));
#7113=EDGE_LOOP('',(#3835,#3836,#3837,#3838));
#7114=EDGE_LOOP('',(#3839,#3840,#3841,#3842));
#7115=EDGE_LOOP('',(#3843,#3844,#3845,#3846));
#7116=EDGE_LOOP('',(#3847,#3848,#3849,#3850));
#7117=EDGE_LOOP('',(#3851,#3852,#3853,#3854));
#7118=EDGE_LOOP('',(#3855,#3856,#3857,#3858));
#7119=EDGE_LOOP('',(#3859,#3860,#3861,#3862));
#7120=EDGE_LOOP('',(#3863,#3864,#3865,#3866));
#7121=EDGE_LOOP('',(#3867,#3868,#3869,#3870));
#7122=EDGE_LOOP('',(#3871,#3872,#3873,#3874));
#7123=EDGE_LOOP('',(#3875,#3876,#3877,#3878));
#7124=EDGE_LOOP('',(#3879,#3880,#3881,#3882));
#7125=EDGE_LOOP('',(#3883,#3884,#3885,#3886));
#7126=EDGE_LOOP('',(#3887,#3888,#3889,#3890));
#7127=EDGE_LOOP('',(#3891,#3892,#3893,#3894));
#7128=EDGE_LOOP('',(#3895,#3896,#3897,#3898));
#7129=EDGE_LOOP('',(#3899,#3900,#3901,#3902));
#7130=EDGE_LOOP('',(#3903,#3904,#3905,#3906));
#7131=EDGE_LOOP('',(#3907,#3908,#3909,#3910));
#7132=EDGE_LOOP('',(#3911,#3912,#3913,#3914));
#7133=EDGE_LOOP('',(#3915,#3916,#3917,#3918));
#7134=EDGE_LOOP('',(#3919,#3920,#3921,#3922));
#7135=EDGE_LOOP('',(#3923,#3924,#3925,#3926));
#7136=EDGE_LOOP('',(#3927,#3928,#3929,#3930));
#7137=EDGE_LOOP('',(#3931,#3932,#3933,#3934));
#7138=EDGE_LOOP('',(#3935,#3936,#3937,#3938));
#7139=EDGE_LOOP('',(#3939,#3940,#3941,#3942));
#7140=EDGE_LOOP('',(#3943,#3944,#3945,#3946));
#7141=EDGE_LOOP('',(#3947,#3948,#3949,#3950));
#7142=EDGE_LOOP('',(#3951,#3952,#3953,#3954));
#7143=EDGE_LOOP('',(#3955,#3956,#3957,#3958));
#7144=EDGE_LOOP('',(#3959,#3960,#3961,#3962));
#7145=EDGE_LOOP('',(#3963,#3964,#3965,#3966));
#7146=EDGE_LOOP('',(#3967,#3968,#3969,#3970));
#7147=EDGE_LOOP('',(#3971,#3972,#3973,#3974));
#7148=EDGE_LOOP('',(#3975,#3976,#3977,#3978));
#7149=EDGE_LOOP('',(#3979,#3980,#3981,#3982));
#7150=EDGE_LOOP('',(#3983,#3984,#3985,#3986));
#7151=EDGE_LOOP('',(#3987,#3988,#3989,#3990));
#7152=EDGE_LOOP('',(#3991,#3992,#3993,#3994));
#7153=EDGE_LOOP('',(#3995,#3996,#3997,#3998));
#7154=EDGE_LOOP('',(#3999,#4000,#4001,#4002));
#7155=EDGE_LOOP('',(#4003,#4004,#4005,#4006));
#7156=EDGE_LOOP('',(#4007,#4008,#4009,#4010));
#7157=EDGE_LOOP('',(#4011,#4012,#4013,#4014));
#7158=EDGE_LOOP('',(#4015,#4016,#4017,#4018));
#7159=EDGE_LOOP('',(#4019,#4020,#4021,#4022));
#7160=EDGE_LOOP('',(#4023,#4024,#4025,#4026));
#7161=EDGE_LOOP('',(#4027,#4028,#4029,#4030));
#7162=EDGE_LOOP('',(#4031,#4032,#4033,#4034));
#7163=EDGE_LOOP('',(#4035,#4036,#4037,#4038));
#7164=EDGE_LOOP('',(#4039,#4040,#4041,#4042));
#7165=EDGE_LOOP('',(#4043,#4044,#4045,#4046));
#7166=EDGE_LOOP('',(#4047,#4048,#4049,#4050));
#7167=EDGE_LOOP('',(#4051,#4052,#4053,#4054));
#7168=EDGE_LOOP('',(#4055,#4056,#4057,#4058));
#7169=EDGE_LOOP('',(#4059,#4060,#4061,#4062));
#7170=EDGE_LOOP('',(#4063,#4064,#4065,#4066));
#7171=EDGE_LOOP('',(#4067,#4068,#4069,#4070));
#7172=EDGE_LOOP('',(#4071,#4072,#4073,#4074));
#7173=EDGE_LOOP('',(#4075,#4076,#4077,#4078));
#7174=EDGE_LOOP('',(#4079,#4080,#4081,#4082));
#7175=EDGE_LOOP('',(#4083,#4084,#4085,#4086));
#7176=EDGE_LOOP('',(#4087,#4088,#4089,#4090));
#7177=EDGE_LOOP('',(#4091,#4092,#4093,#4094));
#7178=EDGE_LOOP('',(#4095,#4096,#4097,#4098));
#7179=EDGE_LOOP('',(#4099,#4100,#4101,#4102));
#7180=EDGE_LOOP('',(#4103,#4104,#4105,#4106));
#7181=EDGE_LOOP('',(#4107,#4108,#4109,#4110));
#7182=EDGE_LOOP('',(#4111,#4112,#4113,#4114));
#7183=EDGE_LOOP('',(#4115,#4116,#4117,#4118));
#7184=EDGE_LOOP('',(#4119,#4120,#4121,#4122));
#7185=EDGE_LOOP('',(#4123,#4124,#4125,#4126));
#7186=EDGE_LOOP('',(#4127,#4128,#4129,#4130));
#7187=EDGE_LOOP('',(#4131,#4132,#4133,#4134));
#7188=EDGE_LOOP('',(#4135,#4136,#4137,#4138));
#7189=EDGE_LOOP('',(#4139,#4140,#4141,#4142));
#7190=EDGE_LOOP('',(#4143,#4144,#4145,#4146));
#7191=EDGE_LOOP('',(#4147,#4148,#4149,#4150));
#7192=EDGE_LOOP('',(#4151,#4152,#4153,#4154));
#7193=EDGE_LOOP('',(#4155,#4156,#4157,#4158));
#7194=EDGE_LOOP('',(#4159,#4160,#4161,#4162));
#7195=EDGE_LOOP('',(#4163,#4164,#4165,#4166));
#7196=EDGE_LOOP('',(#4167,#4168,#4169,#4170));
#7197=EDGE_LOOP('',(#4171,#4172,#4173,#4174));
#7198=EDGE_LOOP('',(#4175,#4176,#4177,#4178));
#7199=EDGE_LOOP('',(#4179,#4180,#4181,#4182));
#7200=EDGE_LOOP('',(#4183,#4184,#4185,#4186));
#7201=EDGE_LOOP('',(#4187,#4188,#4189,#4190));
#7202=EDGE_LOOP('',(#4191,#4192,#4193,#4194));
#7203=EDGE_LOOP('',(#4195,#4196,#4197,#4198));
#7204=EDGE_LOOP('',(#4199,#4200,#4201,#4202));
#7205=EDGE_LOOP('',(#4203,#4204,#4205,#4206));
#7206=EDGE_LOOP('',(#4207,#4208,#4209,#4210));
#7207=EDGE_LOOP('',(#4211,#4212,#4213,#4214));
#7208=EDGE_LOOP('',(#4215,#4216,#4217,#4218,#4219,#4220,#4221,#4222,#4223,
#4224,#4225,#4226,#4227,#4228,#4229,#4230,#4231,#4232,#4233,#4234,#4235,
#4236,#4237,#4238,#4239,#4240,#4241,#4242,#4243,#4244,#4245,#4246,#4247,
#4248,#4249,#4250,#4251,#4252,#4253,#4254,#4255,#4256,#4257,#4258,#4259,
#4260,#4261,#4262,#4263,#4264,#4265,#4266,#4267,#4268,#4269,#4270,#4271,
#4272,#4273,#4274,#4275,#4276,#4277,#4278));
#7209=EDGE_LOOP('',(#4279,#4280,#4281,#4282,#4283,#4284,#4285,#4286,#4287,
#4288,#4289,#4290,#4291,#4292,#4293,#4294,#4295,#4296,#4297,#4298,#4299,
#4300,#4301,#4302,#4303,#4304,#4305,#4306,#4307,#4308,#4309,#4310,#4311,
#4312,#4313,#4314,#4315,#4316,#4317,#4318,#4319,#4320,#4321,#4322,#4323,
#4324,#4325,#4326,#4327,#4328,#4329,#4330,#4331,#4332,#4333,#4334,#4335,
#4336,#4337,#4338,#4339,#4340,#4341,#4342));
#7210=EDGE_LOOP('',(#4343,#4344,#4345,#4346,#4347,#4348,#4349,#4350,#4351,
#4352,#4353,#4354,#4355,#4356,#4357,#4358,#4359,#4360,#4361,#4362,#4363,
#4364,#4365,#4366,#4367,#4368,#4369,#4370,#4371,#4372,#4373,#4374,#4375,
#4376,#4377,#4378,#4379,#4380,#4381,#4382,#4383,#4384,#4385,#4386,#4387,
#4388,#4389,#4390,#4391,#4392,#4393,#4394,#4395,#4396,#4397,#4398,#4399,
#4400,#4401,#4402,#4403,#4404,#4405,#4406,#4407,#4408));
#7211=EDGE_LOOP('',(#4409,#4410,#4411,#4412,#4413,#4414,#4415,#4416,#4417,
#4418,#4419,#4420,#4421,#4422,#4423,#4424,#4425,#4426,#4427,#4428,#4429,
#4430,#4431,#4432,#4433,#4434,#4435,#4436,#4437,#4438,#4439,#4440,#4441,
#4442,#4443,#4444,#4445,#4446,#4447,#4448,#4449,#4450,#4451,#4452,#4453,
#4454,#4455,#4456,#4457,#4458,#4459,#4460,#4461,#4462,#4463,#4464,#4465,
#4466,#4467,#4468,#4469,#4470,#4471,#4472,#4473,#4474,#4475,#4476,#4477,
#4478,#4479,#4480,#4481,#4482,#4483,#4484,#4485,#4486,#4487,#4488,#4489,
#4490,#4491,#4492,#4493,#4494,#4495,#4496,#4497,#4498,#4499,#4500,#4501,
#4502,#4503,#4504,#4505,#4506,#4507,#4508,#4509,#4510,#4511,#4512,#4513,
#4514,#4515,#4516,#4517,#4518,#4519,#4520,#4521,#4522,#4523,#4524,#4525,
#4526,#4527,#4528,#4529,#4530,#4531,#4532,#4533,#4534,#4535,#4536,#4537));
#7212=EDGE_LOOP('',(#4538,#4539,#4540,#4541,#4542,#4543,#4544,#4545,#4546,
#4547,#4548,#4549,#4550,#4551,#4552,#4553,#4554,#4555,#4556,#4557,#4558,
#4559,#4560,#4561,#4562,#4563,#4564,#4565,#4566,#4567,#4568,#4569,#4570,
#4571,#4572,#4573,#4574,#4575,#4576,#4577,#4578,#4579,#4580,#4581,#4582,
#4583,#4584,#4585,#4586,#4587,#4588,#4589,#4590,#4591,#4592,#4593,#4594,
#4595,#4596,#4597,#4598,#4599,#4600,#4601));
#7213=EDGE_LOOP('',(#4602,#4603,#4604,#4605,#4606,#4607,#4608,#4609,#4610,
#4611,#4612,#4613,#4614,#4615,#4616,#4617,#4618,#4619,#4620,#4621,#4622,
#4623,#4624,#4625,#4626,#4627,#4628,#4629,#4630,#4631,#4632,#4633,#4634,
#4635,#4636,#4637,#4638,#4639,#4640,#4641,#4642,#4643,#4644,#4645,#4646,
#4647,#4648,#4649,#4650,#4651,#4652,#4653,#4654,#4655,#4656,#4657,#4658,
#4659,#4660,#4661,#4662,#4663,#4664,#4665));
#7214=EDGE_LOOP('',(#4666,#4667,#4668,#4669,#4670,#4671,#4672,#4673,#4674,
#4675,#4676,#4677,#4678,#4679,#4680,#4681,#4682,#4683,#4684,#4685,#4686,
#4687,#4688,#4689,#4690,#4691,#4692,#4693,#4694,#4695,#4696,#4697,#4698,
#4699,#4700,#4701,#4702,#4703,#4704,#4705,#4706,#4707,#4708,#4709,#4710,
#4711,#4712,#4713,#4714,#4715,#4716,#4717,#4718,#4719,#4720,#4721,#4722,
#4723,#4724,#4725,#4726,#4727,#4728,#4729,#4730,#4731));
#7215=FACE_BOUND('',#6772,.T.);
#7216=FACE_BOUND('',#6773,.T.);
#7217=FACE_BOUND('',#6774,.T.);
#7218=FACE_BOUND('',#6775,.T.);
#7219=FACE_BOUND('',#6776,.T.);
#7220=FACE_BOUND('',#6777,.T.);
#7221=FACE_BOUND('',#6778,.T.);
#7222=FACE_BOUND('',#6779,.T.);
#7223=FACE_BOUND('',#6780,.T.);
#7224=FACE_BOUND('',#6781,.T.);
#7225=FACE_BOUND('',#6782,.T.);
#7226=FACE_BOUND('',#6783,.T.);
#7227=FACE_BOUND('',#6784,.T.);
#7228=FACE_BOUND('',#6785,.T.);
#7229=FACE_BOUND('',#6786,.T.);
#7230=FACE_BOUND('',#6787,.T.);
#7231=FACE_BOUND('',#6788,.T.);
#7232=FACE_BOUND('',#6789,.T.);
#7233=FACE_BOUND('',#6790,.T.);
#7234=FACE_BOUND('',#6791,.T.);
#7235=FACE_BOUND('',#6792,.T.);
#7236=FACE_BOUND('',#6793,.T.);
#7237=FACE_BOUND('',#6794,.T.);
#7238=FACE_BOUND('',#6795,.T.);
#7239=FACE_BOUND('',#6796,.T.);
#7240=FACE_BOUND('',#6797,.T.);
#7241=FACE_BOUND('',#6798,.T.);
#7242=FACE_BOUND('',#6799,.T.);
#7243=FACE_BOUND('',#6800,.T.);
#7244=FACE_BOUND('',#6801,.T.);
#7245=FACE_BOUND('',#6802,.T.);
#7246=FACE_BOUND('',#6803,.T.);
#7247=FACE_BOUND('',#6804,.T.);
#7248=FACE_BOUND('',#6805,.T.);
#7249=FACE_BOUND('',#6806,.T.);
#7250=FACE_BOUND('',#6807,.T.);
#7251=FACE_BOUND('',#6808,.T.);
#7252=FACE_BOUND('',#6809,.T.);
#7253=FACE_BOUND('',#6810,.T.);
#7254=FACE_BOUND('',#6811,.T.);
#7255=FACE_BOUND('',#6812,.T.);
#7256=FACE_BOUND('',#6813,.T.);
#7257=FACE_BOUND('',#6814,.T.);
#7258=FACE_BOUND('',#6815,.T.);
#7259=FACE_BOUND('',#6816,.T.);
#7260=FACE_BOUND('',#6817,.T.);
#7261=FACE_BOUND('',#6818,.T.);
#7262=FACE_BOUND('',#6819,.T.);
#7263=FACE_BOUND('',#6820,.T.);
#7264=FACE_BOUND('',#6821,.T.);
#7265=FACE_BOUND('',#6822,.T.);
#7266=FACE_BOUND('',#6823,.T.);
#7267=FACE_BOUND('',#6824,.T.);
#7268=FACE_BOUND('',#6825,.T.);
#7269=FACE_BOUND('',#6826,.T.);
#7270=FACE_BOUND('',#6827,.T.);
#7271=FACE_BOUND('',#6828,.T.);
#7272=FACE_BOUND('',#6829,.T.);
#7273=FACE_BOUND('',#6830,.T.);
#7274=FACE_BOUND('',#6831,.T.);
#7275=FACE_BOUND('',#6832,.T.);
#7276=FACE_BOUND('',#6833,.T.);
#7277=FACE_BOUND('',#6834,.T.);
#7278=FACE_BOUND('',#6835,.T.);
#7279=FACE_BOUND('',#6836,.T.);
#7280=FACE_BOUND('',#6837,.T.);
#7281=FACE_BOUND('',#6838,.T.);
#7282=FACE_BOUND('',#6839,.T.);
#7283=FACE_BOUND('',#6840,.T.);
#7284=FACE_BOUND('',#6841,.T.);
#7285=FACE_BOUND('',#6842,.T.);
#7286=FACE_BOUND('',#6843,.T.);
#7287=FACE_BOUND('',#6844,.T.);
#7288=FACE_BOUND('',#6845,.T.);
#7289=FACE_BOUND('',#6846,.T.);
#7290=FACE_BOUND('',#6847,.T.);
#7291=FACE_BOUND('',#6848,.T.);
#7292=FACE_BOUND('',#6849,.T.);
#7293=FACE_BOUND('',#6850,.T.);
#7294=FACE_BOUND('',#6851,.T.);
#7295=FACE_BOUND('',#6852,.T.);
#7296=FACE_BOUND('',#6853,.T.);
#7297=FACE_BOUND('',#6854,.T.);
#7298=FACE_BOUND('',#6855,.T.);
#7299=FACE_BOUND('',#6856,.T.);
#7300=FACE_BOUND('',#6857,.T.);
#7301=FACE_BOUND('',#6858,.T.);
#7302=FACE_BOUND('',#6859,.T.);
#7303=FACE_BOUND('',#6860,.T.);
#7304=FACE_BOUND('',#6861,.T.);
#7305=FACE_BOUND('',#6862,.T.);
#7306=FACE_BOUND('',#6863,.T.);
#7307=FACE_BOUND('',#6864,.T.);
#7308=FACE_BOUND('',#6865,.T.);
#7309=FACE_BOUND('',#6866,.T.);
#7310=FACE_BOUND('',#6867,.T.);
#7311=FACE_BOUND('',#6868,.T.);
#7312=FACE_BOUND('',#6869,.T.);
#7313=FACE_BOUND('',#6870,.T.);
#7314=FACE_BOUND('',#6871,.T.);
#7315=FACE_BOUND('',#6872,.T.);
#7316=FACE_BOUND('',#6873,.T.);
#7317=FACE_BOUND('',#6874,.T.);
#7318=FACE_BOUND('',#6875,.T.);
#7319=FACE_BOUND('',#6876,.T.);
#7320=FACE_BOUND('',#6877,.T.);
#7321=FACE_BOUND('',#6878,.T.);
#7322=FACE_BOUND('',#6879,.T.);
#7323=FACE_BOUND('',#6880,.T.);
#7324=FACE_BOUND('',#6881,.T.);
#7325=FACE_BOUND('',#6882,.T.);
#7326=FACE_BOUND('',#6883,.T.);
#7327=FACE_BOUND('',#6884,.T.);
#7328=FACE_BOUND('',#6885,.T.);
#7329=FACE_BOUND('',#6886,.T.);
#7330=FACE_BOUND('',#6887,.T.);
#7331=FACE_BOUND('',#6888,.T.);
#7332=FACE_BOUND('',#6889,.T.);
#7333=FACE_BOUND('',#6890,.T.);
#7334=FACE_BOUND('',#6891,.T.);
#7335=FACE_BOUND('',#6892,.T.);
#7336=FACE_BOUND('',#6893,.T.);
#7337=FACE_BOUND('',#6894,.T.);
#7338=FACE_BOUND('',#6895,.T.);
#7339=FACE_BOUND('',#6896,.T.);
#7340=FACE_BOUND('',#6897,.T.);
#7341=FACE_BOUND('',#6898,.T.);
#7342=FACE_BOUND('',#6899,.T.);
#7343=FACE_BOUND('',#6900,.T.);
#7344=FACE_BOUND('',#6901,.T.);
#7345=FACE_BOUND('',#6902,.T.);
#7346=FACE_BOUND('',#6903,.T.);
#7347=FACE_BOUND('',#6904,.T.);
#7348=FACE_BOUND('',#6905,.T.);
#7349=FACE_BOUND('',#6906,.T.);
#7350=FACE_BOUND('',#6907,.T.);
#7351=FACE_BOUND('',#6908,.T.);
#7352=FACE_BOUND('',#6909,.T.);
#7353=FACE_BOUND('',#6910,.T.);
#7354=FACE_BOUND('',#6911,.T.);
#7355=FACE_BOUND('',#6912,.T.);
#7356=FACE_BOUND('',#6913,.T.);
#7357=FACE_BOUND('',#6914,.T.);
#7358=FACE_BOUND('',#6915,.T.);
#7359=FACE_BOUND('',#6916,.T.);
#7360=FACE_BOUND('',#6917,.T.);
#7361=FACE_BOUND('',#6918,.T.);
#7362=FACE_BOUND('',#6919,.T.);
#7363=FACE_BOUND('',#6920,.T.);
#7364=FACE_BOUND('',#6921,.T.);
#7365=FACE_BOUND('',#6922,.T.);
#7366=FACE_BOUND('',#6923,.T.);
#7367=FACE_BOUND('',#6924,.T.);
#7368=FACE_BOUND('',#6925,.T.);
#7369=FACE_BOUND('',#6926,.T.);
#7370=FACE_BOUND('',#6927,.T.);
#7371=FACE_BOUND('',#6928,.T.);
#7372=FACE_BOUND('',#6929,.T.);
#7373=FACE_BOUND('',#6930,.T.);
#7374=FACE_BOUND('',#6931,.T.);
#7375=FACE_BOUND('',#6932,.T.);
#7376=FACE_BOUND('',#6933,.T.);
#7377=FACE_BOUND('',#6934,.T.);
#7378=FACE_BOUND('',#6935,.T.);
#7379=FACE_BOUND('',#6936,.T.);
#7380=FACE_BOUND('',#6937,.T.);
#7381=FACE_BOUND('',#6938,.T.);
#7382=FACE_BOUND('',#6939,.T.);
#7383=FACE_BOUND('',#6940,.T.);
#7384=FACE_BOUND('',#6941,.T.);
#7385=FACE_BOUND('',#6942,.T.);
#7386=FACE_BOUND('',#6943,.T.);
#7387=FACE_BOUND('',#6944,.T.);
#7388=FACE_BOUND('',#6945,.T.);
#7389=FACE_BOUND('',#6946,.T.);
#7390=FACE_BOUND('',#6947,.T.);
#7391=FACE_BOUND('',#6948,.T.);
#7392=FACE_BOUND('',#6949,.T.);
#7393=FACE_BOUND('',#6950,.T.);
#7394=FACE_BOUND('',#6951,.T.);
#7395=FACE_BOUND('',#6952,.T.);
#7396=FACE_BOUND('',#6953,.T.);
#7397=FACE_BOUND('',#6954,.T.);
#7398=FACE_BOUND('',#6955,.T.);
#7399=FACE_BOUND('',#6956,.T.);
#7400=FACE_BOUND('',#6957,.T.);
#7401=FACE_BOUND('',#6958,.T.);
#7402=FACE_BOUND('',#6959,.T.);
#7403=FACE_BOUND('',#6960,.T.);
#7404=FACE_BOUND('',#6961,.T.);
#7405=FACE_BOUND('',#6962,.T.);
#7406=FACE_BOUND('',#6963,.T.);
#7407=FACE_BOUND('',#6964,.T.);
#7408=FACE_BOUND('',#6965,.T.);
#7409=FACE_BOUND('',#6966,.T.);
#7410=FACE_BOUND('',#6967,.T.);
#7411=FACE_BOUND('',#6968,.T.);
#7412=FACE_BOUND('',#6969,.T.);
#7413=FACE_BOUND('',#6970,.T.);
#7414=FACE_BOUND('',#6971,.T.);
#7415=FACE_BOUND('',#6972,.T.);
#7416=FACE_BOUND('',#6973,.T.);
#7417=FACE_BOUND('',#6974,.T.);
#7418=FACE_BOUND('',#6975,.T.);
#7419=FACE_BOUND('',#6976,.T.);
#7420=FACE_BOUND('',#6977,.T.);
#7421=FACE_BOUND('',#6978,.T.);
#7422=FACE_BOUND('',#6979,.T.);
#7423=FACE_BOUND('',#6980,.T.);
#7424=FACE_BOUND('',#6981,.T.);
#7425=FACE_BOUND('',#6982,.T.);
#7426=FACE_BOUND('',#6983,.T.);
#7427=FACE_BOUND('',#6984,.T.);
#7428=FACE_BOUND('',#6985,.T.);
#7429=FACE_BOUND('',#6986,.T.);
#7430=FACE_BOUND('',#6987,.T.);
#7431=FACE_BOUND('',#6988,.T.);
#7432=FACE_BOUND('',#6989,.T.);
#7433=FACE_BOUND('',#6990,.T.);
#7434=FACE_BOUND('',#6991,.T.);
#7435=FACE_BOUND('',#6992,.T.);
#7436=FACE_BOUND('',#6993,.T.);
#7437=FACE_BOUND('',#6994,.T.);
#7438=FACE_BOUND('',#6995,.T.);
#7439=FACE_BOUND('',#6996,.T.);
#7440=FACE_BOUND('',#6997,.T.);
#7441=FACE_BOUND('',#6998,.T.);
#7442=FACE_BOUND('',#6999,.T.);
#7443=FACE_BOUND('',#7000,.T.);
#7444=FACE_BOUND('',#7001,.T.);
#7445=FACE_BOUND('',#7002,.T.);
#7446=FACE_BOUND('',#7003,.T.);
#7447=FACE_BOUND('',#7004,.T.);
#7448=FACE_BOUND('',#7005,.T.);
#7449=FACE_BOUND('',#7006,.T.);
#7450=FACE_BOUND('',#7007,.T.);
#7451=FACE_BOUND('',#7008,.T.);
#7452=FACE_BOUND('',#7009,.T.);
#7453=FACE_BOUND('',#7010,.T.);
#7454=FACE_BOUND('',#7011,.T.);
#7455=FACE_BOUND('',#7012,.T.);
#7456=FACE_BOUND('',#7013,.T.);
#7457=FACE_BOUND('',#7014,.T.);
#7458=FACE_BOUND('',#7015,.T.);
#7459=FACE_BOUND('',#7016,.T.);
#7460=FACE_BOUND('',#7017,.T.);
#7461=FACE_BOUND('',#7018,.T.);
#7462=FACE_BOUND('',#7019,.T.);
#7463=FACE_BOUND('',#7020,.T.);
#7464=FACE_BOUND('',#7021,.T.);
#7465=FACE_BOUND('',#7022,.T.);
#7466=FACE_BOUND('',#7023,.T.);
#7467=FACE_BOUND('',#7024,.T.);
#7468=FACE_BOUND('',#7025,.T.);
#7469=FACE_BOUND('',#7026,.T.);
#7470=FACE_BOUND('',#7027,.T.);
#7471=FACE_BOUND('',#7028,.T.);
#7472=FACE_BOUND('',#7029,.T.);
#7473=FACE_BOUND('',#7030,.T.);
#7474=FACE_BOUND('',#7031,.T.);
#7475=FACE_BOUND('',#7032,.T.);
#7476=FACE_BOUND('',#7033,.T.);
#7477=FACE_BOUND('',#7034,.T.);
#7478=FACE_BOUND('',#7035,.T.);
#7479=FACE_BOUND('',#7036,.T.);
#7480=FACE_BOUND('',#7037,.T.);
#7481=FACE_BOUND('',#7038,.T.);
#7482=FACE_BOUND('',#7039,.T.);
#7483=FACE_BOUND('',#7040,.T.);
#7484=FACE_BOUND('',#7041,.T.);
#7485=FACE_BOUND('',#7042,.T.);
#7486=FACE_BOUND('',#7043,.T.);
#7487=FACE_BOUND('',#7044,.T.);
#7488=FACE_BOUND('',#7045,.T.);
#7489=FACE_BOUND('',#7046,.T.);
#7490=FACE_BOUND('',#7047,.T.);
#7491=FACE_BOUND('',#7048,.T.);
#7492=FACE_BOUND('',#7049,.T.);
#7493=FACE_BOUND('',#7050,.T.);
#7494=FACE_BOUND('',#7051,.T.);
#7495=FACE_BOUND('',#7052,.T.);
#7496=FACE_BOUND('',#7053,.T.);
#7497=FACE_BOUND('',#7054,.T.);
#7498=FACE_BOUND('',#7055,.T.);
#7499=FACE_BOUND('',#7056,.T.);
#7500=FACE_BOUND('',#7057,.T.);
#7501=FACE_BOUND('',#7058,.T.);
#7502=FACE_BOUND('',#7059,.T.);
#7503=FACE_BOUND('',#7060,.T.);
#7504=FACE_BOUND('',#7061,.T.);
#7505=FACE_BOUND('',#7062,.T.);
#7506=FACE_BOUND('',#7063,.T.);
#7507=FACE_BOUND('',#7064,.T.);
#7508=FACE_BOUND('',#7065,.T.);
#7509=FACE_BOUND('',#7066,.T.);
#7510=FACE_BOUND('',#7067,.T.);
#7511=FACE_BOUND('',#7068,.T.);
#7512=FACE_BOUND('',#7069,.T.);
#7513=FACE_BOUND('',#7070,.T.);
#7514=FACE_BOUND('',#7071,.T.);
#7515=FACE_BOUND('',#7072,.T.);
#7516=FACE_BOUND('',#7073,.T.);
#7517=FACE_BOUND('',#7074,.T.);
#7518=FACE_BOUND('',#7075,.T.);
#7519=FACE_BOUND('',#7076,.T.);
#7520=FACE_BOUND('',#7077,.T.);
#7521=FACE_BOUND('',#7078,.T.);
#7522=FACE_BOUND('',#7079,.T.);
#7523=FACE_BOUND('',#7080,.T.);
#7524=FACE_BOUND('',#7081,.T.);
#7525=FACE_BOUND('',#7082,.T.);
#7526=FACE_BOUND('',#7083,.T.);
#7527=FACE_BOUND('',#7084,.T.);
#7528=FACE_BOUND('',#7085,.T.);
#7529=FACE_BOUND('',#7086,.T.);
#7530=FACE_BOUND('',#7087,.T.);
#7531=FACE_BOUND('',#7088,.T.);
#7532=FACE_BOUND('',#7089,.T.);
#7533=FACE_BOUND('',#7090,.T.);
#7534=FACE_BOUND('',#7091,.T.);
#7535=FACE_BOUND('',#7092,.T.);
#7536=FACE_BOUND('',#7093,.T.);
#7537=FACE_BOUND('',#7094,.T.);
#7538=FACE_BOUND('',#7095,.T.);
#7539=FACE_BOUND('',#7096,.T.);
#7540=FACE_BOUND('',#7097,.T.);
#7541=FACE_BOUND('',#7098,.T.);
#7542=FACE_BOUND('',#7099,.T.);
#7543=FACE_BOUND('',#7100,.T.);
#7544=FACE_BOUND('',#7101,.T.);
#7545=FACE_BOUND('',#7102,.T.);
#7546=FACE_BOUND('',#7103,.T.);
#7547=FACE_BOUND('',#7104,.T.);
#7548=FACE_BOUND('',#7105,.T.);
#7549=FACE_BOUND('',#7106,.T.);
#7550=FACE_BOUND('',#7107,.T.);
#7551=FACE_BOUND('',#7108,.T.);
#7552=FACE_BOUND('',#7109,.T.);
#7553=FACE_BOUND('',#7110,.T.);
#7554=FACE_BOUND('',#7111,.T.);
#7555=FACE_BOUND('',#7112,.T.);
#7556=FACE_BOUND('',#7113,.T.);
#7557=FACE_BOUND('',#7114,.T.);
#7558=FACE_BOUND('',#7115,.T.);
#7559=FACE_BOUND('',#7116,.T.);
#7560=FACE_BOUND('',#7117,.T.);
#7561=FACE_BOUND('',#7118,.T.);
#7562=FACE_BOUND('',#7119,.T.);
#7563=FACE_BOUND('',#7120,.T.);
#7564=FACE_BOUND('',#7121,.T.);
#7565=FACE_BOUND('',#7122,.T.);
#7566=FACE_BOUND('',#7123,.T.);
#7567=FACE_BOUND('',#7124,.T.);
#7568=FACE_BOUND('',#7125,.T.);
#7569=FACE_BOUND('',#7126,.T.);
#7570=FACE_BOUND('',#7127,.T.);
#7571=FACE_BOUND('',#7128,.T.);
#7572=FACE_BOUND('',#7129,.T.);
#7573=FACE_BOUND('',#7130,.T.);
#7574=FACE_BOUND('',#7131,.T.);
#7575=FACE_BOUND('',#7132,.T.);
#7576=FACE_BOUND('',#7133,.T.);
#7577=FACE_BOUND('',#7134,.T.);
#7578=FACE_BOUND('',#7135,.T.);
#7579=FACE_BOUND('',#7136,.T.);
#7580=FACE_BOUND('',#7137,.T.);
#7581=FACE_BOUND('',#7138,.T.);
#7582=FACE_BOUND('',#7139,.T.);
#7583=FACE_BOUND('',#7140,.T.);
#7584=FACE_BOUND('',#7141,.T.);
#7585=FACE_BOUND('',#7142,.T.);
#7586=FACE_BOUND('',#7143,.T.);
#7587=FACE_BOUND('',#7144,.T.);
#7588=FACE_BOUND('',#7145,.T.);
#7589=FACE_BOUND('',#7146,.T.);
#7590=FACE_BOUND('',#7147,.T.);
#7591=FACE_BOUND('',#7148,.T.);
#7592=FACE_BOUND('',#7149,.T.);
#7593=FACE_BOUND('',#7150,.T.);
#7594=FACE_BOUND('',#7151,.T.);
#7595=FACE_BOUND('',#7152,.T.);
#7596=FACE_BOUND('',#7153,.T.);
#7597=FACE_BOUND('',#7154,.T.);
#7598=FACE_BOUND('',#7155,.T.);
#7599=FACE_BOUND('',#7156,.T.);
#7600=FACE_BOUND('',#7157,.T.);
#7601=FACE_BOUND('',#7158,.T.);
#7602=FACE_BOUND('',#7159,.T.);
#7603=FACE_BOUND('',#7160,.T.);
#7604=FACE_BOUND('',#7161,.T.);
#7605=FACE_BOUND('',#7162,.T.);
#7606=FACE_BOUND('',#7163,.T.);
#7607=FACE_BOUND('',#7164,.T.);
#7608=FACE_BOUND('',#7165,.T.);
#7609=FACE_BOUND('',#7166,.T.);
#7610=FACE_BOUND('',#7167,.T.);
#7611=FACE_BOUND('',#7168,.T.);
#7612=FACE_BOUND('',#7169,.T.);
#7613=FACE_BOUND('',#7170,.T.);
#7614=FACE_BOUND('',#7171,.T.);
#7615=FACE_BOUND('',#7172,.T.);
#7616=FACE_BOUND('',#7173,.T.);
#7617=FACE_BOUND('',#7174,.T.);
#7618=FACE_BOUND('',#7175,.T.);
#7619=FACE_BOUND('',#7176,.T.);
#7620=FACE_BOUND('',#7177,.T.);
#7621=FACE_BOUND('',#7178,.T.);
#7622=FACE_BOUND('',#7179,.T.);
#7623=FACE_BOUND('',#7180,.T.);
#7624=FACE_BOUND('',#7181,.T.);
#7625=FACE_BOUND('',#7182,.T.);
#7626=FACE_BOUND('',#7183,.T.);
#7627=FACE_BOUND('',#7184,.T.);
#7628=FACE_BOUND('',#7185,.T.);
#7629=FACE_BOUND('',#7186,.T.);
#7630=FACE_BOUND('',#7187,.T.);
#7631=FACE_BOUND('',#7188,.T.);
#7632=FACE_BOUND('',#7189,.T.);
#7633=FACE_BOUND('',#7190,.T.);
#7634=FACE_BOUND('',#7191,.T.);
#7635=FACE_BOUND('',#7192,.T.);
#7636=FACE_BOUND('',#7193,.T.);
#7637=FACE_BOUND('',#7194,.T.);
#7638=FACE_BOUND('',#7195,.T.);
#7639=FACE_BOUND('',#7196,.T.);
#7640=FACE_BOUND('',#7197,.T.);
#7641=FACE_BOUND('',#7198,.T.);
#7642=FACE_BOUND('',#7199,.T.);
#7643=FACE_BOUND('',#7200,.T.);
#7644=FACE_BOUND('',#7201,.T.);
#7645=FACE_BOUND('',#7202,.T.);
#7646=FACE_BOUND('',#7203,.T.);
#7647=FACE_BOUND('',#7204,.T.);
#7648=FACE_BOUND('',#7205,.T.);
#7649=FACE_BOUND('',#7206,.T.);
#7650=FACE_BOUND('',#7207,.T.);
#7651=FACE_BOUND('',#7208,.T.);
#7652=FACE_BOUND('',#7209,.T.);
#7653=FACE_BOUND('',#7210,.T.);
#7654=FACE_BOUND('',#7211,.T.);
#7655=FACE_BOUND('',#7212,.T.);
#7656=FACE_BOUND('',#7213,.T.);
#7657=FACE_BOUND('',#7214,.T.);
#7658=PLANE('',#8500);
#7659=PLANE('',#8507);
#7660=PLANE('',#8508);
#7661=PLANE('',#8509);
#7662=PLANE('',#8510);
#7663=PLANE('',#8523);
#7664=PLANE('',#8536);
#7665=PLANE('',#8537);
#7666=PLANE('',#8538);
#7667=PLANE('',#8539);
#7668=PLANE('',#8540);
#7669=PLANE('',#8541);
#7670=PLANE('',#8542);
#7671=PLANE('',#8543);
#7672=PLANE('',#8546);
#7673=PLANE('',#8560);
#7674=PLANE('',#8562);
#7675=PLANE('',#8564);
#7676=PLANE('',#8566);
#7677=PLANE('',#8568);
#7678=PLANE('',#8570);
#7679=PLANE('',#8572);
#7680=PLANE('',#8574);
#7681=PLANE('',#8576);
#7682=PLANE('',#8578);
#7683=PLANE('',#8580);
#7684=PLANE('',#8582);
#7685=PLANE('',#8584);
#7686=PLANE('',#8585);
#7687=PLANE('',#8586);
#7688=PLANE('',#8587);
#7689=PLANE('',#8588);
#7690=PLANE('',#8589);
#7691=PLANE('',#8590);
#7692=PLANE('',#8591);
#7693=PLANE('',#8592);
#7694=PLANE('',#8593);
#7695=PLANE('',#8596);
#7696=PLANE('',#8599);
#7697=PLANE('',#8602);
#7698=PLANE('',#8605);
#7699=PLANE('',#8607);
#7700=PLANE('',#8608);
#7701=PLANE('',#8609);
#7702=PLANE('',#8610);
#7703=PLANE('',#8611);
#7704=PLANE('',#8612);
#7705=PLANE('',#8613);
#7706=PLANE('',#8614);
#7707=PLANE('',#8615);
#7708=PLANE('',#8616);
#7709=PLANE('',#8618);
#7710=PLANE('',#8619);
#7711=PLANE('',#8624);
#7712=PLANE('',#8627);
#7713=PLANE('',#8628);
#7714=PLANE('',#8629);
#7715=PLANE('',#8630);
#7716=PLANE('',#8633);
#7717=PLANE('',#8636);
#7718=PLANE('',#8637);
#7719=PLANE('',#8638);
#7720=PLANE('',#8639);
#7721=PLANE('',#8640);
#7722=PLANE('',#8641);
#7723=PLANE('',#8642);
#7724=PLANE('',#8643);
#7725=PLANE('',#8644);
#7726=PLANE('',#8645);
#7727=PLANE('',#8646);
#7728=PLANE('',#8647);
#7729=PLANE('',#8648);
#7730=PLANE('',#8649);
#7731=PLANE('',#8650);
#7732=PLANE('',#8651);
#7733=PLANE('',#8652);
#7734=PLANE('',#8653);
#7735=PLANE('',#8654);
#7736=PLANE('',#8655);
#7737=PLANE('',#8656);
#7738=PLANE('',#8657);
#7739=PLANE('',#8658);
#7740=PLANE('',#8659);
#7741=PLANE('',#8660);
#7742=PLANE('',#8661);
#7743=PLANE('',#8662);
#7744=PLANE('',#8663);
#7745=PLANE('',#8664);
#7746=PLANE('',#8665);
#7747=PLANE('',#8666);
#7748=PLANE('',#8667);
#7749=PLANE('',#8668);
#7750=PLANE('',#8669);
#7751=PLANE('',#8670);
#7752=PLANE('',#8671);
#7753=PLANE('',#8672);
#7754=PLANE('',#8673);
#7755=PLANE('',#8674);
#7756=PLANE('',#8675);
#7757=PLANE('',#8676);
#7758=PLANE('',#8677);
#7759=PLANE('',#8678);
#7760=PLANE('',#8679);
#7761=PLANE('',#8680);
#7762=PLANE('',#8681);
#7763=PLANE('',#8682);
#7764=PLANE('',#8683);
#7765=PLANE('',#8684);
#7766=PLANE('',#8685);
#7767=PLANE('',#8686);
#7768=PLANE('',#8687);
#7769=PLANE('',#8688);
#7770=PLANE('',#8689);
#7771=PLANE('',#8690);
#7772=PLANE('',#8691);
#7773=PLANE('',#8692);
#7774=PLANE('',#8693);
#7775=PLANE('',#8694);
#7776=PLANE('',#8695);
#7777=PLANE('',#8696);
#7778=PLANE('',#8697);
#7779=PLANE('',#8698);
#7780=PLANE('',#8699);
#7781=PLANE('',#8700);
#7782=PLANE('',#8701);
#7783=PLANE('',#8702);
#7784=PLANE('',#8703);
#7785=PLANE('',#8704);
#7786=PLANE('',#8705);
#7787=PLANE('',#8706);
#7788=PLANE('',#8707);
#7789=PLANE('',#8708);
#7790=PLANE('',#8709);
#7791=PLANE('',#8710);
#7792=PLANE('',#8711);
#7793=PLANE('',#8712);
#7794=PLANE('',#8713);
#7795=PLANE('',#8714);
#7796=PLANE('',#8715);
#7797=PLANE('',#8716);
#7798=PLANE('',#8717);
#7799=PLANE('',#8718);
#7800=PLANE('',#8719);
#7801=PLANE('',#8720);
#7802=PLANE('',#8721);
#7803=PLANE('',#8722);
#7804=PLANE('',#8723);
#7805=PLANE('',#8724);
#7806=PLANE('',#8725);
#7807=PLANE('',#8726);
#7808=PLANE('',#8727);
#7809=PLANE('',#8728);
#7810=PLANE('',#8729);
#7811=PLANE('',#8730);
#7812=PLANE('',#8731);
#7813=PLANE('',#8732);
#7814=PLANE('',#8733);
#7815=PLANE('',#8734);
#7816=PLANE('',#8735);
#7817=PLANE('',#8736);
#7818=PLANE('',#8737);
#7819=PLANE('',#8738);
#7820=PLANE('',#8739);
#7821=PLANE('',#8740);
#7822=PLANE('',#8741);
#7823=PLANE('',#8742);
#7824=PLANE('',#8743);
#7825=PLANE('',#8744);
#7826=PLANE('',#8745);
#7827=PLANE('',#8746);
#7828=PLANE('',#8747);
#7829=PLANE('',#8748);
#7830=PLANE('',#8749);
#7831=PLANE('',#8750);
#7832=PLANE('',#8751);
#7833=PLANE('',#8752);
#7834=PLANE('',#8753);
#7835=PLANE('',#8754);
#7836=PLANE('',#8755);
#7837=PLANE('',#8756);
#7838=PLANE('',#8757);
#7839=PLANE('',#8758);
#7840=PLANE('',#8759);
#7841=PLANE('',#8760);
#7842=PLANE('',#8761);
#7843=PLANE('',#8762);
#7844=PLANE('',#8763);
#7845=PLANE('',#8764);
#7846=PLANE('',#8765);
#7847=PLANE('',#8766);
#7848=PLANE('',#8767);
#7849=PLANE('',#8768);
#7850=PLANE('',#8769);
#7851=PLANE('',#8770);
#7852=PLANE('',#8771);
#7853=PLANE('',#8772);
#7854=PLANE('',#8773);
#7855=PLANE('',#8774);
#7856=PLANE('',#8775);
#7857=PLANE('',#8776);
#7858=PLANE('',#8777);
#7859=PLANE('',#8778);
#7860=PLANE('',#8779);
#7861=PLANE('',#8780);
#7862=PLANE('',#8781);
#7863=PLANE('',#8782);
#7864=PLANE('',#8783);
#7865=PLANE('',#8784);
#7866=PLANE('',#8785);
#7867=PLANE('',#8786);
#7868=PLANE('',#8787);
#7869=PLANE('',#8788);
#7870=PLANE('',#8789);
#7871=PLANE('',#8790);
#7872=PLANE('',#8791);
#7873=PLANE('',#8792);
#7874=PLANE('',#8793);
#7875=PLANE('',#8794);
#7876=PLANE('',#8795);
#7877=PLANE('',#8796);
#7878=PLANE('',#8797);
#7879=PLANE('',#8798);
#7880=PLANE('',#8799);
#7881=PLANE('',#8800);
#7882=PLANE('',#8801);
#7883=PLANE('',#8802);
#7884=PLANE('',#8803);
#7885=PLANE('',#8804);
#7886=PLANE('',#8805);
#7887=PLANE('',#8806);
#7888=PLANE('',#8807);
#7889=PLANE('',#8808);
#7890=PLANE('',#8809);
#7891=PLANE('',#8810);
#7892=PLANE('',#8811);
#7893=PLANE('',#8812);
#7894=PLANE('',#8813);
#7895=PLANE('',#8814);
#7896=PLANE('',#8815);
#7897=PLANE('',#8816);
#7898=PLANE('',#8817);
#7899=PLANE('',#8818);
#7900=PLANE('',#8819);
#7901=PLANE('',#8820);
#7902=PLANE('',#8821);
#7903=PLANE('',#8822);
#7904=PLANE('',#8823);
#7905=PLANE('',#8824);
#7906=PLANE('',#8825);
#7907=PLANE('',#8826);
#7908=PLANE('',#8827);
#7909=PLANE('',#8828);
#7910=PLANE('',#8829);
#7911=PLANE('',#8830);
#7912=PLANE('',#8831);
#7913=PLANE('',#8832);
#7914=PLANE('',#8833);
#7915=PLANE('',#8834);
#7916=PLANE('',#8835);
#7917=PLANE('',#8836);
#7918=PLANE('',#8837);
#7919=PLANE('',#8838);
#7920=PLANE('',#8839);
#7921=PLANE('',#8840);
#7922=PLANE('',#8841);
#7923=PLANE('',#8842);
#7924=PLANE('',#8843);
#7925=PLANE('',#8844);
#7926=PLANE('',#8845);
#7927=PLANE('',#8846);
#7928=PLANE('',#8847);
#7929=PLANE('',#8848);
#7930=PLANE('',#8849);
#7931=PLANE('',#8850);
#7932=PLANE('',#8851);
#7933=PLANE('',#8852);
#7934=PLANE('',#8853);
#7935=PLANE('',#8854);
#7936=PLANE('',#8855);
#7937=PLANE('',#8856);
#7938=PLANE('',#8857);
#7939=PLANE('',#8858);
#7940=PLANE('',#8859);
#7941=PLANE('',#8860);
#7942=PLANE('',#8861);
#7943=PLANE('',#8862);
#7944=PLANE('',#8863);
#7945=PLANE('',#8864);
#7946=PLANE('',#8865);
#7947=PLANE('',#8866);
#7948=PLANE('',#8867);
#7949=PLANE('',#8868);
#7950=PLANE('',#8869);
#7951=PLANE('',#8870);
#7952=PLANE('',#8871);
#7953=PLANE('',#8872);
#7954=PLANE('',#8873);
#7955=PLANE('',#8874);
#7956=PLANE('',#8875);
#7957=PLANE('',#8876);
#7958=PLANE('',#8877);
#7959=PLANE('',#8878);
#7960=PLANE('',#8879);
#7961=PLANE('',#8880);
#7962=PLANE('',#8881);
#7963=PLANE('',#8882);
#7964=PLANE('',#8883);
#7965=PLANE('',#8884);
#7966=PLANE('',#8885);
#7967=PLANE('',#8886);
#7968=PLANE('',#8887);
#7969=PLANE('',#8888);
#7970=PLANE('',#8889);
#7971=PLANE('',#8890);
#7972=PLANE('',#8891);
#7973=PLANE('',#8892);
#7974=PLANE('',#8893);
#7975=PLANE('',#8894);
#7976=PLANE('',#8895);
#7977=PLANE('',#8896);
#7978=PLANE('',#8897);
#7979=PLANE('',#8898);
#7980=PLANE('',#8899);
#7981=PLANE('',#8900);
#7982=PLANE('',#8901);
#7983=PLANE('',#8902);
#7984=PLANE('',#8903);
#7985=PLANE('',#8904);
#7986=PLANE('',#8905);
#7987=PLANE('',#8906);
#7988=PLANE('',#8907);
#7989=PLANE('',#8908);
#7990=PLANE('',#8909);
#7991=PLANE('',#8910);
#7992=PLANE('',#8911);
#7993=PLANE('',#8912);
#7994=PLANE('',#8913);
#7995=PLANE('',#8914);
#7996=PLANE('',#8915);
#7997=PLANE('',#8916);
#7998=PLANE('',#8917);
#7999=PLANE('',#8918);
#8000=PLANE('',#8919);
#8001=PLANE('',#8920);
#8002=PLANE('',#8921);
#8003=PLANE('',#8922);
#8004=PLANE('',#8923);
#8005=PLANE('',#8924);
#8006=PLANE('',#8925);
#8007=PLANE('',#8926);
#8008=PLANE('',#8927);
#8009=PLANE('',#8928);
#8010=PLANE('',#8929);
#8011=PLANE('',#8930);
#8012=PLANE('',#8931);
#8013=PLANE('',#8932);
#8014=PLANE('',#8933);
#8015=PLANE('',#8934);
#8016=PLANE('',#8935);
#8017=PLANE('',#8936);
#8018=PLANE('',#8937);
#8019=PLANE('',#8938);
#8020=PLANE('',#8939);
#8021=PLANE('',#8940);
#8022=PLANE('',#8941);
#8023=PLANE('',#8942);
#8024=PLANE('',#8943);
#8025=PLANE('',#8944);
#8026=PLANE('',#8945);
#8027=PLANE('',#8946);
#8028=PLANE('',#8947);
#8029=PLANE('',#8948);
#8030=PLANE('',#8949);
#8031=PLANE('',#8950);
#8032=PLANE('',#8951);
#8033=PLANE('',#8952);
#8034=PLANE('',#8953);
#8035=PLANE('',#8954);
#8036=PLANE('',#8955);
#8037=PLANE('',#8956);
#8038=PLANE('',#8957);
#8039=PLANE('',#8958);
#8040=PLANE('',#8959);
#8041=PLANE('',#8960);
#8042=PLANE('',#8961);
#8043=PLANE('',#8962);
#8044=PLANE('',#8963);
#8045=PLANE('',#8964);
#8046=PLANE('',#8965);
#8047=ADVANCED_FACE('',(#7215,#7216,#7217,#7218,#7219,#7220),#7658,.T.);
#8048=ADVANCED_FACE('',(#7221),#7659,.T.);
#8049=ADVANCED_FACE('',(#7222),#7660,.F.);
#8050=ADVANCED_FACE('',(#7223),#7661,.T.);
#8051=ADVANCED_FACE('',(#7224,#7225,#7226,#7227),#7662,.F.);
#8052=ADVANCED_FACE('',(#7228,#7229,#7230,#7231),#7663,.F.);
#8053=ADVANCED_FACE('',(#7232),#7664,.T.);
#8054=ADVANCED_FACE('',(#7233),#7665,.F.);
#8055=ADVANCED_FACE('',(#7234),#7666,.F.);
#8056=ADVANCED_FACE('',(#7235),#7667,.T.);
#8057=ADVANCED_FACE('',(#7236,#7237),#7668,.F.);
#8058=ADVANCED_FACE('',(#7238),#7669,.T.);
#8059=ADVANCED_FACE('',(#7239),#7670,.F.);
#8060=ADVANCED_FACE('',(#7240),#7671,.T.);
#8061=ADVANCED_FACE('',(#7241,#7242),#7672,.T.);
#8062=ADVANCED_FACE('',(#7243),#30,.T.);
#8063=ADVANCED_FACE('',(#7244),#31,.T.);
#8064=ADVANCED_FACE('',(#7245),#28,.T.);
#8065=ADVANCED_FACE('',(#7246),#32,.T.);
#8066=ADVANCED_FACE('',(#7247),#33,.T.);
#8067=ADVANCED_FACE('',(#7248),#29,.T.);
#8068=ADVANCED_FACE('',(#7249),#34,.T.);
#8069=ADVANCED_FACE('',(#7250),#7673,.T.);
#8070=ADVANCED_FACE('',(#7251),#35,.F.);
#8071=ADVANCED_FACE('',(#7252),#7674,.F.);
#8072=ADVANCED_FACE('',(#7253),#36,.F.);
#8073=ADVANCED_FACE('',(#7254),#7675,.F.);
#8074=ADVANCED_FACE('',(#7255),#37,.F.);
#8075=ADVANCED_FACE('',(#7256),#7676,.T.);
#8076=ADVANCED_FACE('',(#7257),#38,.F.);
#8077=ADVANCED_FACE('',(#7258),#7677,.T.);
#8078=ADVANCED_FACE('',(#7259),#39,.F.);
#8079=ADVANCED_FACE('',(#7260),#7678,.F.);
#8080=ADVANCED_FACE('',(#7261),#40,.F.);
#8081=ADVANCED_FACE('',(#7262),#7679,.F.);
#8082=ADVANCED_FACE('',(#7263),#41,.F.);
#8083=ADVANCED_FACE('',(#7264),#7680,.T.);
#8084=ADVANCED_FACE('',(#7265),#42,.F.);
#8085=ADVANCED_FACE('',(#7266),#7681,.T.);
#8086=ADVANCED_FACE('',(#7267),#43,.F.);
#8087=ADVANCED_FACE('',(#7268),#7682,.F.);
#8088=ADVANCED_FACE('',(#7269),#44,.F.);
#8089=ADVANCED_FACE('',(#7270),#7683,.F.);
#8090=ADVANCED_FACE('',(#7271),#45,.F.);
#8091=ADVANCED_FACE('',(#7272),#7684,.T.);
#8092=ADVANCED_FACE('',(#7273),#46,.F.);
#8093=ADVANCED_FACE('',(#7274),#7685,.T.);
#8094=ADVANCED_FACE('',(#7275),#7686,.T.);
#8095=ADVANCED_FACE('',(#7276),#7687,.T.);
#8096=ADVANCED_FACE('',(#7277),#7688,.T.);
#8097=ADVANCED_FACE('',(#7278),#7689,.T.);
#8098=ADVANCED_FACE('',(#7279),#7690,.T.);
#8099=ADVANCED_FACE('',(#7280),#7691,.T.);
#8100=ADVANCED_FACE('',(#7281),#7692,.T.);
#8101=ADVANCED_FACE('',(#7282),#7693,.T.);
#8102=ADVANCED_FACE('',(#7283),#7694,.T.);
#8103=ADVANCED_FACE('',(#7284,#7285),#47,.F.);
#8104=ADVANCED_FACE('',(#7286),#7695,.T.);
#8105=ADVANCED_FACE('',(#7287,#7288),#48,.F.);
#8106=ADVANCED_FACE('',(#7289),#7696,.T.);
#8107=ADVANCED_FACE('',(#7290,#7291),#49,.F.);
#8108=ADVANCED_FACE('',(#7292),#7697,.T.);
#8109=ADVANCED_FACE('',(#7293,#7294),#50,.F.);
#8110=ADVANCED_FACE('',(#7295),#7698,.T.);
#8111=ADVANCED_FACE('',(#7296),#7699,.T.);
#8112=ADVANCED_FACE('',(#7297),#7700,.T.);
#8113=ADVANCED_FACE('',(#7298),#7701,.F.);
#8114=ADVANCED_FACE('',(#7299),#7702,.T.);
#8115=ADVANCED_FACE('',(#7300),#7703,.T.);
#8116=ADVANCED_FACE('',(#7301),#7704,.F.);
#8117=ADVANCED_FACE('',(#7302),#7705,.F.);
#8118=ADVANCED_FACE('',(#7303),#7706,.F.);
#8119=ADVANCED_FACE('',(#7304,#7305),#7707,.T.);
#8120=ADVANCED_FACE('',(#7306,#7307),#7708,.F.);
#8121=ADVANCED_FACE('',(#7308),#7709,.T.);
#8122=ADVANCED_FACE('',(#7309),#7710,.F.);
#8123=ADVANCED_FACE('',(#7310,#7311),#51,.F.);
#8124=ADVANCED_FACE('',(#7312,#7313,#7314),#7711,.T.);
#8125=ADVANCED_FACE('',(#7315),#7712,.T.);
#8126=ADVANCED_FACE('',(#7316),#7713,.F.);
#8127=ADVANCED_FACE('',(#7317),#7714,.F.);
#8128=ADVANCED_FACE('',(#7318),#7715,.F.);
#8129=ADVANCED_FACE('',(#7319),#52,.T.);
#8130=ADVANCED_FACE('',(#7320),#7716,.F.);
#8131=ADVANCED_FACE('',(#7321),#53,.T.);
#8132=ADVANCED_FACE('',(#7322),#7717,.F.);
#8133=ADVANCED_FACE('',(#7323),#7718,.T.);
#8134=ADVANCED_FACE('',(#7324),#7719,.T.);
#8135=ADVANCED_FACE('',(#7325),#7720,.T.);
#8136=ADVANCED_FACE('',(#7326),#7721,.T.);
#8137=ADVANCED_FACE('',(#7327,#7328,#7329,#7330),#7722,.F.);
#8138=ADVANCED_FACE('',(#7331),#7723,.F.);
#8139=ADVANCED_FACE('',(#7332),#7724,.F.);
#8140=ADVANCED_FACE('',(#7333),#7725,.F.);
#8141=ADVANCED_FACE('',(#7334),#7726,.F.);
#8142=ADVANCED_FACE('',(#7335),#7727,.F.);
#8143=ADVANCED_FACE('',(#7336),#7728,.F.);
#8144=ADVANCED_FACE('',(#7337),#7729,.F.);
#8145=ADVANCED_FACE('',(#7338),#7730,.F.);
#8146=ADVANCED_FACE('',(#7339),#7731,.F.);
#8147=ADVANCED_FACE('',(#7340),#7732,.F.);
#8148=ADVANCED_FACE('',(#7341),#7733,.F.);
#8149=ADVANCED_FACE('',(#7342),#7734,.F.);
#8150=ADVANCED_FACE('',(#7343),#7735,.F.);
#8151=ADVANCED_FACE('',(#7344),#7736,.F.);
#8152=ADVANCED_FACE('',(#7345),#7737,.F.);
#8153=ADVANCED_FACE('',(#7346),#7738,.F.);
#8154=ADVANCED_FACE('',(#7347),#7739,.F.);
#8155=ADVANCED_FACE('',(#7348),#7740,.F.);
#8156=ADVANCED_FACE('',(#7349),#7741,.F.);
#8157=ADVANCED_FACE('',(#7350),#7742,.F.);
#8158=ADVANCED_FACE('',(#7351),#7743,.F.);
#8159=ADVANCED_FACE('',(#7352),#7744,.F.);
#8160=ADVANCED_FACE('',(#7353),#7745,.F.);
#8161=ADVANCED_FACE('',(#7354),#7746,.F.);
#8162=ADVANCED_FACE('',(#7355),#7747,.F.);
#8163=ADVANCED_FACE('',(#7356),#7748,.F.);
#8164=ADVANCED_FACE('',(#7357),#7749,.F.);
#8165=ADVANCED_FACE('',(#7358),#7750,.F.);
#8166=ADVANCED_FACE('',(#7359),#7751,.F.);
#8167=ADVANCED_FACE('',(#7360),#7752,.F.);
#8168=ADVANCED_FACE('',(#7361),#7753,.F.);
#8169=ADVANCED_FACE('',(#7362),#7754,.F.);
#8170=ADVANCED_FACE('',(#7363),#7755,.F.);
#8171=ADVANCED_FACE('',(#7364),#7756,.F.);
#8172=ADVANCED_FACE('',(#7365),#7757,.F.);
#8173=ADVANCED_FACE('',(#7366),#7758,.F.);
#8174=ADVANCED_FACE('',(#7367),#7759,.F.);
#8175=ADVANCED_FACE('',(#7368),#7760,.F.);
#8176=ADVANCED_FACE('',(#7369),#7761,.F.);
#8177=ADVANCED_FACE('',(#7370),#7762,.F.);
#8178=ADVANCED_FACE('',(#7371),#7763,.F.);
#8179=ADVANCED_FACE('',(#7372),#7764,.F.);
#8180=ADVANCED_FACE('',(#7373),#7765,.F.);
#8181=ADVANCED_FACE('',(#7374),#7766,.F.);
#8182=ADVANCED_FACE('',(#7375),#7767,.F.);
#8183=ADVANCED_FACE('',(#7376),#7768,.F.);
#8184=ADVANCED_FACE('',(#7377),#7769,.F.);
#8185=ADVANCED_FACE('',(#7378),#7770,.F.);
#8186=ADVANCED_FACE('',(#7379),#7771,.F.);
#8187=ADVANCED_FACE('',(#7380),#7772,.F.);
#8188=ADVANCED_FACE('',(#7381),#7773,.F.);
#8189=ADVANCED_FACE('',(#7382),#7774,.F.);
#8190=ADVANCED_FACE('',(#7383),#7775,.F.);
#8191=ADVANCED_FACE('',(#7384),#7776,.F.);
#8192=ADVANCED_FACE('',(#7385),#7777,.F.);
#8193=ADVANCED_FACE('',(#7386),#7778,.F.);
#8194=ADVANCED_FACE('',(#7387),#7779,.F.);
#8195=ADVANCED_FACE('',(#7388),#7780,.F.);
#8196=ADVANCED_FACE('',(#7389),#7781,.F.);
#8197=ADVANCED_FACE('',(#7390),#7782,.F.);
#8198=ADVANCED_FACE('',(#7391),#7783,.F.);
#8199=ADVANCED_FACE('',(#7392),#7784,.F.);
#8200=ADVANCED_FACE('',(#7393),#7785,.F.);
#8201=ADVANCED_FACE('',(#7394),#7786,.F.);
#8202=ADVANCED_FACE('',(#7395),#7787,.F.);
#8203=ADVANCED_FACE('',(#7396),#7788,.F.);
#8204=ADVANCED_FACE('',(#7397),#7789,.F.);
#8205=ADVANCED_FACE('',(#7398),#7790,.F.);
#8206=ADVANCED_FACE('',(#7399),#7791,.F.);
#8207=ADVANCED_FACE('',(#7400),#7792,.F.);
#8208=ADVANCED_FACE('',(#7401),#7793,.F.);
#8209=ADVANCED_FACE('',(#7402),#7794,.F.);
#8210=ADVANCED_FACE('',(#7403),#7795,.F.);
#8211=ADVANCED_FACE('',(#7404),#7796,.F.);
#8212=ADVANCED_FACE('',(#7405),#7797,.F.);
#8213=ADVANCED_FACE('',(#7406),#7798,.F.);
#8214=ADVANCED_FACE('',(#7407),#7799,.F.);
#8215=ADVANCED_FACE('',(#7408),#7800,.F.);
#8216=ADVANCED_FACE('',(#7409),#7801,.F.);
#8217=ADVANCED_FACE('',(#7410),#7802,.F.);
#8218=ADVANCED_FACE('',(#7411),#7803,.F.);
#8219=ADVANCED_FACE('',(#7412),#7804,.F.);
#8220=ADVANCED_FACE('',(#7413),#7805,.F.);
#8221=ADVANCED_FACE('',(#7414),#7806,.F.);
#8222=ADVANCED_FACE('',(#7415),#7807,.F.);
#8223=ADVANCED_FACE('',(#7416),#7808,.F.);
#8224=ADVANCED_FACE('',(#7417),#7809,.F.);
#8225=ADVANCED_FACE('',(#7418),#7810,.F.);
#8226=ADVANCED_FACE('',(#7419),#7811,.F.);
#8227=ADVANCED_FACE('',(#7420),#7812,.F.);
#8228=ADVANCED_FACE('',(#7421),#7813,.F.);
#8229=ADVANCED_FACE('',(#7422),#7814,.F.);
#8230=ADVANCED_FACE('',(#7423),#7815,.F.);
#8231=ADVANCED_FACE('',(#7424),#7816,.F.);
#8232=ADVANCED_FACE('',(#7425),#7817,.F.);
#8233=ADVANCED_FACE('',(#7426),#7818,.F.);
#8234=ADVANCED_FACE('',(#7427),#7819,.F.);
#8235=ADVANCED_FACE('',(#7428),#7820,.F.);
#8236=ADVANCED_FACE('',(#7429),#7821,.F.);
#8237=ADVANCED_FACE('',(#7430),#7822,.F.);
#8238=ADVANCED_FACE('',(#7431),#7823,.F.);
#8239=ADVANCED_FACE('',(#7432),#7824,.F.);
#8240=ADVANCED_FACE('',(#7433),#7825,.F.);
#8241=ADVANCED_FACE('',(#7434),#7826,.F.);
#8242=ADVANCED_FACE('',(#7435),#7827,.F.);
#8243=ADVANCED_FACE('',(#7436),#7828,.F.);
#8244=ADVANCED_FACE('',(#7437),#7829,.F.);
#8245=ADVANCED_FACE('',(#7438),#7830,.F.);
#8246=ADVANCED_FACE('',(#7439),#7831,.F.);
#8247=ADVANCED_FACE('',(#7440),#7832,.F.);
#8248=ADVANCED_FACE('',(#7441),#7833,.F.);
#8249=ADVANCED_FACE('',(#7442),#7834,.F.);
#8250=ADVANCED_FACE('',(#7443),#7835,.F.);
#8251=ADVANCED_FACE('',(#7444),#7836,.F.);
#8252=ADVANCED_FACE('',(#7445),#7837,.F.);
#8253=ADVANCED_FACE('',(#7446),#7838,.F.);
#8254=ADVANCED_FACE('',(#7447),#7839,.F.);
#8255=ADVANCED_FACE('',(#7448),#7840,.F.);
#8256=ADVANCED_FACE('',(#7449),#7841,.F.);
#8257=ADVANCED_FACE('',(#7450),#7842,.F.);
#8258=ADVANCED_FACE('',(#7451),#7843,.F.);
#8259=ADVANCED_FACE('',(#7452),#7844,.F.);
#8260=ADVANCED_FACE('',(#7453),#7845,.F.);
#8261=ADVANCED_FACE('',(#7454),#7846,.F.);
#8262=ADVANCED_FACE('',(#7455),#7847,.F.);
#8263=ADVANCED_FACE('',(#7456),#7848,.F.);
#8264=ADVANCED_FACE('',(#7457),#7849,.F.);
#8265=ADVANCED_FACE('',(#7458),#7850,.F.);
#8266=ADVANCED_FACE('',(#7459),#7851,.F.);
#8267=ADVANCED_FACE('',(#7460),#7852,.F.);
#8268=ADVANCED_FACE('',(#7461),#7853,.F.);
#8269=ADVANCED_FACE('',(#7462),#7854,.F.);
#8270=ADVANCED_FACE('',(#7463),#7855,.F.);
#8271=ADVANCED_FACE('',(#7464),#7856,.F.);
#8272=ADVANCED_FACE('',(#7465),#7857,.F.);
#8273=ADVANCED_FACE('',(#7466),#7858,.F.);
#8274=ADVANCED_FACE('',(#7467),#7859,.F.);
#8275=ADVANCED_FACE('',(#7468),#7860,.F.);
#8276=ADVANCED_FACE('',(#7469),#7861,.F.);
#8277=ADVANCED_FACE('',(#7470),#7862,.F.);
#8278=ADVANCED_FACE('',(#7471),#7863,.F.);
#8279=ADVANCED_FACE('',(#7472),#7864,.F.);
#8280=ADVANCED_FACE('',(#7473),#7865,.F.);
#8281=ADVANCED_FACE('',(#7474),#7866,.F.);
#8282=ADVANCED_FACE('',(#7475),#7867,.F.);
#8283=ADVANCED_FACE('',(#7476),#7868,.F.);
#8284=ADVANCED_FACE('',(#7477),#7869,.F.);
#8285=ADVANCED_FACE('',(#7478),#7870,.F.);
#8286=ADVANCED_FACE('',(#7479),#7871,.F.);
#8287=ADVANCED_FACE('',(#7480),#7872,.F.);
#8288=ADVANCED_FACE('',(#7481),#7873,.F.);
#8289=ADVANCED_FACE('',(#7482),#7874,.F.);
#8290=ADVANCED_FACE('',(#7483),#7875,.F.);
#8291=ADVANCED_FACE('',(#7484),#7876,.F.);
#8292=ADVANCED_FACE('',(#7485),#7877,.F.);
#8293=ADVANCED_FACE('',(#7486),#7878,.F.);
#8294=ADVANCED_FACE('',(#7487),#7879,.F.);
#8295=ADVANCED_FACE('',(#7488),#7880,.F.);
#8296=ADVANCED_FACE('',(#7489),#7881,.F.);
#8297=ADVANCED_FACE('',(#7490),#7882,.F.);
#8298=ADVANCED_FACE('',(#7491),#7883,.F.);
#8299=ADVANCED_FACE('',(#7492),#7884,.F.);
#8300=ADVANCED_FACE('',(#7493),#7885,.F.);
#8301=ADVANCED_FACE('',(#7494),#7886,.F.);
#8302=ADVANCED_FACE('',(#7495),#7887,.F.);
#8303=ADVANCED_FACE('',(#7496),#7888,.F.);
#8304=ADVANCED_FACE('',(#7497),#7889,.F.);
#8305=ADVANCED_FACE('',(#7498),#7890,.F.);
#8306=ADVANCED_FACE('',(#7499),#7891,.F.);
#8307=ADVANCED_FACE('',(#7500),#7892,.F.);
#8308=ADVANCED_FACE('',(#7501),#7893,.F.);
#8309=ADVANCED_FACE('',(#7502),#7894,.F.);
#8310=ADVANCED_FACE('',(#7503),#7895,.F.);
#8311=ADVANCED_FACE('',(#7504),#7896,.F.);
#8312=ADVANCED_FACE('',(#7505),#7897,.F.);
#8313=ADVANCED_FACE('',(#7506),#7898,.F.);
#8314=ADVANCED_FACE('',(#7507),#7899,.F.);
#8315=ADVANCED_FACE('',(#7508),#7900,.F.);
#8316=ADVANCED_FACE('',(#7509),#7901,.F.);
#8317=ADVANCED_FACE('',(#7510),#7902,.F.);
#8318=ADVANCED_FACE('',(#7511),#7903,.F.);
#8319=ADVANCED_FACE('',(#7512),#7904,.F.);
#8320=ADVANCED_FACE('',(#7513),#7905,.F.);
#8321=ADVANCED_FACE('',(#7514),#7906,.F.);
#8322=ADVANCED_FACE('',(#7515),#7907,.F.);
#8323=ADVANCED_FACE('',(#7516),#7908,.F.);
#8324=ADVANCED_FACE('',(#7517),#7909,.F.);
#8325=ADVANCED_FACE('',(#7518),#7910,.F.);
#8326=ADVANCED_FACE('',(#7519),#7911,.F.);
#8327=ADVANCED_FACE('',(#7520),#7912,.F.);
#8328=ADVANCED_FACE('',(#7521),#7913,.F.);
#8329=ADVANCED_FACE('',(#7522),#7914,.F.);
#8330=ADVANCED_FACE('',(#7523),#7915,.F.);
#8331=ADVANCED_FACE('',(#7524),#7916,.F.);
#8332=ADVANCED_FACE('',(#7525),#7917,.F.);
#8333=ADVANCED_FACE('',(#7526),#7918,.F.);
#8334=ADVANCED_FACE('',(#7527),#7919,.F.);
#8335=ADVANCED_FACE('',(#7528),#7920,.F.);
#8336=ADVANCED_FACE('',(#7529),#7921,.F.);
#8337=ADVANCED_FACE('',(#7530),#7922,.F.);
#8338=ADVANCED_FACE('',(#7531),#7923,.F.);
#8339=ADVANCED_FACE('',(#7532),#7924,.F.);
#8340=ADVANCED_FACE('',(#7533),#7925,.F.);
#8341=ADVANCED_FACE('',(#7534),#7926,.F.);
#8342=ADVANCED_FACE('',(#7535),#7927,.F.);
#8343=ADVANCED_FACE('',(#7536),#7928,.F.);
#8344=ADVANCED_FACE('',(#7537),#7929,.F.);
#8345=ADVANCED_FACE('',(#7538),#7930,.F.);
#8346=ADVANCED_FACE('',(#7539),#7931,.F.);
#8347=ADVANCED_FACE('',(#7540),#7932,.F.);
#8348=ADVANCED_FACE('',(#7541),#7933,.F.);
#8349=ADVANCED_FACE('',(#7542),#7934,.F.);
#8350=ADVANCED_FACE('',(#7543),#7935,.F.);
#8351=ADVANCED_FACE('',(#7544),#7936,.F.);
#8352=ADVANCED_FACE('',(#7545),#7937,.F.);
#8353=ADVANCED_FACE('',(#7546),#7938,.F.);
#8354=ADVANCED_FACE('',(#7547),#7939,.F.);
#8355=ADVANCED_FACE('',(#7548),#7940,.F.);
#8356=ADVANCED_FACE('',(#7549),#7941,.F.);
#8357=ADVANCED_FACE('',(#7550),#7942,.F.);
#8358=ADVANCED_FACE('',(#7551),#7943,.F.);
#8359=ADVANCED_FACE('',(#7552),#7944,.F.);
#8360=ADVANCED_FACE('',(#7553),#7945,.F.);
#8361=ADVANCED_FACE('',(#7554),#7946,.F.);
#8362=ADVANCED_FACE('',(#7555),#7947,.F.);
#8363=ADVANCED_FACE('',(#7556),#7948,.F.);
#8364=ADVANCED_FACE('',(#7557),#7949,.F.);
#8365=ADVANCED_FACE('',(#7558),#7950,.F.);
#8366=ADVANCED_FACE('',(#7559),#7951,.F.);
#8367=ADVANCED_FACE('',(#7560),#7952,.F.);
#8368=ADVANCED_FACE('',(#7561),#7953,.F.);
#8369=ADVANCED_FACE('',(#7562),#7954,.F.);
#8370=ADVANCED_FACE('',(#7563),#7955,.F.);
#8371=ADVANCED_FACE('',(#7564),#7956,.F.);
#8372=ADVANCED_FACE('',(#7565),#7957,.F.);
#8373=ADVANCED_FACE('',(#7566),#7958,.F.);
#8374=ADVANCED_FACE('',(#7567),#7959,.F.);
#8375=ADVANCED_FACE('',(#7568),#7960,.F.);
#8376=ADVANCED_FACE('',(#7569),#7961,.F.);
#8377=ADVANCED_FACE('',(#7570),#7962,.F.);
#8378=ADVANCED_FACE('',(#7571),#7963,.F.);
#8379=ADVANCED_FACE('',(#7572),#7964,.F.);
#8380=ADVANCED_FACE('',(#7573),#7965,.F.);
#8381=ADVANCED_FACE('',(#7574),#7966,.F.);
#8382=ADVANCED_FACE('',(#7575),#7967,.F.);
#8383=ADVANCED_FACE('',(#7576),#7968,.F.);
#8384=ADVANCED_FACE('',(#7577),#7969,.F.);
#8385=ADVANCED_FACE('',(#7578),#7970,.F.);
#8386=ADVANCED_FACE('',(#7579),#7971,.F.);
#8387=ADVANCED_FACE('',(#7580),#7972,.F.);
#8388=ADVANCED_FACE('',(#7581),#7973,.F.);
#8389=ADVANCED_FACE('',(#7582),#7974,.F.);
#8390=ADVANCED_FACE('',(#7583),#7975,.F.);
#8391=ADVANCED_FACE('',(#7584),#7976,.F.);
#8392=ADVANCED_FACE('',(#7585),#7977,.F.);
#8393=ADVANCED_FACE('',(#7586),#7978,.F.);
#8394=ADVANCED_FACE('',(#7587),#7979,.F.);
#8395=ADVANCED_FACE('',(#7588),#7980,.F.);
#8396=ADVANCED_FACE('',(#7589),#7981,.F.);
#8397=ADVANCED_FACE('',(#7590),#7982,.F.);
#8398=ADVANCED_FACE('',(#7591),#7983,.F.);
#8399=ADVANCED_FACE('',(#7592),#7984,.F.);
#8400=ADVANCED_FACE('',(#7593),#7985,.F.);
#8401=ADVANCED_FACE('',(#7594),#7986,.F.);
#8402=ADVANCED_FACE('',(#7595),#7987,.F.);
#8403=ADVANCED_FACE('',(#7596),#7988,.F.);
#8404=ADVANCED_FACE('',(#7597),#7989,.F.);
#8405=ADVANCED_FACE('',(#7598),#7990,.F.);
#8406=ADVANCED_FACE('',(#7599),#7991,.F.);
#8407=ADVANCED_FACE('',(#7600),#7992,.F.);
#8408=ADVANCED_FACE('',(#7601),#7993,.F.);
#8409=ADVANCED_FACE('',(#7602),#7994,.F.);
#8410=ADVANCED_FACE('',(#7603),#7995,.F.);
#8411=ADVANCED_FACE('',(#7604),#7996,.F.);
#8412=ADVANCED_FACE('',(#7605),#7997,.F.);
#8413=ADVANCED_FACE('',(#7606),#7998,.F.);
#8414=ADVANCED_FACE('',(#7607),#7999,.F.);
#8415=ADVANCED_FACE('',(#7608),#8000,.F.);
#8416=ADVANCED_FACE('',(#7609),#8001,.F.);
#8417=ADVANCED_FACE('',(#7610),#8002,.F.);
#8418=ADVANCED_FACE('',(#7611),#8003,.F.);
#8419=ADVANCED_FACE('',(#7612),#8004,.F.);
#8420=ADVANCED_FACE('',(#7613),#8005,.F.);
#8421=ADVANCED_FACE('',(#7614),#8006,.F.);
#8422=ADVANCED_FACE('',(#7615),#8007,.F.);
#8423=ADVANCED_FACE('',(#7616),#8008,.F.);
#8424=ADVANCED_FACE('',(#7617),#8009,.F.);
#8425=ADVANCED_FACE('',(#7618),#8010,.F.);
#8426=ADVANCED_FACE('',(#7619),#8011,.F.);
#8427=ADVANCED_FACE('',(#7620),#8012,.F.);
#8428=ADVANCED_FACE('',(#7621),#8013,.F.);
#8429=ADVANCED_FACE('',(#7622),#8014,.F.);
#8430=ADVANCED_FACE('',(#7623),#8015,.F.);
#8431=ADVANCED_FACE('',(#7624),#8016,.F.);
#8432=ADVANCED_FACE('',(#7625),#8017,.F.);
#8433=ADVANCED_FACE('',(#7626),#8018,.F.);
#8434=ADVANCED_FACE('',(#7627),#8019,.F.);
#8435=ADVANCED_FACE('',(#7628),#8020,.F.);
#8436=ADVANCED_FACE('',(#7629),#8021,.F.);
#8437=ADVANCED_FACE('',(#7630),#8022,.F.);
#8438=ADVANCED_FACE('',(#7631),#8023,.F.);
#8439=ADVANCED_FACE('',(#7632),#8024,.F.);
#8440=ADVANCED_FACE('',(#7633),#8025,.F.);
#8441=ADVANCED_FACE('',(#7634),#8026,.F.);
#8442=ADVANCED_FACE('',(#7635),#8027,.F.);
#8443=ADVANCED_FACE('',(#7636),#8028,.F.);
#8444=ADVANCED_FACE('',(#7637),#8029,.F.);
#8445=ADVANCED_FACE('',(#7638),#8030,.F.);
#8446=ADVANCED_FACE('',(#7639),#8031,.F.);
#8447=ADVANCED_FACE('',(#7640),#8032,.F.);
#8448=ADVANCED_FACE('',(#7641),#8033,.F.);
#8449=ADVANCED_FACE('',(#7642),#8034,.F.);
#8450=ADVANCED_FACE('',(#7643),#8035,.F.);
#8451=ADVANCED_FACE('',(#7644),#8036,.F.);
#8452=ADVANCED_FACE('',(#7645),#8037,.F.);
#8453=ADVANCED_FACE('',(#7646),#8038,.F.);
#8454=ADVANCED_FACE('',(#7647),#8039,.F.);
#8455=ADVANCED_FACE('',(#7648),#8040,.F.);
#8456=ADVANCED_FACE('',(#7649),#8041,.F.);
#8457=ADVANCED_FACE('',(#7650),#8042,.F.);
#8458=ADVANCED_FACE('',(#7651,#7652,#7653,#7654),#8043,.T.);
#8459=ADVANCED_FACE('',(#7655),#8044,.T.);
#8460=ADVANCED_FACE('',(#7656),#8045,.T.);
#8461=ADVANCED_FACE('',(#7657),#8046,.T.);
#8462=CLOSED_SHELL('',(#8047,#8048,#8049,#8050,#8051,#8052,#8053,#8054,
#8055,#8056,#8057,#8058,#8059,#8060,#8061,#8062,#8063,#8064,#8065,#8066,
#8067,#8068,#8069,#8070,#8071,#8072,#8073,#8074,#8075,#8076,#8077,#8078,
#8079,#8080,#8081,#8082,#8083,#8084,#8085,#8086,#8087,#8088,#8089,#8090,
#8091,#8092,#8093,#8094,#8095,#8096,#8097,#8098,#8099,#8100,#8101,#8102,
#8103,#8104,#8105,#8106,#8107,#8108,#8109,#8110));
#8463=CLOSED_SHELL('',(#8111,#8112,#8113,#8114,#8115,#8116,#8117,#8118,
#8119,#8120));
#8464=CLOSED_SHELL('',(#8121,#8122,#8123,#8124,#8125,#8126,#8127,#8128,
#8129,#8130,#8131,#8132,#8133,#8134,#8135,#8136,#8137,#8138,#8139,#8140,
#8141,#8142,#8143,#8144,#8145,#8146,#8147,#8148,#8149,#8150,#8151,#8152,
#8153,#8154,#8155,#8156,#8157,#8158,#8159,#8160,#8161,#8162,#8163,#8164,
#8165,#8166,#8167,#8168,#8169,#8170,#8171,#8172,#8173,#8174,#8175,#8176,
#8177,#8178,#8179,#8180,#8181,#8182,#8183,#8184,#8185,#8186,#8187,#8188,
#8189,#8190,#8191,#8192,#8193,#8194,#8195,#8196,#8197,#8198,#8199,#8200,
#8201,#8202,#8203,#8204,#8205,#8206,#8207,#8208,#8209,#8210,#8211,#8212,
#8213,#8214,#8215,#8216,#8217,#8218,#8219,#8220,#8221,#8222,#8223,#8224,
#8225,#8226,#8227,#8228,#8229,#8230,#8231,#8232,#8233,#8234,#8235,#8236,
#8237,#8238,#8239,#8240,#8241,#8242,#8243,#8244,#8245,#8246,#8247,#8248,
#8249,#8250,#8251,#8252,#8253,#8254,#8255,#8256,#8257,#8258,#8259,#8260,
#8261,#8262,#8263,#8264,#8265,#8266,#8267,#8268,#8269,#8270,#8271,#8272,
#8273,#8274,#8275,#8276,#8277,#8278,#8279,#8280,#8281,#8282,#8283,#8284,
#8285,#8286,#8287,#8288,#8289,#8290,#8291,#8292,#8293,#8294,#8295,#8296,
#8297,#8298,#8299,#8300,#8301,#8302,#8303,#8304,#8305,#8306,#8307,#8308,
#8309,#8310,#8311,#8312,#8313,#8314,#8315,#8316,#8317,#8318,#8319,#8320,
#8321,#8322,#8323,#8324,#8325,#8326,#8327,#8328,#8329,#8330,#8331,#8332,
#8333,#8334,#8335,#8336,#8337,#8338,#8339,#8340,#8341,#8342,#8343,#8344,
#8345,#8346,#8347,#8348,#8349,#8350,#8351,#8352,#8353,#8354,#8355,#8356,
#8357,#8358,#8359,#8360,#8361,#8362,#8363,#8364,#8365,#8366,#8367,#8368,
#8369,#8370,#8371,#8372,#8373,#8374,#8375,#8376,#8377,#8378,#8379,#8380,
#8381,#8382,#8383,#8384,#8385,#8386,#8387,#8388,#8389,#8390,#8391,#8392,
#8393,#8394,#8395,#8396,#8397,#8398,#8399,#8400,#8401,#8402,#8403,#8404,
#8405,#8406,#8407,#8408,#8409,#8410,#8411,#8412,#8413,#8414,#8415,#8416,
#8417,#8418,#8419,#8420,#8421,#8422,#8423,#8424,#8425,#8426,#8427,#8428,
#8429,#8430,#8431,#8432,#8433,#8434,#8435,#8436,#8437,#8438,#8439,#8440,
#8441,#8442,#8443,#8444,#8445,#8446,#8447,#8448,#8449,#8450,#8451,#8452,
#8453,#8454,#8455,#8456,#8457,#8458,#8459,#8460,#8461));
#8465=STYLED_ITEM('',(#8468),#8488);
#8466=STYLED_ITEM('',(#8469),#8489);
#8467=STYLED_ITEM('',(#8470),#8490);
#8468=PRESENTATION_STYLE_ASSIGNMENT((#8471));
#8469=PRESENTATION_STYLE_ASSIGNMENT((#8472));
#8470=PRESENTATION_STYLE_ASSIGNMENT((#8473));
#8471=SURFACE_STYLE_USAGE(.BOTH.,#8474);
#8472=SURFACE_STYLE_USAGE(.BOTH.,#8475);
#8473=SURFACE_STYLE_USAGE(.BOTH.,#8476);
#8474=SURFACE_SIDE_STYLE('',(#8477));
#8475=SURFACE_SIDE_STYLE('',(#8478));
#8476=SURFACE_SIDE_STYLE('',(#8479));
#8477=SURFACE_STYLE_FILL_AREA(#8480);
#8478=SURFACE_STYLE_FILL_AREA(#8481);
#8479=SURFACE_STYLE_FILL_AREA(#8482);
#8480=FILL_AREA_STYLE('',(#8483));
#8481=FILL_AREA_STYLE('',(#8484));
#8482=FILL_AREA_STYLE('',(#8485));
#8483=FILL_AREA_STYLE_COLOUR('',#8486);
#8484=FILL_AREA_STYLE_COLOUR('',#8487);
#8485=FILL_AREA_STYLE_COLOUR('',#8487);
#8486=COLOUR_RGB('',0.768627450980392,0.886274509803922,0.952941176470588);
#8487=COLOUR_RGB('',0.615686274509804,0.811764705882353,0.929411764705882);
#8488=MANIFOLD_SOLID_BREP('Part 32',#8462);
#8489=MANIFOLD_SOLID_BREP('Part 34',#8463);
#8490=MANIFOLD_SOLID_BREP('Part 33',#8464);
#8491=SHAPE_DEFINITION_REPRESENTATION(#13470,#8495);
#8492=SHAPE_DEFINITION_REPRESENTATION(#13471,#8496);
#8493=SHAPE_DEFINITION_REPRESENTATION(#13473,#8497);
#8494=SHAPE_DEFINITION_REPRESENTATION(#13475,#8498);
#8495=SHAPE_REPRESENTATION('Assembly 1',(#8499,#8606,#8617,#8966),#13459);
#8496=SHAPE_REPRESENTATION('Part 32',(#8499),#13460);
#8497=SHAPE_REPRESENTATION('Part 34',(#8499),#13461);
#8498=SHAPE_REPRESENTATION('Part 33',(#8499),#13462);
#8499=AXIS2_PLACEMENT_3D('',#11048,#8967,#8968);
#8500=AXIS2_PLACEMENT_3D('',#11049,#8969,#8970);
#8501=AXIS2_PLACEMENT_3D('',#11050,#8971,#8972);
#8502=AXIS2_PLACEMENT_3D('',#11052,#8973,#8974);
#8503=AXIS2_PLACEMENT_3D('',#11054,#8975,#8976);
#8504=AXIS2_PLACEMENT_3D('',#11056,#8977,#8978);
#8505=AXIS2_PLACEMENT_3D('',#11061,#8980,#8981);
#8506=AXIS2_PLACEMENT_3D('',#11069,#8985,#8986);
#8507=AXIS2_PLACEMENT_3D('',#11094,#8999,#9000);
#8508=AXIS2_PLACEMENT_3D('',#11104,#9006,#9007);
#8509=AXIS2_PLACEMENT_3D('',#11114,#9013,#9014);
#8510=AXIS2_PLACEMENT_3D('',#11117,#9017,#9018);
#8511=AXIS2_PLACEMENT_3D('',#11118,#9019,#9020);
#8512=AXIS2_PLACEMENT_3D('',#11123,#9022,#9023);
#8513=AXIS2_PLACEMENT_3D('',#11127,#9025,#9026);
#8514=AXIS2_PLACEMENT_3D('',#11131,#9028,#9029);
#8515=AXIS2_PLACEMENT_3D('',#11139,#9034,#9035);
#8516=AXIS2_PLACEMENT_3D('',#11144,#9037,#9038);
#8517=AXIS2_PLACEMENT_3D('',#11148,#9040,#9041);
#8518=AXIS2_PLACEMENT_3D('',#11152,#9043,#9044);
#8519=AXIS2_PLACEMENT_3D('',#11155,#9046,#9047);
#8520=AXIS2_PLACEMENT_3D('',#11160,#9049,#9050);
#8521=AXIS2_PLACEMENT_3D('',#11164,#9052,#9053);
#8522=AXIS2_PLACEMENT_3D('',#11168,#9055,#9056);
#8523=AXIS2_PLACEMENT_3D('',#11171,#9058,#9059);
#8524=AXIS2_PLACEMENT_3D('',#11175,#9061,#9062);
#8525=AXIS2_PLACEMENT_3D('',#11179,#9064,#9065);
#8526=AXIS2_PLACEMENT_3D('',#11183,#9067,#9068);
#8527=AXIS2_PLACEMENT_3D('',#11187,#9070,#9071);
#8528=AXIS2_PLACEMENT_3D('',#11192,#9074,#9075);
#8529=AXIS2_PLACEMENT_3D('',#11196,#9077,#9078);
#8530=AXIS2_PLACEMENT_3D('',#11200,#9080,#9081);
#8531=AXIS2_PLACEMENT_3D('',#11204,#9083,#9084);
#8532=AXIS2_PLACEMENT_3D('',#11208,#9086,#9087);
#8533=AXIS2_PLACEMENT_3D('',#11212,#9089,#9090);
#8534=AXIS2_PLACEMENT_3D('',#11216,#9092,#9093);
#8535=AXIS2_PLACEMENT_3D('',#11220,#9095,#9096);
#8536=AXIS2_PLACEMENT_3D('',#11221,#9097,#9098);
#8537=AXIS2_PLACEMENT_3D('',#11230,#9103,#9104);
#8538=AXIS2_PLACEMENT_3D('',#11236,#9108,#9109);
#8539=AXIS2_PLACEMENT_3D('',#11242,#9113,#9114);
#8540=AXIS2_PLACEMENT_3D('',#11245,#9117,#9118);
#8541=AXIS2_PLACEMENT_3D('',#11254,#9123,#9124);
#8542=AXIS2_PLACEMENT_3D('',#11260,#9128,#9129);
#8543=AXIS2_PLACEMENT_3D('',#11266,#9133,#9134);
#8544=AXIS2_PLACEMENT_3D('',#11267,#9135,#9136);
#8545=AXIS2_PLACEMENT_3D('',#11268,#9137,#9138);
#8546=AXIS2_PLACEMENT_3D('',#11269,#9139,#9140);
#8547=AXIS2_PLACEMENT_3D('',#11270,#9141,#9142);
#8548=AXIS2_PLACEMENT_3D('',#11271,#9143,#9144);
#8549=AXIS2_PLACEMENT_3D('',#11272,#9145,#9146);
#8550=AXIS2_PLACEMENT_3D('',#11273,#9147,#9148);
#8551=AXIS2_PLACEMENT_3D('',#11274,#9149,#9150);
#8552=AXIS2_PLACEMENT_3D('',#11275,#9151,#9152);
#8553=AXIS2_PLACEMENT_3D('',#11276,#9153,#9154);
#8554=AXIS2_PLACEMENT_3D('',#11277,#9155,#9156);
#8555=AXIS2_PLACEMENT_3D('',#11278,#9157,#9158);
#8556=AXIS2_PLACEMENT_3D('',#11279,#9159,#9160);
#8557=AXIS2_PLACEMENT_3D('',#11280,#9161,#9162);
#8558=AXIS2_PLACEMENT_3D('',#11281,#9163,#9164);
#8559=AXIS2_PLACEMENT_3D('',#11282,#9165,#9166);
#8560=AXIS2_PLACEMENT_3D('',#11283,#9167,#9168);
#8561=AXIS2_PLACEMENT_3D('',#11286,#9171,#9172);
#8562=AXIS2_PLACEMENT_3D('',#11288,#9174,#9175);
#8563=AXIS2_PLACEMENT_3D('',#11290,#9177,#9178);
#8564=AXIS2_PLACEMENT_3D('',#11292,#9180,#9181);
#8565=AXIS2_PLACEMENT_3D('',#11294,#9183,#9184);
#8566=AXIS2_PLACEMENT_3D('',#11296,#9186,#9187);
#8567=AXIS2_PLACEMENT_3D('',#11298,#9189,#9190);
#8568=AXIS2_PLACEMENT_3D('',#11299,#9191,#9192);
#8569=AXIS2_PLACEMENT_3D('',#11302,#9195,#9196);
#8570=AXIS2_PLACEMENT_3D('',#11304,#9198,#9199);
#8571=AXIS2_PLACEMENT_3D('',#11306,#9201,#9202);
#8572=AXIS2_PLACEMENT_3D('',#11308,#9204,#9205);
#8573=AXIS2_PLACEMENT_3D('',#11310,#9207,#9208);
#8574=AXIS2_PLACEMENT_3D('',#11312,#9210,#9211);
#8575=AXIS2_PLACEMENT_3D('',#11314,#9213,#9214);
#8576=AXIS2_PLACEMENT_3D('',#11315,#9215,#9216);
#8577=AXIS2_PLACEMENT_3D('',#11318,#9219,#9220);
#8578=AXIS2_PLACEMENT_3D('',#11320,#9222,#9223);
#8579=AXIS2_PLACEMENT_3D('',#11322,#9225,#9226);
#8580=AXIS2_PLACEMENT_3D('',#11324,#9228,#9229);
#8581=AXIS2_PLACEMENT_3D('',#11326,#9231,#9232);
#8582=AXIS2_PLACEMENT_3D('',#11328,#9234,#9235);
#8583=AXIS2_PLACEMENT_3D('',#11330,#9237,#9238);
#8584=AXIS2_PLACEMENT_3D('',#11331,#9239,#9240);
#8585=AXIS2_PLACEMENT_3D('',#11349,#9250,#9251);
#8586=AXIS2_PLACEMENT_3D('',#11351,#9253,#9254);
#8587=AXIS2_PLACEMENT_3D('',#11353,#9256,#9257);
#8588=AXIS2_PLACEMENT_3D('',#11355,#9259,#9260);
#8589=AXIS2_PLACEMENT_3D('',#11357,#9262,#9263);
#8590=AXIS2_PLACEMENT_3D('',#11359,#9265,#9266);
#8591=AXIS2_PLACEMENT_3D('',#11361,#9268,#9269);
#8592=AXIS2_PLACEMENT_3D('',#11363,#9271,#9272);
#8593=AXIS2_PLACEMENT_3D('',#11365,#9274,#9275);
#8594=AXIS2_PLACEMENT_3D('',#11366,#9276,#9277);
#8595=AXIS2_PLACEMENT_3D('',#11367,#9278,#9279);
#8596=AXIS2_PLACEMENT_3D('',#11369,#9280,#9281);
#8597=AXIS2_PLACEMENT_3D('',#11370,#9282,#9283);
#8598=AXIS2_PLACEMENT_3D('',#11371,#9284,#9285);
#8599=AXIS2_PLACEMENT_3D('',#11373,#9286,#9287);
#8600=AXIS2_PLACEMENT_3D('',#11374,#9288,#9289);
#8601=AXIS2_PLACEMENT_3D('',#11375,#9290,#9291);
#8602=AXIS2_PLACEMENT_3D('',#11377,#9292,#9293);
#8603=AXIS2_PLACEMENT_3D('',#11378,#9294,#9295);
#8604=AXIS2_PLACEMENT_3D('',#11379,#9296,#9297);
#8605=AXIS2_PLACEMENT_3D('',#11381,#9298,#9299);
#8606=AXIS2_PLACEMENT_3D('',#11382,#9300,#9301);
#8607=AXIS2_PLACEMENT_3D('',#11383,#9302,#9303);
#8608=AXIS2_PLACEMENT_3D('',#11392,#9308,#9309);
#8609=AXIS2_PLACEMENT_3D('',#11398,#9313,#9314);
#8610=AXIS2_PLACEMENT_3D('',#11404,#9318,#9319);
#8611=AXIS2_PLACEMENT_3D('',#11413,#9324,#9325);
#8612=AXIS2_PLACEMENT_3D('',#11419,#9329,#9330);
#8613=AXIS2_PLACEMENT_3D('',#11425,#9334,#9335);
#8614=AXIS2_PLACEMENT_3D('',#11428,#9338,#9339);
#8615=AXIS2_PLACEMENT_3D('',#11431,#9342,#9343);
#8616=AXIS2_PLACEMENT_3D('',#11432,#9344,#9345);
#8617=AXIS2_PLACEMENT_3D('',#11433,#9346,#9347);
#8618=AXIS2_PLACEMENT_3D('',#11434,#9348,#9349);
#8619=AXIS2_PLACEMENT_3D('',#11447,#9356,#9357);
#8620=AXIS2_PLACEMENT_3D('',#11457,#9363,#9364);
#8621=AXIS2_PLACEMENT_3D('',#11458,#9365,#9366);
#8622=AXIS2_PLACEMENT_3D('',#11460,#9367,#9368);
#8623=AXIS2_PLACEMENT_3D('',#11465,#9370,#9371);
#8624=AXIS2_PLACEMENT_3D('',#11468,#9373,#9374);
#8625=AXIS2_PLACEMENT_3D('',#11722,#9503,#9504);
#8626=AXIS2_PLACEMENT_3D('',#11727,#9506,#9507);
#8627=AXIS2_PLACEMENT_3D('',#11742,#9515,#9516);
#8628=AXIS2_PLACEMENT_3D('',#11748,#9520,#9521);
#8629=AXIS2_PLACEMENT_3D('',#11752,#9524,#9525);
#8630=AXIS2_PLACEMENT_3D('',#11756,#9528,#9529);
#8631=AXIS2_PLACEMENT_3D('',#11760,#9532,#9533);
#8632=AXIS2_PLACEMENT_3D('',#11761,#9534,#9535);
#8633=AXIS2_PLACEMENT_3D('',#11766,#9538,#9539);
#8634=AXIS2_PLACEMENT_3D('',#11770,#9542,#9543);
#8635=AXIS2_PLACEMENT_3D('',#11771,#9544,#9545);
#8636=AXIS2_PLACEMENT_3D('',#11774,#9547,#9548);
#8637=AXIS2_PLACEMENT_3D('',#11778,#9551,#9552);
#8638=AXIS2_PLACEMENT_3D('',#11782,#9555,#9556);
#8639=AXIS2_PLACEMENT_3D('',#11784,#9558,#9559);
#8640=AXIS2_PLACEMENT_3D('',#11786,#9561,#9562);
#8641=AXIS2_PLACEMENT_3D('',#11788,#9564,#9565);
#8642=AXIS2_PLACEMENT_3D('',#11789,#9566,#9567);
#8643=AXIS2_PLACEMENT_3D('',#11793,#9570,#9571);
#8644=AXIS2_PLACEMENT_3D('',#11797,#9574,#9575);
#8645=AXIS2_PLACEMENT_3D('',#11801,#9578,#9579);
#8646=AXIS2_PLACEMENT_3D('',#11805,#9582,#9583);
#8647=AXIS2_PLACEMENT_3D('',#11809,#9586,#9587);
#8648=AXIS2_PLACEMENT_3D('',#11813,#9590,#9591);
#8649=AXIS2_PLACEMENT_3D('',#11817,#9594,#9595);
#8650=AXIS2_PLACEMENT_3D('',#11821,#9598,#9599);
#8651=AXIS2_PLACEMENT_3D('',#11825,#9602,#9603);
#8652=AXIS2_PLACEMENT_3D('',#11829,#9606,#9607);
#8653=AXIS2_PLACEMENT_3D('',#11833,#9610,#9611);
#8654=AXIS2_PLACEMENT_3D('',#11837,#9614,#9615);
#8655=AXIS2_PLACEMENT_3D('',#11841,#9618,#9619);
#8656=AXIS2_PLACEMENT_3D('',#11845,#9622,#9623);
#8657=AXIS2_PLACEMENT_3D('',#11849,#9626,#9627);
#8658=AXIS2_PLACEMENT_3D('',#11853,#9630,#9631);
#8659=AXIS2_PLACEMENT_3D('',#11855,#9633,#9634);
#8660=AXIS2_PLACEMENT_3D('',#11859,#9637,#9638);
#8661=AXIS2_PLACEMENT_3D('',#11863,#9641,#9642);
#8662=AXIS2_PLACEMENT_3D('',#11867,#9645,#9646);
#8663=AXIS2_PLACEMENT_3D('',#11871,#9649,#9650);
#8664=AXIS2_PLACEMENT_3D('',#11875,#9653,#9654);
#8665=AXIS2_PLACEMENT_3D('',#11879,#9657,#9658);
#8666=AXIS2_PLACEMENT_3D('',#11883,#9661,#9662);
#8667=AXIS2_PLACEMENT_3D('',#11887,#9665,#9666);
#8668=AXIS2_PLACEMENT_3D('',#11891,#9669,#9670);
#8669=AXIS2_PLACEMENT_3D('',#11895,#9673,#9674);
#8670=AXIS2_PLACEMENT_3D('',#11899,#9677,#9678);
#8671=AXIS2_PLACEMENT_3D('',#11903,#9681,#9682);
#8672=AXIS2_PLACEMENT_3D('',#11907,#9685,#9686);
#8673=AXIS2_PLACEMENT_3D('',#11911,#9689,#9690);
#8674=AXIS2_PLACEMENT_3D('',#11915,#9693,#9694);
#8675=AXIS2_PLACEMENT_3D('',#11919,#9697,#9698);
#8676=AXIS2_PLACEMENT_3D('',#11923,#9701,#9702);
#8677=AXIS2_PLACEMENT_3D('',#11927,#9705,#9706);
#8678=AXIS2_PLACEMENT_3D('',#11931,#9709,#9710);
#8679=AXIS2_PLACEMENT_3D('',#11935,#9713,#9714);
#8680=AXIS2_PLACEMENT_3D('',#11939,#9717,#9718);
#8681=AXIS2_PLACEMENT_3D('',#11943,#9721,#9722);
#8682=AXIS2_PLACEMENT_3D('',#11947,#9725,#9726);
#8683=AXIS2_PLACEMENT_3D('',#11951,#9729,#9730);
#8684=AXIS2_PLACEMENT_3D('',#11955,#9733,#9734);
#8685=AXIS2_PLACEMENT_3D('',#11959,#9737,#9738);
#8686=AXIS2_PLACEMENT_3D('',#11963,#9741,#9742);
#8687=AXIS2_PLACEMENT_3D('',#11967,#9745,#9746);
#8688=AXIS2_PLACEMENT_3D('',#11971,#9749,#9750);
#8689=AXIS2_PLACEMENT_3D('',#11975,#9753,#9754);
#8690=AXIS2_PLACEMENT_3D('',#11979,#9757,#9758);
#8691=AXIS2_PLACEMENT_3D('',#11983,#9761,#9762);
#8692=AXIS2_PLACEMENT_3D('',#11987,#9765,#9766);
#8693=AXIS2_PLACEMENT_3D('',#11991,#9769,#9770);
#8694=AXIS2_PLACEMENT_3D('',#11995,#9773,#9774);
#8695=AXIS2_PLACEMENT_3D('',#11999,#9777,#9778);
#8696=AXIS2_PLACEMENT_3D('',#12003,#9781,#9782);
#8697=AXIS2_PLACEMENT_3D('',#12007,#9785,#9786);
#8698=AXIS2_PLACEMENT_3D('',#12011,#9789,#9790);
#8699=AXIS2_PLACEMENT_3D('',#12015,#9793,#9794);
#8700=AXIS2_PLACEMENT_3D('',#12019,#9797,#9798);
#8701=AXIS2_PLACEMENT_3D('',#12023,#9801,#9802);
#8702=AXIS2_PLACEMENT_3D('',#12027,#9805,#9806);
#8703=AXIS2_PLACEMENT_3D('',#12031,#9809,#9810);
#8704=AXIS2_PLACEMENT_3D('',#12035,#9813,#9814);
#8705=AXIS2_PLACEMENT_3D('',#12039,#9817,#9818);
#8706=AXIS2_PLACEMENT_3D('',#12043,#9821,#9822);
#8707=AXIS2_PLACEMENT_3D('',#12047,#9825,#9826);
#8708=AXIS2_PLACEMENT_3D('',#12051,#9829,#9830);
#8709=AXIS2_PLACEMENT_3D('',#12055,#9833,#9834);
#8710=AXIS2_PLACEMENT_3D('',#12059,#9837,#9838);
#8711=AXIS2_PLACEMENT_3D('',#12063,#9841,#9842);
#8712=AXIS2_PLACEMENT_3D('',#12067,#9845,#9846);
#8713=AXIS2_PLACEMENT_3D('',#12071,#9849,#9850);
#8714=AXIS2_PLACEMENT_3D('',#12075,#9853,#9854);
#8715=AXIS2_PLACEMENT_3D('',#12079,#9857,#9858);
#8716=AXIS2_PLACEMENT_3D('',#12083,#9861,#9862);
#8717=AXIS2_PLACEMENT_3D('',#12087,#9865,#9866);
#8718=AXIS2_PLACEMENT_3D('',#12091,#9869,#9870);
#8719=AXIS2_PLACEMENT_3D('',#12095,#9873,#9874);
#8720=AXIS2_PLACEMENT_3D('',#12099,#9877,#9878);
#8721=AXIS2_PLACEMENT_3D('',#12103,#9881,#9882);
#8722=AXIS2_PLACEMENT_3D('',#12107,#9885,#9886);
#8723=AXIS2_PLACEMENT_3D('',#12111,#9889,#9890);
#8724=AXIS2_PLACEMENT_3D('',#12115,#9893,#9894);
#8725=AXIS2_PLACEMENT_3D('',#12119,#9897,#9898);
#8726=AXIS2_PLACEMENT_3D('',#12123,#9901,#9902);
#8727=AXIS2_PLACEMENT_3D('',#12127,#9905,#9906);
#8728=AXIS2_PLACEMENT_3D('',#12131,#9909,#9910);
#8729=AXIS2_PLACEMENT_3D('',#12135,#9913,#9914);
#8730=AXIS2_PLACEMENT_3D('',#12139,#9917,#9918);
#8731=AXIS2_PLACEMENT_3D('',#12143,#9921,#9922);
#8732=AXIS2_PLACEMENT_3D('',#12147,#9925,#9926);
#8733=AXIS2_PLACEMENT_3D('',#12151,#9929,#9930);
#8734=AXIS2_PLACEMENT_3D('',#12155,#9933,#9934);
#8735=AXIS2_PLACEMENT_3D('',#12159,#9937,#9938);
#8736=AXIS2_PLACEMENT_3D('',#12163,#9941,#9942);
#8737=AXIS2_PLACEMENT_3D('',#12167,#9945,#9946);
#8738=AXIS2_PLACEMENT_3D('',#12171,#9949,#9950);
#8739=AXIS2_PLACEMENT_3D('',#12175,#9953,#9954);
#8740=AXIS2_PLACEMENT_3D('',#12179,#9957,#9958);
#8741=AXIS2_PLACEMENT_3D('',#12183,#9961,#9962);
#8742=AXIS2_PLACEMENT_3D('',#12187,#9965,#9966);
#8743=AXIS2_PLACEMENT_3D('',#12191,#9969,#9970);
#8744=AXIS2_PLACEMENT_3D('',#12195,#9973,#9974);
#8745=AXIS2_PLACEMENT_3D('',#12199,#9977,#9978);
#8746=AXIS2_PLACEMENT_3D('',#12203,#9981,#9982);
#8747=AXIS2_PLACEMENT_3D('',#12207,#9985,#9986);
#8748=AXIS2_PLACEMENT_3D('',#12211,#9989,#9990);
#8749=AXIS2_PLACEMENT_3D('',#12215,#9993,#9994);
#8750=AXIS2_PLACEMENT_3D('',#12219,#9997,#9998);
#8751=AXIS2_PLACEMENT_3D('',#12223,#10001,#10002);
#8752=AXIS2_PLACEMENT_3D('',#12227,#10005,#10006);
#8753=AXIS2_PLACEMENT_3D('',#12231,#10009,#10010);
#8754=AXIS2_PLACEMENT_3D('',#12235,#10013,#10014);
#8755=AXIS2_PLACEMENT_3D('',#12239,#10017,#10018);
#8756=AXIS2_PLACEMENT_3D('',#12243,#10021,#10022);
#8757=AXIS2_PLACEMENT_3D('',#12247,#10025,#10026);
#8758=AXIS2_PLACEMENT_3D('',#12251,#10029,#10030);
#8759=AXIS2_PLACEMENT_3D('',#12255,#10033,#10034);
#8760=AXIS2_PLACEMENT_3D('',#12259,#10037,#10038);
#8761=AXIS2_PLACEMENT_3D('',#12263,#10041,#10042);
#8762=AXIS2_PLACEMENT_3D('',#12267,#10045,#10046);
#8763=AXIS2_PLACEMENT_3D('',#12271,#10049,#10050);
#8764=AXIS2_PLACEMENT_3D('',#12275,#10053,#10054);
#8765=AXIS2_PLACEMENT_3D('',#12279,#10057,#10058);
#8766=AXIS2_PLACEMENT_3D('',#12283,#10061,#10062);
#8767=AXIS2_PLACEMENT_3D('',#12287,#10065,#10066);
#8768=AXIS2_PLACEMENT_3D('',#12296,#10071,#10072);
#8769=AXIS2_PLACEMENT_3D('',#12302,#10076,#10077);
#8770=AXIS2_PLACEMENT_3D('',#12308,#10081,#10082);
#8771=AXIS2_PLACEMENT_3D('',#12314,#10086,#10087);
#8772=AXIS2_PLACEMENT_3D('',#12320,#10091,#10092);
#8773=AXIS2_PLACEMENT_3D('',#12326,#10096,#10097);
#8774=AXIS2_PLACEMENT_3D('',#12332,#10101,#10102);
#8775=AXIS2_PLACEMENT_3D('',#12338,#10106,#10107);
#8776=AXIS2_PLACEMENT_3D('',#12344,#10111,#10112);
#8777=AXIS2_PLACEMENT_3D('',#12350,#10116,#10117);
#8778=AXIS2_PLACEMENT_3D('',#12356,#10121,#10122);
#8779=AXIS2_PLACEMENT_3D('',#12362,#10126,#10127);
#8780=AXIS2_PLACEMENT_3D('',#12368,#10131,#10132);
#8781=AXIS2_PLACEMENT_3D('',#12374,#10136,#10137);
#8782=AXIS2_PLACEMENT_3D('',#12380,#10141,#10142);
#8783=AXIS2_PLACEMENT_3D('',#12386,#10146,#10147);
#8784=AXIS2_PLACEMENT_3D('',#12392,#10151,#10152);
#8785=AXIS2_PLACEMENT_3D('',#12398,#10156,#10157);
#8786=AXIS2_PLACEMENT_3D('',#12404,#10161,#10162);
#8787=AXIS2_PLACEMENT_3D('',#12410,#10166,#10167);
#8788=AXIS2_PLACEMENT_3D('',#12416,#10171,#10172);
#8789=AXIS2_PLACEMENT_3D('',#12422,#10176,#10177);
#8790=AXIS2_PLACEMENT_3D('',#12428,#10181,#10182);
#8791=AXIS2_PLACEMENT_3D('',#12434,#10186,#10187);
#8792=AXIS2_PLACEMENT_3D('',#12440,#10191,#10192);
#8793=AXIS2_PLACEMENT_3D('',#12446,#10196,#10197);
#8794=AXIS2_PLACEMENT_3D('',#12452,#10201,#10202);
#8795=AXIS2_PLACEMENT_3D('',#12458,#10206,#10207);
#8796=AXIS2_PLACEMENT_3D('',#12464,#10211,#10212);
#8797=AXIS2_PLACEMENT_3D('',#12470,#10216,#10217);
#8798=AXIS2_PLACEMENT_3D('',#12476,#10221,#10222);
#8799=AXIS2_PLACEMENT_3D('',#12482,#10226,#10227);
#8800=AXIS2_PLACEMENT_3D('',#12488,#10231,#10232);
#8801=AXIS2_PLACEMENT_3D('',#12494,#10236,#10237);
#8802=AXIS2_PLACEMENT_3D('',#12500,#10241,#10242);
#8803=AXIS2_PLACEMENT_3D('',#12506,#10246,#10247);
#8804=AXIS2_PLACEMENT_3D('',#12512,#10251,#10252);
#8805=AXIS2_PLACEMENT_3D('',#12518,#10256,#10257);
#8806=AXIS2_PLACEMENT_3D('',#12524,#10261,#10262);
#8807=AXIS2_PLACEMENT_3D('',#12530,#10266,#10267);
#8808=AXIS2_PLACEMENT_3D('',#12536,#10271,#10272);
#8809=AXIS2_PLACEMENT_3D('',#12542,#10276,#10277);
#8810=AXIS2_PLACEMENT_3D('',#12548,#10281,#10282);
#8811=AXIS2_PLACEMENT_3D('',#12554,#10286,#10287);
#8812=AXIS2_PLACEMENT_3D('',#12560,#10291,#10292);
#8813=AXIS2_PLACEMENT_3D('',#12566,#10296,#10297);
#8814=AXIS2_PLACEMENT_3D('',#12572,#10301,#10302);
#8815=AXIS2_PLACEMENT_3D('',#12578,#10306,#10307);
#8816=AXIS2_PLACEMENT_3D('',#12584,#10311,#10312);
#8817=AXIS2_PLACEMENT_3D('',#12590,#10316,#10317);
#8818=AXIS2_PLACEMENT_3D('',#12596,#10321,#10322);
#8819=AXIS2_PLACEMENT_3D('',#12602,#10326,#10327);
#8820=AXIS2_PLACEMENT_3D('',#12608,#10331,#10332);
#8821=AXIS2_PLACEMENT_3D('',#12614,#10336,#10337);
#8822=AXIS2_PLACEMENT_3D('',#12620,#10341,#10342);
#8823=AXIS2_PLACEMENT_3D('',#12626,#10346,#10347);
#8824=AXIS2_PLACEMENT_3D('',#12632,#10351,#10352);
#8825=AXIS2_PLACEMENT_3D('',#12638,#10356,#10357);
#8826=AXIS2_PLACEMENT_3D('',#12644,#10361,#10362);
#8827=AXIS2_PLACEMENT_3D('',#12650,#10366,#10367);
#8828=AXIS2_PLACEMENT_3D('',#12656,#10371,#10372);
#8829=AXIS2_PLACEMENT_3D('',#12662,#10376,#10377);
#8830=AXIS2_PLACEMENT_3D('',#12668,#10381,#10382);
#8831=AXIS2_PLACEMENT_3D('',#12674,#10386,#10387);
#8832=AXIS2_PLACEMENT_3D('',#12680,#10391,#10392);
#8833=AXIS2_PLACEMENT_3D('',#12689,#10397,#10398);
#8834=AXIS2_PLACEMENT_3D('',#12695,#10402,#10403);
#8835=AXIS2_PLACEMENT_3D('',#12701,#10407,#10408);
#8836=AXIS2_PLACEMENT_3D('',#12707,#10412,#10413);
#8837=AXIS2_PLACEMENT_3D('',#12713,#10417,#10418);
#8838=AXIS2_PLACEMENT_3D('',#12719,#10422,#10423);
#8839=AXIS2_PLACEMENT_3D('',#12725,#10427,#10428);
#8840=AXIS2_PLACEMENT_3D('',#12731,#10432,#10433);
#8841=AXIS2_PLACEMENT_3D('',#12737,#10437,#10438);
#8842=AXIS2_PLACEMENT_3D('',#12743,#10442,#10443);
#8843=AXIS2_PLACEMENT_3D('',#12749,#10447,#10448);
#8844=AXIS2_PLACEMENT_3D('',#12755,#10452,#10453);
#8845=AXIS2_PLACEMENT_3D('',#12761,#10457,#10458);
#8846=AXIS2_PLACEMENT_3D('',#12767,#10462,#10463);
#8847=AXIS2_PLACEMENT_3D('',#12773,#10467,#10468);
#8848=AXIS2_PLACEMENT_3D('',#12779,#10472,#10473);
#8849=AXIS2_PLACEMENT_3D('',#12785,#10477,#10478);
#8850=AXIS2_PLACEMENT_3D('',#12791,#10482,#10483);
#8851=AXIS2_PLACEMENT_3D('',#12797,#10487,#10488);
#8852=AXIS2_PLACEMENT_3D('',#12803,#10492,#10493);
#8853=AXIS2_PLACEMENT_3D('',#12809,#10497,#10498);
#8854=AXIS2_PLACEMENT_3D('',#12815,#10502,#10503);
#8855=AXIS2_PLACEMENT_3D('',#12821,#10507,#10508);
#8856=AXIS2_PLACEMENT_3D('',#12827,#10512,#10513);
#8857=AXIS2_PLACEMENT_3D('',#12833,#10517,#10518);
#8858=AXIS2_PLACEMENT_3D('',#12839,#10522,#10523);
#8859=AXIS2_PLACEMENT_3D('',#12845,#10527,#10528);
#8860=AXIS2_PLACEMENT_3D('',#12851,#10532,#10533);
#8861=AXIS2_PLACEMENT_3D('',#12857,#10537,#10538);
#8862=AXIS2_PLACEMENT_3D('',#12863,#10542,#10543);
#8863=AXIS2_PLACEMENT_3D('',#12869,#10547,#10548);
#8864=AXIS2_PLACEMENT_3D('',#12875,#10552,#10553);
#8865=AXIS2_PLACEMENT_3D('',#12881,#10557,#10558);
#8866=AXIS2_PLACEMENT_3D('',#12887,#10562,#10563);
#8867=AXIS2_PLACEMENT_3D('',#12893,#10567,#10568);
#8868=AXIS2_PLACEMENT_3D('',#12899,#10572,#10573);
#8869=AXIS2_PLACEMENT_3D('',#12905,#10577,#10578);
#8870=AXIS2_PLACEMENT_3D('',#12911,#10582,#10583);
#8871=AXIS2_PLACEMENT_3D('',#12917,#10587,#10588);
#8872=AXIS2_PLACEMENT_3D('',#12923,#10592,#10593);
#8873=AXIS2_PLACEMENT_3D('',#12929,#10597,#10598);
#8874=AXIS2_PLACEMENT_3D('',#12935,#10602,#10603);
#8875=AXIS2_PLACEMENT_3D('',#12941,#10607,#10608);
#8876=AXIS2_PLACEMENT_3D('',#12947,#10612,#10613);
#8877=AXIS2_PLACEMENT_3D('',#12953,#10617,#10618);
#8878=AXIS2_PLACEMENT_3D('',#12959,#10622,#10623);
#8879=AXIS2_PLACEMENT_3D('',#12965,#10627,#10628);
#8880=AXIS2_PLACEMENT_3D('',#12971,#10632,#10633);
#8881=AXIS2_PLACEMENT_3D('',#12977,#10637,#10638);
#8882=AXIS2_PLACEMENT_3D('',#12983,#10642,#10643);
#8883=AXIS2_PLACEMENT_3D('',#12989,#10647,#10648);
#8884=AXIS2_PLACEMENT_3D('',#12995,#10652,#10653);
#8885=AXIS2_PLACEMENT_3D('',#13001,#10657,#10658);
#8886=AXIS2_PLACEMENT_3D('',#13007,#10662,#10663);
#8887=AXIS2_PLACEMENT_3D('',#13013,#10667,#10668);
#8888=AXIS2_PLACEMENT_3D('',#13019,#10672,#10673);
#8889=AXIS2_PLACEMENT_3D('',#13025,#10677,#10678);
#8890=AXIS2_PLACEMENT_3D('',#13031,#10682,#10683);
#8891=AXIS2_PLACEMENT_3D('',#13037,#10687,#10688);
#8892=AXIS2_PLACEMENT_3D('',#13043,#10692,#10693);
#8893=AXIS2_PLACEMENT_3D('',#13049,#10697,#10698);
#8894=AXIS2_PLACEMENT_3D('',#13055,#10702,#10703);
#8895=AXIS2_PLACEMENT_3D('',#13061,#10707,#10708);
#8896=AXIS2_PLACEMENT_3D('',#13070,#10713,#10714);
#8897=AXIS2_PLACEMENT_3D('',#13076,#10718,#10719);
#8898=AXIS2_PLACEMENT_3D('',#13082,#10723,#10724);
#8899=AXIS2_PLACEMENT_3D('',#13088,#10728,#10729);
#8900=AXIS2_PLACEMENT_3D('',#13094,#10733,#10734);
#8901=AXIS2_PLACEMENT_3D('',#13100,#10738,#10739);
#8902=AXIS2_PLACEMENT_3D('',#13106,#10743,#10744);
#8903=AXIS2_PLACEMENT_3D('',#13112,#10748,#10749);
#8904=AXIS2_PLACEMENT_3D('',#13118,#10753,#10754);
#8905=AXIS2_PLACEMENT_3D('',#13124,#10758,#10759);
#8906=AXIS2_PLACEMENT_3D('',#13130,#10763,#10764);
#8907=AXIS2_PLACEMENT_3D('',#13136,#10768,#10769);
#8908=AXIS2_PLACEMENT_3D('',#13142,#10773,#10774);
#8909=AXIS2_PLACEMENT_3D('',#13148,#10778,#10779);
#8910=AXIS2_PLACEMENT_3D('',#13154,#10783,#10784);
#8911=AXIS2_PLACEMENT_3D('',#13160,#10788,#10789);
#8912=AXIS2_PLACEMENT_3D('',#13166,#10793,#10794);
#8913=AXIS2_PLACEMENT_3D('',#13172,#10798,#10799);
#8914=AXIS2_PLACEMENT_3D('',#13178,#10803,#10804);
#8915=AXIS2_PLACEMENT_3D('',#13184,#10808,#10809);
#8916=AXIS2_PLACEMENT_3D('',#13190,#10813,#10814);
#8917=AXIS2_PLACEMENT_3D('',#13196,#10818,#10819);
#8918=AXIS2_PLACEMENT_3D('',#13202,#10823,#10824);
#8919=AXIS2_PLACEMENT_3D('',#13208,#10828,#10829);
#8920=AXIS2_PLACEMENT_3D('',#13214,#10833,#10834);
#8921=AXIS2_PLACEMENT_3D('',#13220,#10838,#10839);
#8922=AXIS2_PLACEMENT_3D('',#13226,#10843,#10844);
#8923=AXIS2_PLACEMENT_3D('',#13232,#10848,#10849);
#8924=AXIS2_PLACEMENT_3D('',#13238,#10853,#10854);
#8925=AXIS2_PLACEMENT_3D('',#13244,#10858,#10859);
#8926=AXIS2_PLACEMENT_3D('',#13250,#10863,#10864);
#8927=AXIS2_PLACEMENT_3D('',#13256,#10868,#10869);
#8928=AXIS2_PLACEMENT_3D('',#13262,#10873,#10874);
#8929=AXIS2_PLACEMENT_3D('',#13268,#10878,#10879);
#8930=AXIS2_PLACEMENT_3D('',#13274,#10883,#10884);
#8931=AXIS2_PLACEMENT_3D('',#13280,#10888,#10889);
#8932=AXIS2_PLACEMENT_3D('',#13286,#10893,#10894);
#8933=AXIS2_PLACEMENT_3D('',#13292,#10898,#10899);
#8934=AXIS2_PLACEMENT_3D('',#13298,#10903,#10904);
#8935=AXIS2_PLACEMENT_3D('',#13304,#10908,#10909);
#8936=AXIS2_PLACEMENT_3D('',#13310,#10913,#10914);
#8937=AXIS2_PLACEMENT_3D('',#13316,#10918,#10919);
#8938=AXIS2_PLACEMENT_3D('',#13322,#10923,#10924);
#8939=AXIS2_PLACEMENT_3D('',#13328,#10928,#10929);
#8940=AXIS2_PLACEMENT_3D('',#13334,#10933,#10934);
#8941=AXIS2_PLACEMENT_3D('',#13340,#10938,#10939);
#8942=AXIS2_PLACEMENT_3D('',#13346,#10943,#10944);
#8943=AXIS2_PLACEMENT_3D('',#13352,#10948,#10949);
#8944=AXIS2_PLACEMENT_3D('',#13358,#10953,#10954);
#8945=AXIS2_PLACEMENT_3D('',#13364,#10958,#10959);
#8946=AXIS2_PLACEMENT_3D('',#13370,#10963,#10964);
#8947=AXIS2_PLACEMENT_3D('',#13376,#10968,#10969);
#8948=AXIS2_PLACEMENT_3D('',#13382,#10973,#10974);
#8949=AXIS2_PLACEMENT_3D('',#13388,#10978,#10979);
#8950=AXIS2_PLACEMENT_3D('',#13394,#10983,#10984);
#8951=AXIS2_PLACEMENT_3D('',#13400,#10988,#10989);
#8952=AXIS2_PLACEMENT_3D('',#13406,#10993,#10994);
#8953=AXIS2_PLACEMENT_3D('',#13412,#10998,#10999);
#8954=AXIS2_PLACEMENT_3D('',#13418,#11003,#11004);
#8955=AXIS2_PLACEMENT_3D('',#13424,#11008,#11009);
#8956=AXIS2_PLACEMENT_3D('',#13430,#11013,#11014);
#8957=AXIS2_PLACEMENT_3D('',#13436,#11018,#11019);
#8958=AXIS2_PLACEMENT_3D('',#13442,#11023,#11024);
#8959=AXIS2_PLACEMENT_3D('',#13445,#11027,#11028);
#8960=AXIS2_PLACEMENT_3D('',#13448,#11031,#11032);
#8961=AXIS2_PLACEMENT_3D('',#13451,#11035,#11036);
#8962=AXIS2_PLACEMENT_3D('',#13453,#11038,#11039);
#8963=AXIS2_PLACEMENT_3D('',#13454,#11040,#11041);
#8964=AXIS2_PLACEMENT_3D('',#13455,#11042,#11043);
#8965=AXIS2_PLACEMENT_3D('',#13456,#11044,#11045);
#8966=AXIS2_PLACEMENT_3D('',#13457,#11046,#11047);
#8967=DIRECTION('',(0.,0.,1.));
#8968=DIRECTION('',(1.,0.,0.));
#8969=DIRECTION('',(0.,-1.,0.));
#8970=DIRECTION('',(1.,0.,0.));
#8971=DIRECTION('',(0.,-1.,0.));
#8972=DIRECTION('',(0.,0.,-1.));
#8973=DIRECTION('',(0.,-1.,0.));
#8974=DIRECTION('',(0.,0.,-1.));
#8975=DIRECTION('',(0.,-1.,0.));
#8976=DIRECTION('',(0.,0.,-1.));
#8977=DIRECTION('',(0.,-1.,0.));
#8978=DIRECTION('',(0.,0.,-1.));
#8979=DIRECTION('',(-1.,0.,0.));
#8980=DIRECTION('',(0.,-1.,0.));
#8981=DIRECTION('',(0.,0.,-1.));
#8982=DIRECTION('',(1.38777878078144E-16,0.,-1.));
#8983=DIRECTION('',(-1.,0.,0.));
#8984=DIRECTION('',(1.38777878078144E-16,0.,-1.));
#8985=DIRECTION('',(0.,-1.,0.));
#8986=DIRECTION('',(0.,0.,-1.));
#8987=DIRECTION('',(0.,0.,1.));
#8988=DIRECTION('',(1.,0.,0.));
#8989=DIRECTION('',(0.,0.,-1.));
#8990=DIRECTION('',(-1.,0.,0.));
#8991=DIRECTION('',(0.,0.,-1.));
#8992=DIRECTION('',(1.,0.,0.));
#8993=DIRECTION('',(0.,0.,-1.));
#8994=DIRECTION('',(-1.,0.,0.));
#8995=DIRECTION('',(0.,0.,-1.));
#8996=DIRECTION('',(-1.,0.,0.));
#8997=DIRECTION('',(0.,0.,1.));
#8998=DIRECTION('',(-1.,0.,0.));
#8999=DIRECTION('',(-1.,0.,0.));
#9000=DIRECTION('',(0.,0.,1.));
#9001=DIRECTION('',(0.,0.,1.));
#9002=DIRECTION('',(0.,-1.,0.));
#9003=DIRECTION('',(0.,-1.,0.));
#9004=DIRECTION('',(0.,0.,-1.));
#9005=DIRECTION('',(0.,-1.,0.));
#9006=DIRECTION('',(-1.,0.,0.));
#9007=DIRECTION('',(0.,0.,1.));
#9008=DIRECTION('',(0.,-1.,0.));
#9009=DIRECTION('',(0.,0.,1.));
#9010=DIRECTION('',(0.,-1.,0.));
#9011=DIRECTION('',(0.,0.,-1.));
#9012=DIRECTION('',(0.,-1.,0.));
#9013=DIRECTION('',(0.,0.,1.));
#9014=DIRECTION('',(1.,0.,0.));
#9015=DIRECTION('',(1.,0.,0.));
#9016=DIRECTION('',(-1.,0.,0.));
#9017=DIRECTION('',(0.,0.,-1.));
#9018=DIRECTION('',(-1.,0.,0.));
#9019=DIRECTION('',(0.,0.,1.));
#9020=DIRECTION('',(1.,0.,0.));
#9021=DIRECTION('',(6.67201336914157E-17,-1.,0.));
#9022=DIRECTION('',(0.,0.,1.));
#9023=DIRECTION('',(1.,0.,0.));
#9024=DIRECTION('',(-1.,0.,0.));
#9025=DIRECTION('',(0.,0.,1.));
#9026=DIRECTION('',(1.,0.,0.));
#9027=DIRECTION('',(0.,-1.,0.));
#9028=DIRECTION('',(0.,0.,1.));
#9029=DIRECTION('',(1.,0.,0.));
#9030=DIRECTION('',(-1.,0.,0.));
#9031=DIRECTION('',(-1.,0.,0.));
#9032=DIRECTION('',(0.,1.,0.));
#9033=DIRECTION('',(0.,1.,0.));
#9034=DIRECTION('',(0.,0.,1.));
#9035=DIRECTION('',(1.,0.,0.));
#9036=DIRECTION('',(0.,-1.,0.));
#9037=DIRECTION('',(0.,0.,1.));
#9038=DIRECTION('',(1.,0.,0.));
#9039=DIRECTION('',(-1.,0.,0.));
#9040=DIRECTION('',(0.,0.,1.));
#9041=DIRECTION('',(1.,0.,0.));
#9042=DIRECTION('',(0.,-1.,0.));
#9043=DIRECTION('',(0.,0.,1.));
#9044=DIRECTION('',(1.,0.,0.));
#9045=DIRECTION('',(-1.,0.,0.));
#9046=DIRECTION('',(0.,0.,1.));
#9047=DIRECTION('',(1.,0.,0.));
#9048=DIRECTION('',(0.,-1.,0.));
#9049=DIRECTION('',(0.,0.,1.));
#9050=DIRECTION('',(1.,0.,0.));
#9051=DIRECTION('',(-1.,0.,0.));
#9052=DIRECTION('',(0.,0.,1.));
#9053=DIRECTION('',(1.,0.,0.));
#9054=DIRECTION('',(0.,-1.,0.));
#9055=DIRECTION('',(0.,0.,1.));
#9056=DIRECTION('',(1.,0.,0.));
#9057=DIRECTION('',(-1.,0.,0.));
#9058=DIRECTION('',(0.,0.,1.));
#9059=DIRECTION('',(1.,0.,0.));
#9060=DIRECTION('',(6.67201336914157E-17,-1.,0.));
#9061=DIRECTION('',(0.,0.,1.));
#9062=DIRECTION('',(1.,0.,0.));
#9063=DIRECTION('',(-1.,0.,0.));
#9064=DIRECTION('',(0.,0.,1.));
#9065=DIRECTION('',(1.,0.,0.));
#9066=DIRECTION('',(0.,-1.,0.));
#9067=DIRECTION('',(0.,0.,1.));
#9068=DIRECTION('',(1.,0.,0.));
#9069=DIRECTION('',(-1.,0.,0.));
#9070=DIRECTION('',(0.,0.,1.));
#9071=DIRECTION('',(1.,0.,0.));
#9072=DIRECTION('',(-1.,0.,0.));
#9073=DIRECTION('',(0.,-1.,0.));
#9074=DIRECTION('',(0.,0.,1.));
#9075=DIRECTION('',(1.,0.,0.));
#9076=DIRECTION('',(-1.,0.,0.));
#9077=DIRECTION('',(0.,0.,1.));
#9078=DIRECTION('',(1.,0.,0.));
#9079=DIRECTION('',(0.,-1.,0.));
#9080=DIRECTION('',(0.,0.,1.));
#9081=DIRECTION('',(1.,0.,0.));
#9082=DIRECTION('',(-1.,0.,0.));
#9083=DIRECTION('',(0.,0.,1.));
#9084=DIRECTION('',(1.,0.,0.));
#9085=DIRECTION('',(0.,-1.,0.));
#9086=DIRECTION('',(0.,0.,1.));
#9087=DIRECTION('',(1.,0.,0.));
#9088=DIRECTION('',(-1.,0.,0.));
#9089=DIRECTION('',(0.,0.,1.));
#9090=DIRECTION('',(1.,0.,0.));
#9091=DIRECTION('',(0.,-1.,0.));
#9092=DIRECTION('',(0.,0.,1.));
#9093=DIRECTION('',(1.,0.,0.));
#9094=DIRECTION('',(-1.,0.,0.));
#9095=DIRECTION('',(0.,0.,1.));
#9096=DIRECTION('',(1.,0.,0.));
#9097=DIRECTION('',(-1.,0.,0.));
#9098=DIRECTION('',(0.,0.,1.));
#9099=DIRECTION('',(0.,-1.,0.));
#9100=DIRECTION('',(0.,0.,-1.));
#9101=DIRECTION('',(0.,-1.,0.));
#9102=DIRECTION('',(0.,0.,-1.));
#9103=DIRECTION('',(-1.59514802388672E-16,0.,1.));
#9104=DIRECTION('',(1.,0.,1.59514802388672E-16));
#9105=DIRECTION('',(-1.,0.,-1.59514802388672E-16));
#9106=DIRECTION('',(0.,-1.,0.));
#9107=DIRECTION('',(-1.,0.,-1.59514802388672E-16));
#9108=DIRECTION('',(-1.,0.,0.));
#9109=DIRECTION('',(0.,0.,1.));
#9110=DIRECTION('',(0.,0.,-1.));
#9111=DIRECTION('',(0.,-1.,0.));
#9112=DIRECTION('',(0.,0.,-1.));
#9113=DIRECTION('',(-1.59514802388672E-16,0.,1.));
#9114=DIRECTION('',(1.,0.,1.59514802388672E-16));
#9115=DIRECTION('',(-1.,0.,-1.59514802388672E-16));
#9116=DIRECTION('',(-1.,0.,-1.59514802388672E-16));
#9117=DIRECTION('',(0.,-1.,0.));
#9118=DIRECTION('',(1.,0.,0.));
#9119=DIRECTION('',(-1.,0.,0.));
#9120=DIRECTION('',(1.38777878078144E-16,0.,-1.));
#9121=DIRECTION('',(-1.,0.,0.));
#9122=DIRECTION('',(1.38777878078144E-16,0.,-1.));
#9123=DIRECTION('',(1.,0.,1.38777878078144E-16));
#9124=DIRECTION('',(1.38777878078144E-16,0.,-1.));
#9125=DIRECTION('',(0.,1.,0.));
#9126=DIRECTION('',(1.38777878078144E-16,0.,-1.));
#9127=DIRECTION('',(0.,1.,0.));
#9128=DIRECTION('',(1.,0.,1.38777878078144E-16));
#9129=DIRECTION('',(1.38777878078144E-16,0.,-1.));
#9130=DIRECTION('',(0.,1.,0.));
#9131=DIRECTION('',(1.38777878078144E-16,0.,-1.));
#9132=DIRECTION('',(0.,1.,0.));
#9133=DIRECTION('',(0.,0.,-1.));
#9134=DIRECTION('',(-1.,0.,0.));
#9135=DIRECTION('',(0.,0.,-1.));
#9136=DIRECTION('',(-1.,0.,0.));
#9137=DIRECTION('',(0.,0.,-1.));
#9138=DIRECTION('',(-1.,0.,0.));
#9139=DIRECTION('',(0.,-1.,0.));
#9140=DIRECTION('',(1.,0.,0.));
#9141=DIRECTION('',(-1.38777878078144E-16,0.,1.));
#9142=DIRECTION('',(1.,0.,1.38777878078144E-16));
#9143=DIRECTION('',(0.,0.,1.));
#9144=DIRECTION('',(1.,0.,0.));
#9145=DIRECTION('',(0.,-1.,0.));
#9146=DIRECTION('',(0.,0.,-1.));
#9147=DIRECTION('',(-8.67361737988403E-16,1.,0.));
#9148=DIRECTION('',(-1.,-8.67361737988403E-16,0.));
#9149=DIRECTION('',(1.,0.,0.));
#9150=DIRECTION('',(0.,0.,-1.));
#9151=DIRECTION('',(1.,0.,0.));
#9152=DIRECTION('',(0.,0.,-1.));
#9153=DIRECTION('',(1.38777878078144E-16,0.,-1.));
#9154=DIRECTION('',(-1.,0.,-1.38777878078144E-16));
#9155=DIRECTION('',(0.,0.,1.));
#9156=DIRECTION('',(1.,0.,0.));
#9157=DIRECTION('',(-1.,0.,0.));
#9158=DIRECTION('',(0.,0.,1.));
#9159=DIRECTION('',(-1.,0.,0.));
#9160=DIRECTION('',(0.,0.,1.));
#9161=DIRECTION('',(0.,1.,0.));
#9162=DIRECTION('',(0.,0.,1.));
#9163=DIRECTION('',(0.,1.,0.));
#9164=DIRECTION('',(0.,0.,1.));
#9165=DIRECTION('',(0.,1.,0.));
#9166=DIRECTION('',(0.,0.,1.));
#9167=DIRECTION('',(-1.,0.,0.));
#9168=DIRECTION('',(0.,0.,1.));
#9169=DIRECTION('',(0.,0.,1.));
#9170=DIRECTION('',(0.,0.,1.));
#9171=DIRECTION('',(0.,0.,1.));
#9172=DIRECTION('',(1.,0.,0.));
#9173=DIRECTION('',(0.,0.,1.));
#9174=DIRECTION('',(0.,1.,0.));
#9175=DIRECTION('',(0.,0.,1.));
#9176=DIRECTION('',(0.,0.,1.));
#9177=DIRECTION('',(0.,0.,1.));
#9178=DIRECTION('',(1.,0.,0.));
#9179=DIRECTION('',(0.,0.,1.));
#9180=DIRECTION('',(-1.,0.,0.));
#9181=DIRECTION('',(0.,0.,1.));
#9182=DIRECTION('',(0.,0.,1.));
#9183=DIRECTION('',(0.,0.,1.));
#9184=DIRECTION('',(1.,0.,0.));
#9185=DIRECTION('',(0.,0.,1.));
#9186=DIRECTION('',(0.,1.,0.));
#9187=DIRECTION('',(0.,0.,1.));
#9188=DIRECTION('',(0.,0.,1.));
#9189=DIRECTION('',(0.,0.,1.));
#9190=DIRECTION('',(1.,0.,0.));
#9191=DIRECTION('',(-1.,-6.67201336914157E-17,0.));
#9192=DIRECTION('',(6.67201336914157E-17,-1.,0.));
#9193=DIRECTION('',(0.,0.,1.));
#9194=DIRECTION('',(0.,0.,1.));
#9195=DIRECTION('',(0.,0.,1.));
#9196=DIRECTION('',(1.,0.,0.));
#9197=DIRECTION('',(0.,0.,1.));
#9198=DIRECTION('',(0.,1.,0.));
#9199=DIRECTION('',(0.,0.,1.));
#9200=DIRECTION('',(0.,0.,1.));
#9201=DIRECTION('',(0.,0.,1.));
#9202=DIRECTION('',(1.,0.,0.));
#9203=DIRECTION('',(0.,0.,1.));
#9204=DIRECTION('',(-1.,0.,0.));
#9205=DIRECTION('',(0.,0.,1.));
#9206=DIRECTION('',(0.,0.,1.));
#9207=DIRECTION('',(0.,0.,1.));
#9208=DIRECTION('',(1.,0.,0.));
#9209=DIRECTION('',(0.,0.,1.));
#9210=DIRECTION('',(0.,1.,0.));
#9211=DIRECTION('',(0.,0.,1.));
#9212=DIRECTION('',(0.,0.,1.));
#9213=DIRECTION('',(0.,0.,1.));
#9214=DIRECTION('',(1.,0.,0.));
#9215=DIRECTION('',(-1.,0.,0.));
#9216=DIRECTION('',(0.,0.,1.));
#9217=DIRECTION('',(0.,0.,1.));
#9218=DIRECTION('',(0.,0.,1.));
#9219=DIRECTION('',(0.,0.,1.));
#9220=DIRECTION('',(1.,0.,0.));
#9221=DIRECTION('',(0.,0.,1.));
#9222=DIRECTION('',(0.,1.,0.));
#9223=DIRECTION('',(0.,0.,1.));
#9224=DIRECTION('',(0.,0.,1.));
#9225=DIRECTION('',(0.,0.,1.));
#9226=DIRECTION('',(1.,0.,0.));
#9227=DIRECTION('',(0.,0.,1.));
#9228=DIRECTION('',(-1.,0.,0.));
#9229=DIRECTION('',(0.,0.,1.));
#9230=DIRECTION('',(0.,0.,1.));
#9231=DIRECTION('',(0.,0.,1.));
#9232=DIRECTION('',(1.,0.,0.));
#9233=DIRECTION('',(0.,0.,1.));
#9234=DIRECTION('',(0.,1.,0.));
#9235=DIRECTION('',(0.,0.,1.));
#9236=DIRECTION('',(0.,0.,1.));
#9237=DIRECTION('',(0.,0.,1.));
#9238=DIRECTION('',(1.,0.,0.));
#9239=DIRECTION('',(0.,-1.,0.));
#9240=DIRECTION('',(1.,0.,0.));
#9241=DIRECTION('',(-1.,0.,0.));
#9242=DIRECTION('',(0.,0.,-1.));
#9243=DIRECTION('',(1.,0.,0.));
#9244=DIRECTION('',(0.,0.,-1.));
#9245=DIRECTION('',(1.,0.,0.));
#9246=DIRECTION('',(0.,0.,1.));
#9247=DIRECTION('',(1.,0.,0.));
#9248=DIRECTION('',(0.,0.,1.));
#9249=DIRECTION('',(-1.,0.,0.));
#9250=DIRECTION('',(0.,0.,-1.));
#9251=DIRECTION('',(-1.,0.,0.));
#9252=DIRECTION('',(0.,1.,0.));
#9253=DIRECTION('',(1.,0.,0.));
#9254=DIRECTION('',(0.,0.,-1.));
#9255=DIRECTION('',(0.,1.,0.));
#9256=DIRECTION('',(0.,0.,1.));
#9257=DIRECTION('',(1.,0.,0.));
#9258=DIRECTION('',(0.,1.,0.));
#9259=DIRECTION('',(1.,0.,0.));
#9260=DIRECTION('',(0.,0.,-1.));
#9261=DIRECTION('',(0.,1.,0.));
#9262=DIRECTION('',(0.,0.,1.));
#9263=DIRECTION('',(1.,0.,0.));
#9264=DIRECTION('',(0.,1.,0.));
#9265=DIRECTION('',(-1.,0.,0.));
#9266=DIRECTION('',(0.,0.,1.));
#9267=DIRECTION('',(0.,1.,0.));
#9268=DIRECTION('',(0.,0.,1.));
#9269=DIRECTION('',(1.,0.,0.));
#9270=DIRECTION('',(0.,1.,0.));
#9271=DIRECTION('',(-1.,0.,0.));
#9272=DIRECTION('',(0.,0.,1.));
#9273=DIRECTION('',(0.,1.,0.));
#9274=DIRECTION('',(0.,0.,-1.));
#9275=DIRECTION('',(-1.,0.,0.));
#9276=DIRECTION('',(0.,-1.,0.));
#9277=DIRECTION('',(0.,0.,-1.));
#9278=DIRECTION('',(0.,-1.,0.));
#9279=DIRECTION('',(0.,0.,-1.));
#9280=DIRECTION('',(0.,-1.,0.));
#9281=DIRECTION('',(1.,0.,0.));
#9282=DIRECTION('',(0.,-1.,0.));
#9283=DIRECTION('',(0.,0.,-1.));
#9284=DIRECTION('',(0.,-1.,0.));
#9285=DIRECTION('',(0.,0.,-1.));
#9286=DIRECTION('',(0.,-1.,0.));
#9287=DIRECTION('',(1.,0.,0.));
#9288=DIRECTION('',(0.,-1.,0.));
#9289=DIRECTION('',(0.,0.,-1.));
#9290=DIRECTION('',(0.,-1.,0.));
#9291=DIRECTION('',(0.,0.,-1.));
#9292=DIRECTION('',(0.,-1.,0.));
#9293=DIRECTION('',(1.,0.,0.));
#9294=DIRECTION('',(0.,-1.,0.));
#9295=DIRECTION('',(0.,0.,-1.));
#9296=DIRECTION('',(0.,-1.,0.));
#9297=DIRECTION('',(0.,0.,-1.));
#9298=DIRECTION('',(0.,-1.,0.));
#9299=DIRECTION('',(1.,0.,0.));
#9300=DIRECTION('',(0.,0.,1.));
#9301=DIRECTION('',(1.,0.,0.));
#9302=DIRECTION('',(-1.,0.,-1.92747052886312E-16));
#9303=DIRECTION('',(-1.92747052886312E-16,0.,1.));
#9304=DIRECTION('',(-1.92747052886312E-16,0.,1.));
#9305=DIRECTION('',(0.,1.,0.));
#9306=DIRECTION('',(-1.92747052886312E-16,0.,1.));
#9307=DIRECTION('',(0.,1.,0.));
#9308=DIRECTION('',(0.,0.,1.));
#9309=DIRECTION('',(1.,0.,0.));
#9310=DIRECTION('',(1.,0.,0.));
#9311=DIRECTION('',(0.,1.,0.));
#9312=DIRECTION('',(1.,0.,0.));
#9313=DIRECTION('',(-1.,0.,-1.92747052886312E-16));
#9314=DIRECTION('',(-1.92747052886312E-16,0.,1.));
#9315=DIRECTION('',(-1.92747052886312E-16,0.,1.));
#9316=DIRECTION('',(0.,1.,0.));
#9317=DIRECTION('',(-1.92747052886312E-16,0.,1.));
#9318=DIRECTION('',(0.,0.,-1.));
#9319=DIRECTION('',(-1.,0.,0.));
#9320=DIRECTION('',(-1.,0.,0.));
#9321=DIRECTION('',(0.,1.,0.));
#9322=DIRECTION('',(-1.,0.,0.));
#9323=DIRECTION('',(0.,1.,0.));
#9324=DIRECTION('',(1.,0.,0.));
#9325=DIRECTION('',(0.,0.,-1.));
#9326=DIRECTION('',(0.,0.,-1.));
#9327=DIRECTION('',(0.,1.,0.));
#9328=DIRECTION('',(0.,0.,-1.));
#9329=DIRECTION('',(0.,0.,-1.));
#9330=DIRECTION('',(-1.,0.,0.));
#9331=DIRECTION('',(-1.,0.,0.));
#9332=DIRECTION('',(0.,1.,0.));
#9333=DIRECTION('',(-1.,0.,0.));
#9334=DIRECTION('',(1.,0.,0.));
#9335=DIRECTION('',(0.,0.,-1.));
#9336=DIRECTION('',(0.,0.,-1.));
#9337=DIRECTION('',(0.,0.,-1.));
#9338=DIRECTION('',(0.,0.,1.));
#9339=DIRECTION('',(1.,0.,0.));
#9340=DIRECTION('',(1.,0.,0.));
#9341=DIRECTION('',(1.,0.,0.));
#9342=DIRECTION('',(0.,-1.,0.));
#9343=DIRECTION('',(1.,0.,0.));
#9344=DIRECTION('',(0.,-1.,0.));
#9345=DIRECTION('',(1.,0.,0.));
#9346=DIRECTION('',(0.,0.,1.));
#9347=DIRECTION('',(1.,0.,0.));
#9348=DIRECTION('',(1.,0.,0.));
#9349=DIRECTION('',(0.,0.,-1.));
#9350=DIRECTION('',(0.,0.,-1.));
#9351=DIRECTION('',(0.,-1.,0.));
#9352=DIRECTION('',(0.,0.,-1.));
#9353=DIRECTION('',(0.,1.,0.));
#9354=DIRECTION('',(0.,0.,-1.));
#9355=DIRECTION('',(0.,1.,0.));
#9356=DIRECTION('',(0.,0.,1.));
#9357=DIRECTION('',(1.,0.,0.));
#9358=DIRECTION('',(0.,-1.,0.));
#9359=DIRECTION('',(1.,0.,0.));
#9360=DIRECTION('',(1.,0.,0.));
#9361=DIRECTION('',(0.,1.,0.));
#9362=DIRECTION('',(1.,0.,0.));
#9363=DIRECTION('',(0.,1.,0.));
#9364=DIRECTION('',(0.,0.,1.));
#9365=DIRECTION('',(0.,-1.,0.));
#9366=DIRECTION('',(0.,0.,-1.));
#9367=DIRECTION('',(0.,-1.,0.));
#9368=DIRECTION('',(0.,0.,-1.));
#9369=DIRECTION('',(0.,-1.,0.));
#9370=DIRECTION('',(0.,-1.,0.));
#9371=DIRECTION('',(0.,0.,-1.));
#9372=DIRECTION('',(0.,-1.,0.));
#9373=DIRECTION('',(0.,-1.,0.));
#9374=DIRECTION('',(1.,0.,0.));
#9375=DIRECTION('',(0.999680509490635,0.,-0.0252760547662136));
#9376=DIRECTION('',(0.961970709589969,0.,-0.273152620142973));
#9377=DIRECTION('',(0.947250237197817,0.,-0.320494911236792));
#9378=DIRECTION('',(0.930305252623255,0.,-0.366786227851566));
#9379=DIRECTION('',(0.911216300248918,0.,-0.411928214815002));
#9380=DIRECTION('',(0.890063216246839,0.,-0.455837110253579));
#9381=DIRECTION('',(0.8669230343368,0.,-0.498442025250958));
#9382=DIRECTION('',(0.841868949551757,0.,-0.539682009873057));
#9383=DIRECTION('',(0.814968738566043,0.,-0.579504922464058));
#9384=DIRECTION('',(0.786284352685587,0.,-0.617864804566344));
#9385=DIRECTION('',(0.755872073528011,0.,-0.654719335639682));
#9386=DIRECTION('',(0.723782959209994,0.,-0.690027700862237));
#9387=DIRECTION('',(0.690063352212803,0.,-0.723748968864778));
#9388=DIRECTION('',(0.654756278793017,0.,-0.755840072621928));
#9389=DIRECTION('',(0.617902412063629,0.,-0.786254799136991));
#9390=DIRECTION('',(0.579542402928328,0.,-0.814942085800003));
#9391=DIRECTION('',(0.539718782808157,0.,-0.841845375044659));
#9392=DIRECTION('',(0.498477446648067,0.,-0.866902667652617));
#9393=DIRECTION('',(0.455871004343598,0.,-0.890045856907811));
#9394=DIRECTION('',(0.411959496439465,0.,-0.911202158301517));
#9395=DIRECTION('',(0.366814501048037,0.,-0.930294105012431));
#9396=DIRECTION('',(0.320519832124627,0.,-0.947241805039664));
#9397=DIRECTION('',(0.273174072573527,0.,-0.961964617890696));
#9398=DIRECTION('',(0.224891188765835,0.,-0.974383883905871));
#9399=DIRECTION('',(0.175803410205121,0.,-0.984425294758444));
#9400=DIRECTION('',(0.126058423862527,0.,-0.992022819179728));
#9401=DIRECTION('',(0.0758229104175896,0.,-0.997121299670108));
#9402=DIRECTION('',(0.0252777923905506,0.,-0.999680465554799));
#9403=DIRECTION('',(-0.0252788053126491,0.,-0.999680439941667));
#9404=DIRECTION('',(-0.0758254803635379,0.,-0.997121104243431));
#9405=DIRECTION('',(-0.126061941844018,0.,-0.99202237213609));
#9406=DIRECTION('',(-0.175807310331352,0.,-0.984424598247146));
#9407=DIRECTION('',(-0.22489492012322,0.,-0.974383022688086));
#9408=DIRECTION('',(-0.273177128816793,0.,-0.961963749988228));
#9409=DIRECTION('',(-0.320521888011696,0.,-0.947241109383148));
#9410=DIRECTION('',(-0.366815275045234,0.,-0.93029379982535));
#9411=DIRECTION('',(-0.411958719219879,0.,-0.911202509686358));
#9412=DIRECTION('',(-0.455868559603408,0.,-0.890047109070702));
#9413=DIRECTION('',(-0.498473214742495,0.,-0.866905101025645));
#9414=DIRECTION('',(-0.539712804719231,0.,-0.841849207650694));
#9415=DIRECTION('',(-0.579534893201595,0.,-0.81494742625633));
#9416=DIRECTION('',(-0.617893455667254,0.,-0.786261837712844));
#9417=DIRECTION('',(-0.654746006085476,0.,-0.755848971366052));
#9418=DIRECTION('',(-0.690052142730406,0.,-0.723759656455909));
#9419=DIRECTION('',(-0.72377101643582,0.,-0.690040227644346));
#9420=DIRECTION('',(-0.755859621887819,0.,-0.654733710755451));
#9421=DIRECTION('',(-0.786271834296454,0.,-0.617880734925511));
#9422=DIRECTION('',(-0.814956288514381,0.,-0.57952243080908));
#9423=DIRECTION('',(-0.841857183487886,0.,-0.539700363729583));
#9424=DIRECTION('',(-0.866911959721066,0.,-0.498461286453202));
#9425=DIRECTION('',(-0.890053100466226,0.,-0.455856861690662));
#9426=DIRECTION('',(-0.911207440310515,0.,-0.41194781310593));
#9427=DIRECTION('',(-0.930297653707733,0.,-0.366805500920974));
#9428=DIRECTION('',(-0.947244132111923,0.,-0.320512954776449));
#9429=DIRECTION('',(-0.961965937777138,0.,-0.273169424637076));
#9430=DIRECTION('',(-0.974384444199654,0.,-0.224888761172566));
#9431=DIRECTION('',(-0.984425542204017,0.,-0.175802024608157));
#9432=DIRECTION('',(-0.992022793952978,0.,-0.12605862238549));
#9433=DIRECTION('',(-0.997121265024002,0.,-0.0758233660353705));
#9434=DIRECTION('',(-0.999680460081313,0.,-0.0252780088538411));
#9435=DIRECTION('',(0.242487516909247,0.,0.970154525909758));
#9436=DIRECTION('',(-0.999680553974247,0.,0.0252742953560119));
#9437=DIRECTION('',(-0.997122073456791,0.,0.0758127339253149));
#9438=DIRECTION('',(-0.992024840644419,0.,0.126042514828984));
#9439=DIRECTION('',(-0.984429160884096,0.,0.175781760148871));
#9440=DIRECTION('',(-0.974389911160809,0.,0.224865072939376));
#9441=DIRECTION('',(-0.961973228606165,0.,0.273143748683787));
#9442=DIRECTION('',(-0.947253065057545,0.,0.320486553133022));
#9443=DIRECTION('',(-0.930308240550774,0.,0.366778649274086));
#9444=DIRECTION('',(-0.911219139607649,0.,0.411921933881526));
#9445=DIRECTION('',(-0.890065723847654,0.,0.455832213902827));
#9446=DIRECTION('',(-0.866925048437796,0.,0.498438522178137));
#9447=DIRECTION('',(-0.841870360848505,0.,0.539679808335283));
#9448=DIRECTION('',(-0.814969192963647,0.,0.579504283435577));
#9449=DIRECTION('',(-0.786283814782889,0.,0.617865489091653));
#9450=DIRECTION('',(-0.755870601134258,0.,0.654721035511259));
#9451=DIRECTION('',(-0.723780455231912,0.,0.69003032732213));
#9452=DIRECTION('',(-0.690060191161864,0.,0.723751982777009));
#9453=DIRECTION('',(-0.654752027595836,0.,0.755843755255769));
#9454=DIRECTION('',(-0.617897557017231,0.,0.786258614599635));
#9455=DIRECTION('',(-0.579537098462238,0.,0.814945858021237));
#9456=DIRECTION('',(-0.539713125712865,0.,0.841849001860339));
#9457=DIRECTION('',(-0.498471872014929,0.,0.86690587309692));
#9458=DIRECTION('',(-0.45586552820091,0.,0.890048661702328));
#9459=DIRECTION('',(-0.411954218219897,0.,0.911204544595138));
#9460=DIRECTION('',(-0.366810039095956,0.,0.930295864345544));
#9461=DIRECTION('',(-0.320515980652486,0.,0.947243108260163));
#9462=DIRECTION('',(-0.273170731158202,0.,0.961965566763433));
#9463=DIRECTION('',(-0.224889192362763,0.,0.974384344680488));
#9464=DIRECTION('',(-0.175801635318134,0.,0.984425611724659));
#9465=DIRECTION('',(-0.126057842403631,0.,0.992022893066759));
#9466=DIRECTION('',(-0.0758226903885189,0.,0.997121316401493));
#9467=DIRECTION('',(-0.0252776853160507,0.,0.999680468262266));
#9468=DIRECTION('',(0.0252750567758314,0.,0.999680534723458));
#9469=DIRECTION('',(0.0758154439982873,0.,0.997121867402046));
#9470=DIRECTION('',(0.126046643343143,0.,0.992024316083999));
#9471=DIRECTION('',(0.175787616154905,0.,0.984428115205258));
#9472=DIRECTION('',(0.224872712581628,0.,0.974388148088933));
#9473=DIRECTION('',(0.273153114322821,0.,0.961970569266931));
#9474=DIRECTION('',(0.320497738090169,0.,0.947249280748782));
#9475=DIRECTION('',(0.366791480497978,0.,0.930303181674717));
#9476=DIRECTION('',(0.411936459916101,0.,0.911212572889438));
#9477=DIRECTION('',(0.455848454882282,0.,0.890057406115716));
#9478=DIRECTION('',(0.498456149859266,0.,0.866914913164768));
#9479=DIRECTION('',(0.53969909706345,0.,0.841857995524718));
#9480=DIRECTION('',(0.57952475596317,0.,0.814954635072302));
#9481=DIRECTION('',(0.617887129705914,0.,0.786266809005561));
#9482=DIRECTION('',(0.654743581253484,0.,0.755851071843761));
#9483=DIRECTION('',(0.69005324337736,0.,0.723758607067568));
#9484=DIRECTION('',(0.723775568250818,0.,0.690035453294398));
#9485=DIRECTION('',(0.,0.,-1.));
#9486=DIRECTION('',(1.,0.,0.));
#9487=DIRECTION('',(0.723775568250818,0.,0.690035453294398));
#9488=DIRECTION('',(0.755867220040629,0.,0.654724938938523));
#9489=DIRECTION('',(0.786281873417466,0.,0.617867959628205));
#9490=DIRECTION('',(0.814968387258543,0.,0.579505416514125));
#9491=DIRECTION('',(0.841870409408175,0.,0.539679732584902));
#9492=DIRECTION('',(0.866925881491325,0.,0.498437073260497));
#9493=DIRECTION('',(0.890067058462989,0.,0.45582960790085));
#9494=DIRECTION('',(0.911220726895622,0.,0.41191842259823));
#9495=DIRECTION('',(0.930309884992273,0.,0.36677447823651));
#9496=DIRECTION('',(0.9472546209873,0.,0.320481954278563));
#9497=DIRECTION('',(0.961974591391147,0.,0.273138949104363));
#9498=DIRECTION('',(0.974390936052669,0.,0.224860631810916));
#9499=DIRECTION('',(0.984429901985608,0.,0.17577760971354));
#9500=DIRECTION('',(0.992025266120724,0.,0.126039166048125));
#9501=DIRECTION('',(0.997122226493,0.,0.0758107210996128));
#9502=DIRECTION('',(0.999680575189665,0.,0.025273456203291));
#9503=DIRECTION('',(0.,-1.,0.));
#9504=DIRECTION('',(0.,0.,-1.));
#9505=DIRECTION('',(-1.,0.,0.));
#9506=DIRECTION('',(0.,-1.,0.));
#9507=DIRECTION('',(0.,0.,-1.));
#9508=DIRECTION('',(1.38777878078144E-16,0.,-1.));
#9509=DIRECTION('',(-1.,0.,0.));
#9510=DIRECTION('',(1.38777878078144E-16,0.,-1.));
#9511=DIRECTION('',(0.,0.,-1.));
#9512=DIRECTION('',(1.,0.,0.));
#9513=DIRECTION('',(0.,0.,-1.));
#9514=DIRECTION('',(1.,0.,0.));
#9515=DIRECTION('',(1.,0.,0.));
#9516=DIRECTION('',(0.,0.,-1.));
#9517=DIRECTION('',(0.,0.,-1.));
#9518=DIRECTION('',(0.,1.,0.));
#9519=DIRECTION('',(0.,1.,0.));
#9520=DIRECTION('',(0.,0.,1.));
#9521=DIRECTION('',(1.,0.,0.));
#9522=DIRECTION('',(1.,0.,0.));
#9523=DIRECTION('',(0.,1.,0.));
#9524=DIRECTION('',(1.,0.,0.));
#9525=DIRECTION('',(0.,0.,-1.));
#9526=DIRECTION('',(0.,0.,-1.));
#9527=DIRECTION('',(0.,1.,0.));
#9528=DIRECTION('',(1.,0.,0.));
#9529=DIRECTION('',(0.,0.,-1.));
#9530=DIRECTION('',(0.,0.,-1.));
#9531=DIRECTION('',(0.,1.,0.));
#9532=DIRECTION('',(0.,1.,0.));
#9533=DIRECTION('',(0.,0.,1.));
#9534=DIRECTION('',(0.,-1.,0.));
#9535=DIRECTION('',(0.,0.,-1.));
#9536=DIRECTION('',(0.,1.,0.));
#9537=DIRECTION('',(0.,1.,0.));
#9538=DIRECTION('',(0.,0.,-1.));
#9539=DIRECTION('',(-1.,0.,0.));
#9540=DIRECTION('',(-1.,0.,0.));
#9541=DIRECTION('',(0.,1.,0.));
#9542=DIRECTION('',(0.,1.,0.));
#9543=DIRECTION('',(0.,0.,1.));
#9544=DIRECTION('',(0.,-1.,0.));
#9545=DIRECTION('',(0.,0.,-1.));
#9546=DIRECTION('',(0.,1.,0.));
#9547=DIRECTION('',(1.,0.,1.38777878078144E-16));
#9548=DIRECTION('',(1.38777878078144E-16,0.,-1.));
#9549=DIRECTION('',(1.38777878078144E-16,0.,-1.));
#9550=DIRECTION('',(0.,1.,0.));
#9551=DIRECTION('',(0.,0.,-1.));
#9552=DIRECTION('',(-1.,0.,0.));
#9553=DIRECTION('',(-1.,0.,0.));
#9554=DIRECTION('',(0.,1.,0.));
#9555=DIRECTION('',(0.,0.,1.));
#9556=DIRECTION('',(1.,0.,0.));
#9557=DIRECTION('',(1.,0.,0.));
#9558=DIRECTION('',(0.,0.,1.));
#9559=DIRECTION('',(1.,0.,0.));
#9560=DIRECTION('',(1.,0.,0.));
#9561=DIRECTION('',(1.,0.,1.38777878078144E-16));
#9562=DIRECTION('',(1.38777878078144E-16,0.,-1.));
#9563=DIRECTION('',(1.38777878078144E-16,0.,-1.));
#9564=DIRECTION('',(0.,-1.,0.));
#9565=DIRECTION('',(1.,0.,0.));
#9566=DIRECTION('',(-0.0252760547662136,0.,-0.999680509490635));
#9567=DIRECTION('',(-0.999680509490635,0.,0.0252760547662136));
#9568=DIRECTION('',(0.,-1.,0.));
#9569=DIRECTION('',(0.999680509490635,0.,-0.0252760547662136));
#9570=DIRECTION('',(0.025273456203291,0.,-0.999680575189665));
#9571=DIRECTION('',(-0.999680575189665,0.,-0.025273456203291));
#9572=DIRECTION('',(0.,-1.,0.));
#9573=DIRECTION('',(0.999680575189665,0.,0.025273456203291));
#9574=DIRECTION('',(0.0758107210996128,0.,-0.997122226493));
#9575=DIRECTION('',(-0.997122226493,0.,-0.0758107210996128));
#9576=DIRECTION('',(0.,-1.,0.));
#9577=DIRECTION('',(0.997122226493,0.,0.0758107210996128));
#9578=DIRECTION('',(0.126039166048125,0.,-0.992025266120724));
#9579=DIRECTION('',(-0.992025266120724,0.,-0.126039166048125));
#9580=DIRECTION('',(0.,-1.,0.));
#9581=DIRECTION('',(0.992025266120724,0.,0.126039166048125));
#9582=DIRECTION('',(0.17577760971354,0.,-0.984429901985608));
#9583=DIRECTION('',(-0.984429901985608,0.,-0.17577760971354));
#9584=DIRECTION('',(0.,-1.,0.));
#9585=DIRECTION('',(0.984429901985608,0.,0.17577760971354));
#9586=DIRECTION('',(0.224860631810916,0.,-0.974390936052669));
#9587=DIRECTION('',(-0.974390936052669,0.,-0.224860631810916));
#9588=DIRECTION('',(0.,-1.,0.));
#9589=DIRECTION('',(0.974390936052669,0.,0.224860631810916));
#9590=DIRECTION('',(0.273138949104363,0.,-0.961974591391147));
#9591=DIRECTION('',(-0.961974591391147,0.,-0.273138949104363));
#9592=DIRECTION('',(0.,-1.,0.));
#9593=DIRECTION('',(0.961974591391147,0.,0.273138949104363));
#9594=DIRECTION('',(0.320481954278563,0.,-0.9472546209873));
#9595=DIRECTION('',(-0.9472546209873,0.,-0.320481954278563));
#9596=DIRECTION('',(0.,-1.,0.));
#9597=DIRECTION('',(0.9472546209873,0.,0.320481954278563));
#9598=DIRECTION('',(0.366774478236511,0.,-0.930309884992273));
#9599=DIRECTION('',(-0.930309884992273,0.,-0.366774478236511));
#9600=DIRECTION('',(0.,-1.,0.));
#9601=DIRECTION('',(0.930309884992273,0.,0.36677447823651));
#9602=DIRECTION('',(0.41191842259823,0.,-0.911220726895622));
#9603=DIRECTION('',(-0.911220726895622,0.,-0.41191842259823));
#9604=DIRECTION('',(0.,-1.,0.));
#9605=DIRECTION('',(0.911220726895622,0.,0.41191842259823));
#9606=DIRECTION('',(0.45582960790085,0.,-0.890067058462989));
#9607=DIRECTION('',(-0.890067058462989,0.,-0.45582960790085));
#9608=DIRECTION('',(0.,-1.,0.));
#9609=DIRECTION('',(0.890067058462989,0.,0.45582960790085));
#9610=DIRECTION('',(0.498437073260497,0.,-0.866925881491325));
#9611=DIRECTION('',(-0.866925881491325,0.,-0.498437073260497));
#9612=DIRECTION('',(0.,-1.,0.));
#9613=DIRECTION('',(0.866925881491325,0.,0.498437073260497));
#9614=DIRECTION('',(0.539679732584902,0.,-0.841870409408175));
#9615=DIRECTION('',(-0.841870409408175,0.,-0.539679732584902));
#9616=DIRECTION('',(0.,-1.,0.));
#9617=DIRECTION('',(0.841870409408175,0.,0.539679732584902));
#9618=DIRECTION('',(0.579505416514125,0.,-0.814968387258543));
#9619=DIRECTION('',(-0.814968387258543,0.,-0.579505416514125));
#9620=DIRECTION('',(0.,-1.,0.));
#9621=DIRECTION('',(0.814968387258543,0.,0.579505416514125));
#9622=DIRECTION('',(0.617867959628205,0.,-0.786281873417466));
#9623=DIRECTION('',(-0.786281873417466,0.,-0.617867959628205));
#9624=DIRECTION('',(0.,-1.,0.));
#9625=DIRECTION('',(0.786281873417466,0.,0.617867959628205));
#9626=DIRECTION('',(0.654724938938523,0.,-0.755867220040629));
#9627=DIRECTION('',(-0.755867220040629,0.,-0.654724938938523));
#9628=DIRECTION('',(0.,-1.,0.));
#9629=DIRECTION('',(0.755867220040629,0.,0.654724938938523));
#9630=DIRECTION('',(0.690035453294398,0.,-0.723775568250818));
#9631=DIRECTION('',(-0.723775568250818,0.,-0.690035453294398));
#9632=DIRECTION('',(0.723775568250818,0.,0.690035453294398));
#9633=DIRECTION('',(0.690035453294398,0.,-0.723775568250818));
#9634=DIRECTION('',(-0.723775568250818,0.,-0.690035453294398));
#9635=DIRECTION('',(0.,-1.,0.));
#9636=DIRECTION('',(0.723775568250818,0.,0.690035453294398));
#9637=DIRECTION('',(0.723758607067568,0.,-0.69005324337736));
#9638=DIRECTION('',(-0.69005324337736,0.,-0.723758607067568));
#9639=DIRECTION('',(0.,-1.,0.));
#9640=DIRECTION('',(0.69005324337736,0.,0.723758607067568));
#9641=DIRECTION('',(0.755851071843761,0.,-0.654743581253484));
#9642=DIRECTION('',(-0.654743581253484,0.,-0.755851071843761));
#9643=DIRECTION('',(0.,-1.,0.));
#9644=DIRECTION('',(0.654743581253484,0.,0.755851071843761));
#9645=DIRECTION('',(0.786266809005561,0.,-0.617887129705914));
#9646=DIRECTION('',(-0.617887129705914,0.,-0.786266809005561));
#9647=DIRECTION('',(0.,-1.,0.));
#9648=DIRECTION('',(0.617887129705914,0.,0.786266809005561));
#9649=DIRECTION('',(0.814954635072302,0.,-0.57952475596317));
#9650=DIRECTION('',(-0.57952475596317,0.,-0.814954635072302));
#9651=DIRECTION('',(0.,-1.,0.));
#9652=DIRECTION('',(0.57952475596317,0.,0.814954635072302));
#9653=DIRECTION('',(0.841857995524718,0.,-0.53969909706345));
#9654=DIRECTION('',(-0.53969909706345,0.,-0.841857995524718));
#9655=DIRECTION('',(0.,-1.,0.));
#9656=DIRECTION('',(0.53969909706345,0.,0.841857995524718));
#9657=DIRECTION('',(0.866914913164768,0.,-0.498456149859266));
#9658=DIRECTION('',(-0.498456149859266,0.,-0.866914913164768));
#9659=DIRECTION('',(0.,-1.,0.));
#9660=DIRECTION('',(0.498456149859266,0.,0.866914913164768));
#9661=DIRECTION('',(0.890057406115716,0.,-0.455848454882282));
#9662=DIRECTION('',(-0.455848454882282,0.,-0.890057406115716));
#9663=DIRECTION('',(0.,-1.,0.));
#9664=DIRECTION('',(0.455848454882282,0.,0.890057406115716));
#9665=DIRECTION('',(0.911212572889439,0.,-0.411936459916101));
#9666=DIRECTION('',(-0.411936459916101,0.,-0.911212572889439));
#9667=DIRECTION('',(0.,-1.,0.));
#9668=DIRECTION('',(0.411936459916101,0.,0.911212572889438));
#9669=DIRECTION('',(0.930303181674717,0.,-0.366791480497978));
#9670=DIRECTION('',(-0.366791480497978,0.,-0.930303181674717));
#9671=DIRECTION('',(0.,-1.,0.));
#9672=DIRECTION('',(0.366791480497978,0.,0.930303181674717));
#9673=DIRECTION('',(0.947249280748782,0.,-0.320497738090169));
#9674=DIRECTION('',(-0.320497738090169,0.,-0.947249280748782));
#9675=DIRECTION('',(0.,-1.,0.));
#9676=DIRECTION('',(0.320497738090169,0.,0.947249280748782));
#9677=DIRECTION('',(0.961970569266931,0.,-0.273153114322821));
#9678=DIRECTION('',(-0.273153114322821,0.,-0.961970569266931));
#9679=DIRECTION('',(0.,-1.,0.));
#9680=DIRECTION('',(0.273153114322821,0.,0.961970569266931));
#9681=DIRECTION('',(0.974388148088933,0.,-0.224872712581628));
#9682=DIRECTION('',(-0.224872712581628,0.,-0.974388148088933));
#9683=DIRECTION('',(0.,-1.,0.));
#9684=DIRECTION('',(0.224872712581628,0.,0.974388148088933));
#9685=DIRECTION('',(0.984428115205257,0.,-0.175787616154905));
#9686=DIRECTION('',(-0.175787616154905,0.,-0.984428115205258));
#9687=DIRECTION('',(0.,-1.,0.));
#9688=DIRECTION('',(0.175787616154905,0.,0.984428115205258));
#9689=DIRECTION('',(0.992024316083999,0.,-0.126046643343143));
#9690=DIRECTION('',(-0.126046643343143,0.,-0.992024316083999));
#9691=DIRECTION('',(0.,-1.,0.));
#9692=DIRECTION('',(0.126046643343143,0.,0.992024316083999));
#9693=DIRECTION('',(0.997121867402046,0.,-0.0758154439982873));
#9694=DIRECTION('',(-0.0758154439982873,0.,-0.997121867402046));
#9695=DIRECTION('',(0.,-1.,0.));
#9696=DIRECTION('',(0.0758154439982873,0.,0.997121867402046));
#9697=DIRECTION('',(0.999680534723458,0.,-0.0252750567758314));
#9698=DIRECTION('',(-0.0252750567758314,0.,-0.999680534723458));
#9699=DIRECTION('',(0.,-1.,0.));
#9700=DIRECTION('',(0.0252750567758314,0.,0.999680534723458));
#9701=DIRECTION('',(0.999680468262266,0.,0.0252776853160507));
#9702=DIRECTION('',(0.0252776853160507,0.,-0.999680468262266));
#9703=DIRECTION('',(0.,-1.,0.));
#9704=DIRECTION('',(-0.0252776853160507,0.,0.999680468262266));
#9705=DIRECTION('',(0.997121316401493,0.,0.0758226903885189));
#9706=DIRECTION('',(0.0758226903885189,0.,-0.997121316401493));
#9707=DIRECTION('',(0.,-1.,0.));
#9708=DIRECTION('',(-0.0758226903885189,0.,0.997121316401493));
#9709=DIRECTION('',(0.992022893066759,0.,0.126057842403631));
#9710=DIRECTION('',(0.126057842403631,0.,-0.992022893066759));
#9711=DIRECTION('',(0.,-1.,0.));
#9712=DIRECTION('',(-0.126057842403631,0.,0.992022893066759));
#9713=DIRECTION('',(0.984425611724659,0.,0.175801635318134));
#9714=DIRECTION('',(0.175801635318134,0.,-0.98442561172466));
#9715=DIRECTION('',(0.,-1.,0.));
#9716=DIRECTION('',(-0.175801635318134,0.,0.984425611724659));
#9717=DIRECTION('',(0.974384344680488,0.,0.224889192362763));
#9718=DIRECTION('',(0.224889192362763,0.,-0.974384344680488));
#9719=DIRECTION('',(0.,-1.,0.));
#9720=DIRECTION('',(-0.224889192362763,0.,0.974384344680488));
#9721=DIRECTION('',(0.961965566763433,0.,0.273170731158202));
#9722=DIRECTION('',(0.273170731158202,0.,-0.961965566763433));
#9723=DIRECTION('',(0.,-1.,0.));
#9724=DIRECTION('',(-0.273170731158202,0.,0.961965566763433));
#9725=DIRECTION('',(0.947243108260163,0.,0.320515980652486));
#9726=DIRECTION('',(0.320515980652486,0.,-0.947243108260163));
#9727=DIRECTION('',(0.,-1.,0.));
#9728=DIRECTION('',(-0.320515980652486,0.,0.947243108260163));
#9729=DIRECTION('',(0.930295864345544,0.,0.366810039095956));
#9730=DIRECTION('',(0.366810039095956,0.,-0.930295864345544));
#9731=DIRECTION('',(0.,-1.,0.));
#9732=DIRECTION('',(-0.366810039095956,0.,0.930295864345544));
#9733=DIRECTION('',(0.911204544595138,0.,0.411954218219897));
#9734=DIRECTION('',(0.411954218219897,0.,-0.911204544595138));
#9735=DIRECTION('',(0.,-1.,0.));
#9736=DIRECTION('',(-0.411954218219897,0.,0.911204544595138));
#9737=DIRECTION('',(0.890048661702328,0.,0.45586552820091));
#9738=DIRECTION('',(0.45586552820091,0.,-0.890048661702328));
#9739=DIRECTION('',(0.,-1.,0.));
#9740=DIRECTION('',(-0.45586552820091,0.,0.890048661702328));
#9741=DIRECTION('',(0.86690587309692,0.,0.498471872014929));
#9742=DIRECTION('',(0.498471872014929,0.,-0.86690587309692));
#9743=DIRECTION('',(0.,-1.,0.));
#9744=DIRECTION('',(-0.498471872014929,0.,0.86690587309692));
#9745=DIRECTION('',(0.841849001860339,0.,0.539713125712865));
#9746=DIRECTION('',(0.539713125712865,0.,-0.841849001860339));
#9747=DIRECTION('',(0.,-1.,0.));
#9748=DIRECTION('',(-0.539713125712865,0.,0.841849001860339));
#9749=DIRECTION('',(0.814945858021237,0.,0.579537098462238));
#9750=DIRECTION('',(0.579537098462238,0.,-0.814945858021237));
#9751=DIRECTION('',(0.,-1.,0.));
#9752=DIRECTION('',(-0.579537098462238,0.,0.814945858021237));
#9753=DIRECTION('',(0.786258614599635,0.,0.617897557017231));
#9754=DIRECTION('',(0.617897557017231,0.,-0.786258614599635));
#9755=DIRECTION('',(0.,-1.,0.));
#9756=DIRECTION('',(-0.617897557017231,0.,0.786258614599635));
#9757=DIRECTION('',(0.755843755255769,0.,0.654752027595836));
#9758=DIRECTION('',(0.654752027595836,0.,-0.755843755255769));
#9759=DIRECTION('',(0.,-1.,0.));
#9760=DIRECTION('',(-0.654752027595836,0.,0.755843755255769));
#9761=DIRECTION('',(0.723751982777009,0.,0.690060191161864));
#9762=DIRECTION('',(0.690060191161864,0.,-0.723751982777009));
#9763=DIRECTION('',(0.,-1.,0.));
#9764=DIRECTION('',(-0.690060191161864,0.,0.723751982777009));
#9765=DIRECTION('',(0.69003032732213,0.,0.723780455231912));
#9766=DIRECTION('',(0.723780455231912,0.,-0.69003032732213));
#9767=DIRECTION('',(0.,-1.,0.));
#9768=DIRECTION('',(-0.723780455231912,0.,0.69003032732213));
#9769=DIRECTION('',(0.654721035511259,0.,0.755870601134258));
#9770=DIRECTION('',(0.755870601134258,0.,-0.654721035511259));
#9771=DIRECTION('',(0.,-1.,0.));
#9772=DIRECTION('',(-0.755870601134258,0.,0.654721035511259));
#9773=DIRECTION('',(0.617865489091653,0.,0.786283814782889));
#9774=DIRECTION('',(0.786283814782889,0.,-0.617865489091653));
#9775=DIRECTION('',(0.,-1.,0.));
#9776=DIRECTION('',(-0.786283814782889,0.,0.617865489091653));
#9777=DIRECTION('',(0.579504283435577,0.,0.814969192963647));
#9778=DIRECTION('',(0.814969192963647,0.,-0.579504283435577));
#9779=DIRECTION('',(0.,-1.,0.));
#9780=DIRECTION('',(-0.814969192963647,0.,0.579504283435577));
#9781=DIRECTION('',(0.539679808335284,0.,0.841870360848505));
#9782=DIRECTION('',(0.841870360848505,0.,-0.539679808335284));
#9783=DIRECTION('',(0.,-1.,0.));
#9784=DIRECTION('',(-0.841870360848505,0.,0.539679808335283));
#9785=DIRECTION('',(0.498438522178137,0.,0.866925048437796));
#9786=DIRECTION('',(0.866925048437796,0.,-0.498438522178137));
#9787=DIRECTION('',(0.,-1.,0.));
#9788=DIRECTION('',(-0.866925048437796,0.,0.498438522178137));
#9789=DIRECTION('',(0.455832213902827,0.,0.890065723847654));
#9790=DIRECTION('',(0.890065723847654,0.,-0.455832213902827));
#9791=DIRECTION('',(0.,-1.,0.));
#9792=DIRECTION('',(-0.890065723847654,0.,0.455832213902827));
#9793=DIRECTION('',(0.411921933881526,0.,0.911219139607649));
#9794=DIRECTION('',(0.911219139607649,0.,-0.411921933881526));
#9795=DIRECTION('',(0.,-1.,0.));
#9796=DIRECTION('',(-0.911219139607649,0.,0.411921933881526));
#9797=DIRECTION('',(0.366778649274086,0.,0.930308240550774));
#9798=DIRECTION('',(0.930308240550774,0.,-0.366778649274086));
#9799=DIRECTION('',(0.,-1.,0.));
#9800=DIRECTION('',(-0.930308240550774,0.,0.366778649274086));
#9801=DIRECTION('',(0.320486553133022,0.,0.947253065057545));
#9802=DIRECTION('',(0.947253065057545,0.,-0.320486553133022));
#9803=DIRECTION('',(0.,-1.,0.));
#9804=DIRECTION('',(-0.947253065057545,0.,0.320486553133022));
#9805=DIRECTION('',(0.273143748683787,0.,0.961973228606165));
#9806=DIRECTION('',(0.961973228606165,0.,-0.273143748683787));
#9807=DIRECTION('',(0.,-1.,0.));
#9808=DIRECTION('',(-0.961973228606165,0.,0.273143748683787));
#9809=DIRECTION('',(0.224865072939376,0.,0.974389911160809));
#9810=DIRECTION('',(0.974389911160809,0.,-0.224865072939376));
#9811=DIRECTION('',(0.,-1.,0.));
#9812=DIRECTION('',(-0.974389911160809,0.,0.224865072939376));
#9813=DIRECTION('',(0.175781760148871,0.,0.984429160884096));
#9814=DIRECTION('',(0.984429160884096,0.,-0.175781760148871));
#9815=DIRECTION('',(0.,-1.,0.));
#9816=DIRECTION('',(-0.984429160884096,0.,0.175781760148871));
#9817=DIRECTION('',(0.126042514828984,0.,0.992024840644419));
#9818=DIRECTION('',(0.992024840644419,0.,-0.126042514828984));
#9819=DIRECTION('',(0.,-1.,0.));
#9820=DIRECTION('',(-0.992024840644419,0.,0.126042514828984));
#9821=DIRECTION('',(0.0758127339253149,0.,0.997122073456791));
#9822=DIRECTION('',(0.997122073456791,0.,-0.0758127339253149));
#9823=DIRECTION('',(0.,-1.,0.));
#9824=DIRECTION('',(-0.997122073456791,0.,0.0758127339253149));
#9825=DIRECTION('',(0.0252742953560119,0.,0.999680553974247));
#9826=DIRECTION('',(0.999680553974247,0.,-0.0252742953560119));
#9827=DIRECTION('',(0.,-1.,0.));
#9828=DIRECTION('',(-0.999680553974247,0.,0.0252742953560119));
#9829=DIRECTION('',(0.970154525909758,0.,-0.242487516909247));
#9830=DIRECTION('',(-0.242487516909247,0.,-0.970154525909758));
#9831=DIRECTION('',(0.,-1.,0.));
#9832=DIRECTION('',(0.242487516909247,0.,0.970154525909758));
#9833=DIRECTION('',(-0.0252780088538411,0.,0.999680460081313));
#9834=DIRECTION('',(0.999680460081313,0.,0.0252780088538411));
#9835=DIRECTION('',(0.,-1.,0.));
#9836=DIRECTION('',(-0.999680460081313,0.,-0.0252780088538411));
#9837=DIRECTION('',(-0.0758233660353705,0.,0.997121265024002));
#9838=DIRECTION('',(0.997121265024002,0.,0.0758233660353705));
#9839=DIRECTION('',(0.,-1.,0.));
#9840=DIRECTION('',(-0.997121265024002,0.,-0.0758233660353705));
#9841=DIRECTION('',(-0.12605862238549,0.,0.992022793952978));
#9842=DIRECTION('',(0.992022793952978,0.,0.12605862238549));
#9843=DIRECTION('',(0.,-1.,0.));
#9844=DIRECTION('',(-0.992022793952978,0.,-0.12605862238549));
#9845=DIRECTION('',(-0.175802024608157,0.,0.984425542204017));
#9846=DIRECTION('',(0.984425542204017,0.,0.175802024608157));
#9847=DIRECTION('',(0.,-1.,0.));
#9848=DIRECTION('',(-0.984425542204017,0.,-0.175802024608157));
#9849=DIRECTION('',(-0.224888761172566,0.,0.974384444199654));
#9850=DIRECTION('',(0.974384444199654,0.,0.224888761172566));
#9851=DIRECTION('',(0.,-1.,0.));
#9852=DIRECTION('',(-0.974384444199654,0.,-0.224888761172566));
#9853=DIRECTION('',(-0.273169424637076,0.,0.961965937777138));
#9854=DIRECTION('',(0.961965937777138,0.,0.273169424637076));
#9855=DIRECTION('',(0.,-1.,0.));
#9856=DIRECTION('',(-0.961965937777138,0.,-0.273169424637076));
#9857=DIRECTION('',(-0.320512954776449,0.,0.947244132111923));
#9858=DIRECTION('',(0.947244132111923,0.,0.320512954776449));
#9859=DIRECTION('',(0.,-1.,0.));
#9860=DIRECTION('',(-0.947244132111923,0.,-0.320512954776449));
#9861=DIRECTION('',(-0.366805500920974,0.,0.930297653707733));
#9862=DIRECTION('',(0.930297653707733,0.,0.366805500920974));
#9863=DIRECTION('',(0.,-1.,0.));
#9864=DIRECTION('',(-0.930297653707733,0.,-0.366805500920974));
#9865=DIRECTION('',(-0.41194781310593,0.,0.911207440310515));
#9866=DIRECTION('',(0.911207440310515,0.,0.41194781310593));
#9867=DIRECTION('',(0.,-1.,0.));
#9868=DIRECTION('',(-0.911207440310515,0.,-0.41194781310593));
#9869=DIRECTION('',(-0.455856861690662,0.,0.890053100466226));
#9870=DIRECTION('',(0.890053100466226,0.,0.455856861690662));
#9871=DIRECTION('',(0.,-1.,0.));
#9872=DIRECTION('',(-0.890053100466226,0.,-0.455856861690662));
#9873=DIRECTION('',(-0.498461286453202,0.,0.866911959721066));
#9874=DIRECTION('',(0.866911959721066,0.,0.498461286453202));
#9875=DIRECTION('',(0.,-1.,0.));
#9876=DIRECTION('',(-0.866911959721066,0.,-0.498461286453202));
#9877=DIRECTION('',(-0.539700363729583,0.,0.841857183487886));
#9878=DIRECTION('',(0.841857183487886,0.,0.539700363729583));
#9879=DIRECTION('',(0.,-1.,0.));
#9880=DIRECTION('',(-0.841857183487886,0.,-0.539700363729583));
#9881=DIRECTION('',(-0.57952243080908,0.,0.814956288514381));
#9882=DIRECTION('',(0.814956288514381,0.,0.57952243080908));
#9883=DIRECTION('',(0.,-1.,0.));
#9884=DIRECTION('',(-0.814956288514381,0.,-0.57952243080908));
#9885=DIRECTION('',(-0.617880734925511,0.,0.786271834296454));
#9886=DIRECTION('',(0.786271834296455,0.,0.617880734925511));
#9887=DIRECTION('',(0.,-1.,0.));
#9888=DIRECTION('',(-0.786271834296454,0.,-0.617880734925511));
#9889=DIRECTION('',(-0.654733710755451,0.,0.755859621887819));
#9890=DIRECTION('',(0.755859621887819,0.,0.654733710755451));
#9891=DIRECTION('',(0.,-1.,0.));
#9892=DIRECTION('',(-0.755859621887819,0.,-0.654733710755451));
#9893=DIRECTION('',(-0.690040227644346,0.,0.72377101643582));
#9894=DIRECTION('',(0.72377101643582,0.,0.690040227644346));
#9895=DIRECTION('',(0.,-1.,0.));
#9896=DIRECTION('',(-0.72377101643582,0.,-0.690040227644346));
#9897=DIRECTION('',(-0.723759656455909,0.,0.690052142730406));
#9898=DIRECTION('',(0.690052142730406,0.,0.723759656455909));
#9899=DIRECTION('',(0.,-1.,0.));
#9900=DIRECTION('',(-0.690052142730406,0.,-0.723759656455909));
#9901=DIRECTION('',(-0.755848971366051,0.,0.654746006085476));
#9902=DIRECTION('',(0.654746006085476,0.,0.755848971366052));
#9903=DIRECTION('',(0.,-1.,0.));
#9904=DIRECTION('',(-0.654746006085476,0.,-0.755848971366052));
#9905=DIRECTION('',(-0.786261837712844,0.,0.617893455667254));
#9906=DIRECTION('',(0.617893455667254,0.,0.786261837712844));
#9907=DIRECTION('',(0.,-1.,0.));
#9908=DIRECTION('',(-0.617893455667254,0.,-0.786261837712844));
#9909=DIRECTION('',(-0.81494742625633,0.,0.579534893201595));
#9910=DIRECTION('',(0.579534893201595,0.,0.81494742625633));
#9911=DIRECTION('',(0.,-1.,0.));
#9912=DIRECTION('',(-0.579534893201595,0.,-0.81494742625633));
#9913=DIRECTION('',(-0.841849207650694,0.,0.539712804719231));
#9914=DIRECTION('',(0.539712804719231,0.,0.841849207650694));
#9915=DIRECTION('',(0.,-1.,0.));
#9916=DIRECTION('',(-0.539712804719231,0.,-0.841849207650694));
#9917=DIRECTION('',(-0.866905101025645,0.,0.498473214742495));
#9918=DIRECTION('',(0.498473214742495,0.,0.866905101025645));
#9919=DIRECTION('',(0.,-1.,0.));
#9920=DIRECTION('',(-0.498473214742495,0.,-0.866905101025645));
#9921=DIRECTION('',(-0.890047109070702,0.,0.455868559603408));
#9922=DIRECTION('',(0.455868559603408,0.,0.890047109070702));
#9923=DIRECTION('',(0.,-1.,0.));
#9924=DIRECTION('',(-0.455868559603408,0.,-0.890047109070702));
#9925=DIRECTION('',(-0.911202509686358,0.,0.411958719219879));
#9926=DIRECTION('',(0.411958719219879,0.,0.911202509686358));
#9927=DIRECTION('',(0.,-1.,0.));
#9928=DIRECTION('',(-0.411958719219879,0.,-0.911202509686358));
#9929=DIRECTION('',(-0.93029379982535,0.,0.366815275045234));
#9930=DIRECTION('',(0.366815275045234,0.,0.93029379982535));
#9931=DIRECTION('',(0.,-1.,0.));
#9932=DIRECTION('',(-0.366815275045234,0.,-0.93029379982535));
#9933=DIRECTION('',(-0.947241109383148,0.,0.320521888011696));
#9934=DIRECTION('',(0.320521888011696,0.,0.947241109383148));
#9935=DIRECTION('',(0.,-1.,0.));
#9936=DIRECTION('',(-0.320521888011696,0.,-0.947241109383148));
#9937=DIRECTION('',(-0.961963749988228,0.,0.273177128816793));
#9938=DIRECTION('',(0.273177128816793,0.,0.961963749988228));
#9939=DIRECTION('',(0.,-1.,0.));
#9940=DIRECTION('',(-0.273177128816793,0.,-0.961963749988228));
#9941=DIRECTION('',(-0.974383022688086,0.,0.22489492012322));
#9942=DIRECTION('',(0.22489492012322,0.,0.974383022688086));
#9943=DIRECTION('',(0.,-1.,0.));
#9944=DIRECTION('',(-0.22489492012322,0.,-0.974383022688086));
#9945=DIRECTION('',(-0.984424598247146,0.,0.175807310331352));
#9946=DIRECTION('',(0.175807310331352,0.,0.984424598247146));
#9947=DIRECTION('',(0.,-1.,0.));
#9948=DIRECTION('',(-0.175807310331352,0.,-0.984424598247146));
#9949=DIRECTION('',(-0.99202237213609,0.,0.126061941844017));
#9950=DIRECTION('',(0.126061941844017,0.,0.99202237213609));
#9951=DIRECTION('',(0.,-1.,0.));
#9952=DIRECTION('',(-0.126061941844018,0.,-0.99202237213609));
#9953=DIRECTION('',(-0.997121104243431,0.,0.075825480363538));
#9954=DIRECTION('',(0.0758254803635379,0.,0.997121104243431));
#9955=DIRECTION('',(0.,-1.,0.));
#9956=DIRECTION('',(-0.0758254803635379,0.,-0.997121104243431));
#9957=DIRECTION('',(-0.999680439941667,0.,0.0252788053126491));
#9958=DIRECTION('',(0.0252788053126491,0.,0.999680439941667));
#9959=DIRECTION('',(0.,-1.,0.));
#9960=DIRECTION('',(-0.0252788053126491,0.,-0.999680439941667));
#9961=DIRECTION('',(-0.999680465554799,0.,-0.0252777923905506));
#9962=DIRECTION('',(-0.0252777923905506,0.,0.999680465554799));
#9963=DIRECTION('',(0.,-1.,0.));
#9964=DIRECTION('',(0.0252777923905506,0.,-0.999680465554799));
#9965=DIRECTION('',(-0.997121299670108,0.,-0.0758229104175896));
#9966=DIRECTION('',(-0.0758229104175896,0.,0.997121299670108));
#9967=DIRECTION('',(0.,-1.,0.));
#9968=DIRECTION('',(0.0758229104175896,0.,-0.997121299670108));
#9969=DIRECTION('',(-0.992022819179728,0.,-0.126058423862527));
#9970=DIRECTION('',(-0.126058423862527,0.,0.992022819179728));
#9971=DIRECTION('',(0.,-1.,0.));
#9972=DIRECTION('',(0.126058423862527,0.,-0.992022819179728));
#9973=DIRECTION('',(-0.984425294758444,0.,-0.175803410205121));
#9974=DIRECTION('',(-0.175803410205121,0.,0.984425294758444));
#9975=DIRECTION('',(0.,-1.,0.));
#9976=DIRECTION('',(0.175803410205121,0.,-0.984425294758444));
#9977=DIRECTION('',(-0.974383883905871,0.,-0.224891188765835));
#9978=DIRECTION('',(-0.224891188765835,0.,0.974383883905871));
#9979=DIRECTION('',(0.,-1.,0.));
#9980=DIRECTION('',(0.224891188765835,0.,-0.974383883905871));
#9981=DIRECTION('',(-0.961964617890696,0.,-0.273174072573527));
#9982=DIRECTION('',(-0.273174072573527,0.,0.961964617890696));
#9983=DIRECTION('',(0.,-1.,0.));
#9984=DIRECTION('',(0.273174072573527,0.,-0.961964617890696));
#9985=DIRECTION('',(-0.947241805039664,0.,-0.320519832124627));
#9986=DIRECTION('',(-0.320519832124627,0.,0.947241805039664));
#9987=DIRECTION('',(0.,-1.,0.));
#9988=DIRECTION('',(0.320519832124627,0.,-0.947241805039664));
#9989=DIRECTION('',(-0.930294105012431,0.,-0.366814501048037));
#9990=DIRECTION('',(-0.366814501048037,0.,0.930294105012431));
#9991=DIRECTION('',(0.,-1.,0.));
#9992=DIRECTION('',(0.366814501048037,0.,-0.930294105012431));
#9993=DIRECTION('',(-0.911202158301517,0.,-0.411959496439465));
#9994=DIRECTION('',(-0.411959496439465,0.,0.911202158301517));
#9995=DIRECTION('',(0.,-1.,0.));
#9996=DIRECTION('',(0.411959496439465,0.,-0.911202158301517));
#9997=DIRECTION('',(-0.890045856907811,0.,-0.455871004343598));
#9998=DIRECTION('',(-0.455871004343598,0.,0.890045856907811));
#9999=DIRECTION('',(0.,-1.,0.));
#10000=DIRECTION('',(0.455871004343598,0.,-0.890045856907811));
#10001=DIRECTION('',(-0.866902667652617,0.,-0.498477446648067));
#10002=DIRECTION('',(-0.498477446648067,0.,0.866902667652617));
#10003=DIRECTION('',(0.,-1.,0.));
#10004=DIRECTION('',(0.498477446648067,0.,-0.866902667652617));
#10005=DIRECTION('',(-0.841845375044659,0.,-0.539718782808157));
#10006=DIRECTION('',(-0.539718782808157,0.,0.841845375044659));
#10007=DIRECTION('',(0.,-1.,0.));
#10008=DIRECTION('',(0.539718782808157,0.,-0.841845375044659));
#10009=DIRECTION('',(-0.814942085800003,0.,-0.579542402928328));
#10010=DIRECTION('',(-0.579542402928328,0.,0.814942085800003));
#10011=DIRECTION('',(0.,-1.,0.));
#10012=DIRECTION('',(0.579542402928328,0.,-0.814942085800003));
#10013=DIRECTION('',(-0.786254799136991,0.,-0.617902412063629));
#10014=DIRECTION('',(-0.617902412063629,0.,0.786254799136991));
#10015=DIRECTION('',(0.,-1.,0.));
#10016=DIRECTION('',(0.617902412063629,0.,-0.786254799136991));
#10017=DIRECTION('',(-0.755840072621928,0.,-0.654756278793017));
#10018=DIRECTION('',(-0.654756278793017,0.,0.755840072621928));
#10019=DIRECTION('',(0.,-1.,0.));
#10020=DIRECTION('',(0.654756278793017,0.,-0.755840072621928));
#10021=DIRECTION('',(-0.723748968864778,0.,-0.690063352212803));
#10022=DIRECTION('',(-0.690063352212803,0.,0.723748968864778));
#10023=DIRECTION('',(0.,-1.,0.));
#10024=DIRECTION('',(0.690063352212803,0.,-0.723748968864778));
#10025=DIRECTION('',(-0.690027700862237,0.,-0.723782959209994));
#10026=DIRECTION('',(-0.723782959209994,0.,0.690027700862237));
#10027=DIRECTION('',(0.,-1.,0.));
#10028=DIRECTION('',(0.723782959209994,0.,-0.690027700862237));
#10029=DIRECTION('',(-0.654719335639682,0.,-0.755872073528011));
#10030=DIRECTION('',(-0.755872073528011,0.,0.654719335639682));
#10031=DIRECTION('',(0.,-1.,0.));
#10032=DIRECTION('',(0.755872073528011,0.,-0.654719335639682));
#10033=DIRECTION('',(-0.617864804566344,0.,-0.786284352685587));
#10034=DIRECTION('',(-0.786284352685587,0.,0.617864804566344));
#10035=DIRECTION('',(0.,-1.,0.));
#10036=DIRECTION('',(0.786284352685587,0.,-0.617864804566344));
#10037=DIRECTION('',(-0.579504922464058,0.,-0.814968738566043));
#10038=DIRECTION('',(-0.814968738566043,0.,0.579504922464058));
#10039=DIRECTION('',(0.,-1.,0.));
#10040=DIRECTION('',(0.814968738566043,0.,-0.579504922464058));
#10041=DIRECTION('',(-0.539682009873057,0.,-0.841868949551757));
#10042=DIRECTION('',(-0.841868949551757,0.,0.539682009873057));
#10043=DIRECTION('',(0.,-1.,0.));
#10044=DIRECTION('',(0.841868949551757,0.,-0.539682009873057));
#10045=DIRECTION('',(-0.498442025250958,0.,-0.8669230343368));
#10046=DIRECTION('',(-0.8669230343368,0.,0.498442025250958));
#10047=DIRECTION('',(0.,-1.,0.));
#10048=DIRECTION('',(0.8669230343368,0.,-0.498442025250958));
#10049=DIRECTION('',(-0.455837110253579,0.,-0.890063216246839));
#10050=DIRECTION('',(-0.890063216246839,0.,0.455837110253579));
#10051=DIRECTION('',(0.,-1.,0.));
#10052=DIRECTION('',(0.890063216246839,0.,-0.455837110253579));
#10053=DIRECTION('',(-0.411928214815002,0.,-0.911216300248918));
#10054=DIRECTION('',(-0.911216300248918,0.,0.411928214815002));
#10055=DIRECTION('',(0.,-1.,0.));
#10056=DIRECTION('',(0.911216300248918,0.,-0.411928214815002));
#10057=DIRECTION('',(-0.366786227851566,0.,-0.930305252623255));
#10058=DIRECTION('',(-0.930305252623256,0.,0.366786227851566));
#10059=DIRECTION('',(0.,-1.,0.));
#10060=DIRECTION('',(0.930305252623255,0.,-0.366786227851566));
#10061=DIRECTION('',(-0.320494911236792,0.,-0.947250237197817));
#10062=DIRECTION('',(-0.947250237197817,0.,0.320494911236792));
#10063=DIRECTION('',(0.,-1.,0.));
#10064=DIRECTION('',(0.947250237197817,0.,-0.320494911236792));
#10065=DIRECTION('',(0.,0.,1.));
#10066=DIRECTION('',(1.,0.,0.));
#10067=DIRECTION('',(-1.,0.,0.));
#10068=DIRECTION('',(0.,-1.,0.));
#10069=DIRECTION('',(-1.,0.,0.));
#10070=DIRECTION('',(0.,-1.,0.));
#10071=DIRECTION('',(0.474832635832597,0.,0.88007611486068));
#10072=DIRECTION('',(0.88007611486068,0.,-0.474832635832597));
#10073=DIRECTION('',(-0.88007611486068,0.,0.474832635832597));
#10074=DIRECTION('',(0.,-1.,0.));
#10075=DIRECTION('',(-0.88007611486068,0.,0.474832635832597));
#10076=DIRECTION('',(0.407140435760773,0.,0.913365570606057));
#10077=DIRECTION('',(0.913365570606057,0.,-0.407140435760773));
#10078=DIRECTION('',(-0.913365570606057,0.,0.407140435760773));
#10079=DIRECTION('',(0.,-1.,0.));
#10080=DIRECTION('',(-0.913365570606057,0.,0.407140435760773));
#10081=DIRECTION('',(0.345179097753507,0.,0.938536834905309));
#10082=DIRECTION('',(0.938536834905309,0.,-0.345179097753507));
#10083=DIRECTION('',(-0.938536834905309,0.,0.345179097753507));
#10084=DIRECTION('',(0.,-1.,0.));
#10085=DIRECTION('',(-0.938536834905309,0.,0.345179097753507));
#10086=DIRECTION('',(0.288451462731799,0.,0.957494518860492));
#10087=DIRECTION('',(0.957494518860492,0.,-0.288451462731799));
#10088=DIRECTION('',(-0.957494518860492,0.,0.288451462731799));
#10089=DIRECTION('',(0.,-1.,0.));
#10090=DIRECTION('',(-0.957494518860492,0.,0.288451462731799));
#10091=DIRECTION('',(0.23626890916511,0.,0.971687708351778));
#10092=DIRECTION('',(0.971687708351778,0.,-0.23626890916511));
#10093=DIRECTION('',(-0.971687708351777,0.,0.23626890916511));
#10094=DIRECTION('',(0.,-1.,0.));
#10095=DIRECTION('',(-0.971687708351777,0.,0.23626890916511));
#10096=DIRECTION('',(0.187875557771754,0.,0.982192839920935));
#10097=DIRECTION('',(0.982192839920935,0.,-0.187875557771754));
#10098=DIRECTION('',(-0.982192839920935,0.,0.187875557771754));
#10099=DIRECTION('',(0.,-1.,0.));
#10100=DIRECTION('',(-0.982192839920935,0.,0.187875557771754));
#10101=DIRECTION('',(0.142509542506103,0.,0.989793428092297));
#10102=DIRECTION('',(0.989793428092297,0.,-0.142509542506103));
#10103=DIRECTION('',(-0.989793428092297,0.,0.142509542506103));
#10104=DIRECTION('',(0.,-1.,0.));
#10105=DIRECTION('',(-0.989793428092297,0.,0.142509542506103));
#10106=DIRECTION('',(0.099424839613819,0.,0.995045074992971));
#10107=DIRECTION('',(0.995045074992971,0.,-0.099424839613819));
#10108=DIRECTION('',(-0.995045074992971,0.,0.099424839613819));
#10109=DIRECTION('',(0.,-1.,0.));
#10110=DIRECTION('',(-0.995045074992971,0.,0.099424839613819));
#10111=DIRECTION('',(0.0578902270554262,0.,0.99832295456504));
#10112=DIRECTION('',(0.99832295456504,0.,-0.0578902270554262));
#10113=DIRECTION('',(-0.99832295456504,0.,0.0578902270554262));
#10114=DIRECTION('',(0.,-1.,0.));
#10115=DIRECTION('',(-0.99832295456504,0.,0.0578902270554262));
#10116=DIRECTION('',(0.0171738509205459,0.,0.99985251854689));
#10117=DIRECTION('',(0.99985251854689,0.,-0.0171738509205459));
#10118=DIRECTION('',(-0.99985251854689,0.,0.0171738509205459));
#10119=DIRECTION('',(0.,-1.,0.));
#10120=DIRECTION('',(-0.99985251854689,0.,0.0171738509205459));
#10121=DIRECTION('',(-0.0234817102313964,0.,0.999724266627858));
#10122=DIRECTION('',(0.999724266627858,0.,0.0234817102313964));
#10123=DIRECTION('',(-0.999724266627858,0.,-0.0234817102313964));
#10124=DIRECTION('',(0.,-1.,0.));
#10125=DIRECTION('',(-0.999724266627858,0.,-0.0234817102313964));
#10126=DIRECTION('',(-0.0648957560959208,0.,0.997892048691009));
#10127=DIRECTION('',(0.997892048691009,0.,0.0648957560959208));
#10128=DIRECTION('',(-0.997892048691009,0.,-0.0648957560959208));
#10129=DIRECTION('',(0.,-1.,0.));
#10130=DIRECTION('',(-0.997892048691009,0.,-0.0648957560959208));
#10131=DIRECTION('',(-0.107994563560017,0.,0.994151484554281));
#10132=DIRECTION('',(0.994151484554281,0.,0.107994563560017));
#10133=DIRECTION('',(-0.994151484554281,0.,-0.107994563560017));
#10134=DIRECTION('',(0.,-1.,0.));
#10135=DIRECTION('',(-0.994151484554281,0.,-0.107994563560017));
#10136=DIRECTION('',(-0.153874231658359,0.,0.988090441625436));
#10137=DIRECTION('',(0.988090441625436,0.,0.153874231658359));
#10138=DIRECTION('',(-0.988090441625436,0.,-0.153874231658359));
#10139=DIRECTION('',(0.,-1.,0.));
#10140=DIRECTION('',(-0.988090441625436,0.,-0.153874231658359));
#10141=DIRECTION('',(-0.203881820760336,0.,0.978995507223322));
#10142=DIRECTION('',(0.978995507223322,0.,0.203881820760336));
#10143=DIRECTION('',(-0.978995507223322,0.,-0.203881820760336));
#10144=DIRECTION('',(0.,-1.,0.));
#10145=DIRECTION('',(-0.978995507223322,0.,-0.203881820760336));
#10146=DIRECTION('',(-0.259720361324313,0.,0.965683868516798));
#10147=DIRECTION('',(0.965683868516798,0.,0.259720361324313));
#10148=DIRECTION('',(-0.965683868516798,0.,-0.259720361324313));
#10149=DIRECTION('',(0.,-1.,0.));
#10150=DIRECTION('',(-0.965683868516798,0.,-0.259720361324313));
#10151=DIRECTION('',(-0.192794041105837,0.,0.981239245910028));
#10152=DIRECTION('',(0.981239245910028,0.,0.192794041105837));
#10153=DIRECTION('',(-0.981239245910028,0.,-0.192794041105837));
#10154=DIRECTION('',(0.,-1.,0.));
#10155=DIRECTION('',(-0.981239245910028,0.,-0.192794041105837));
#10156=DIRECTION('',(0.00643179156071544,0.,0.999979315814742));
#10157=DIRECTION('',(0.999979315814742,0.,-0.00643179156071544));
#10158=DIRECTION('',(-0.999979315814742,0.,0.00643179156071544));
#10159=DIRECTION('',(0.,-1.,0.));
#10160=DIRECTION('',(-0.999979315814742,0.,0.00643179156071544));
#10161=DIRECTION('',(0.201231610119865,0.,0.979543689218897));
#10162=DIRECTION('',(0.979543689218897,0.,-0.201231610119865));
#10163=DIRECTION('',(-0.979543689218897,0.,0.201231610119865));
#10164=DIRECTION('',(0.,-1.,0.));
#10165=DIRECTION('',(-0.979543689218897,0.,0.201231610119865));
#10166=DIRECTION('',(0.384875431530599,0.,0.922968527201299));
#10167=DIRECTION('',(0.922968527201299,0.,-0.384875431530599));
#10168=DIRECTION('',(-0.922968527201299,0.,0.384875431530599));
#10169=DIRECTION('',(0.,-1.,0.));
#10170=DIRECTION('',(-0.922968527201299,0.,0.384875431530599));
#10171=DIRECTION('',(0.553143681794239,0.,0.833085870298563));
#10172=DIRECTION('',(0.833085870298563,0.,-0.553143681794239));
#10173=DIRECTION('',(-0.833085870298563,0.,0.553143681794239));
#10174=DIRECTION('',(0.,-1.,0.));
#10175=DIRECTION('',(-0.833085870298563,0.,0.553143681794239));
#10176=DIRECTION('',(0.702378624616744,0.,0.711803531658485));
#10177=DIRECTION('',(0.711803531658485,0.,-0.702378624616744));
#10178=DIRECTION('',(-0.711803531658485,0.,0.702378624616744));
#10179=DIRECTION('',(0.,-1.,0.));
#10180=DIRECTION('',(-0.711803531658485,0.,0.702378624616744));
#10181=DIRECTION('',(0.827801155418924,0.,0.561021610178338));
#10182=DIRECTION('',(0.561021610178338,0.,-0.827801155418924));
#10183=DIRECTION('',(-0.561021610178338,0.,0.827801155418924));
#10184=DIRECTION('',(0.,-1.,0.));
#10185=DIRECTION('',(-0.561021610178338,0.,0.827801155418924));
#10186=DIRECTION('',(0.923050077706232,0.,0.384679807172821));
#10187=DIRECTION('',(0.384679807172821,0.,-0.923050077706232));
#10188=DIRECTION('',(-0.384679807172821,0.,0.923050077706232));
#10189=DIRECTION('',(0.,-1.,0.));
#10190=DIRECTION('',(-0.384679807172821,0.,0.923050077706232));
#10191=DIRECTION('',(0.98123353474995,0.,0.192823106193524));
#10192=DIRECTION('',(0.192823106193524,0.,-0.98123353474995));
#10193=DIRECTION('',(-0.192823106193524,0.,0.98123353474995));
#10194=DIRECTION('',(0.,-1.,0.));
#10195=DIRECTION('',(-0.192823106193524,0.,0.98123353474995));
#10196=DIRECTION('',(0.999979316336795,0.,-0.00643171039421535));
#10197=DIRECTION('',(-0.00643171039421535,0.,-0.999979316336796));
#10198=DIRECTION('',(0.00643171039421535,0.,0.999979316336796));
#10199=DIRECTION('',(0.,-1.,0.));
#10200=DIRECTION('',(0.00643171039421535,0.,0.999979316336796));
#10201=DIRECTION('',(0.979529360891982,0.,-0.201301344134969));
#10202=DIRECTION('',(-0.201301344134969,0.,-0.979529360891982));
#10203=DIRECTION('',(0.201301344134969,0.,0.979529360891982));
#10204=DIRECTION('',(0.,-1.,0.));
#10205=DIRECTION('',(0.201301344134969,0.,0.979529360891982));
#10206=DIRECTION('',(0.922917875367278,0.,-0.384996877036099));
#10207=DIRECTION('',(-0.384996877036099,0.,-0.922917875367278));
#10208=DIRECTION('',(0.384996877036099,0.,0.922917875367278));
#10209=DIRECTION('',(0.,-1.,0.));
#10210=DIRECTION('',(0.384996877036099,0.,0.922917875367278));
#10211=DIRECTION('',(0.833009503750544,0.,-0.553258679698089));
#10212=DIRECTION('',(-0.553258679698089,0.,-0.833009503750544));
#10213=DIRECTION('',(0.553258679698089,0.,0.833009503750544));
#10214=DIRECTION('',(0.,-1.,0.));
#10215=DIRECTION('',(0.553258679698089,0.,0.833009503750544));
#10216=DIRECTION('',(0.711764055738283,0.,-0.702418627998284));
#10217=DIRECTION('',(-0.702418627998284,0.,-0.711764055738283));
#10218=DIRECTION('',(0.702418627998284,0.,0.711764055738283));
#10219=DIRECTION('',(0.,-1.,0.));
#10220=DIRECTION('',(0.702418627998284,0.,0.711764055738283));
#10221=DIRECTION('',(0.561131546158385,0.,-0.827726638393316));
#10222=DIRECTION('',(-0.827726638393317,0.,-0.561131546158385));
#10223=DIRECTION('',(0.827726638393317,0.,0.561131546158385));
#10224=DIRECTION('',(0.,-1.,0.));
#10225=DIRECTION('',(0.827726638393317,0.,0.561131546158385));
#10226=DIRECTION('',(0.385068743043015,0.,-0.92288789304621));
#10227=DIRECTION('',(-0.92288789304621,0.,-0.385068743043015));
#10228=DIRECTION('',(0.92288789304621,0.,0.385068743043015));
#10229=DIRECTION('',(0.,-1.,0.));
#10230=DIRECTION('',(0.92288789304621,0.,0.385068743043015));
#10231=DIRECTION('',(0.260614280939028,0.,-0.965443005345543));
#10232=DIRECTION('',(-0.965443005345543,0.,-0.260614280939028));
#10233=DIRECTION('',(0.965443005345543,0.,0.260614280939028));
#10234=DIRECTION('',(0.,-1.,0.));
#10235=DIRECTION('',(0.965443005345543,0.,0.260614280939028));
#10236=DIRECTION('',(0.205656936160878,0.,-0.978624148797137));
#10237=DIRECTION('',(-0.978624148797137,0.,-0.205656936160878));
#10238=DIRECTION('',(0.978624148797137,0.,0.205656936160878));
#10239=DIRECTION('',(0.,-1.,0.));
#10240=DIRECTION('',(0.978624148797137,0.,0.205656936160878));
#10241=DIRECTION('',(0.155767257969013,0.,-0.987793784827995));
#10242=DIRECTION('',(-0.987793784827995,0.,-0.155767257969013));
#10243=DIRECTION('',(0.987793784827995,0.,0.155767257969013));
#10244=DIRECTION('',(0.,-1.,0.));
#10245=DIRECTION('',(0.987793784827995,0.,0.155767257969013));
#10246=DIRECTION('',(0.109506976870343,0.,-0.993986027073177));
#10247=DIRECTION('',(-0.993986027073177,0.,-0.109506976870343));
#10248=DIRECTION('',(0.993986027073177,0.,0.109506976870343));
#10249=DIRECTION('',(0.,-1.,0.));
#10250=DIRECTION('',(0.993986027073177,0.,0.109506976870343));
#10251=DIRECTION('',(0.0657066787463102,0.,-0.997838981182901));
#10252=DIRECTION('',(-0.997838981182901,0.,-0.0657066787463102));
#10253=DIRECTION('',(0.997838981182901,0.,0.0657066787463102));
#10254=DIRECTION('',(0.,-1.,0.));
#10255=DIRECTION('',(0.997838981182901,0.,0.0657066787463102));
#10256=DIRECTION('',(0.0233924547840869,0.,-0.999726359089913));
#10257=DIRECTION('',(-0.999726359089913,0.,-0.0233924547840869));
#10258=DIRECTION('',(0.999726359089913,0.,0.0233924547840869));
#10259=DIRECTION('',(0.,-1.,0.));
#10260=DIRECTION('',(0.999726359089913,0.,0.0233924547840869));
#10261=DIRECTION('',(-0.0182721812525682,0.,-0.999833049759945));
#10262=DIRECTION('',(-0.999833049759945,0.,0.0182721812525682));
#10263=DIRECTION('',(0.999833049759945,0.,-0.0182721812525682));
#10264=DIRECTION('',(0.,-1.,0.));
#10265=DIRECTION('',(0.999833049759945,0.,-0.0182721812525682));
#10266=DIRECTION('',(-0.0600336637493503,0.,-0.998196353037232));
#10267=DIRECTION('',(-0.998196353037232,0.,0.0600336637493503));
#10268=DIRECTION('',(0.998196353037232,0.,-0.0600336637493503));
#10269=DIRECTION('',(0.,-1.,0.));
#10270=DIRECTION('',(0.998196353037232,0.,-0.0600336637493503));
#10271=DIRECTION('',(-0.102582288855938,0.,-0.994724521670737));
#10272=DIRECTION('',(-0.994724521670737,0.,0.102582288855938));
#10273=DIRECTION('',(0.994724521670737,0.,-0.102582288855938));
#10274=DIRECTION('',(0.,-1.,0.));
#10275=DIRECTION('',(0.994724521670737,0.,-0.102582288855938));
#10276=DIRECTION('',(-0.146580071871875,0.,-0.989198808394974));
#10277=DIRECTION('',(-0.989198808394974,0.,0.146580071871875));
#10278=DIRECTION('',(0.989198808394974,0.,-0.146580071871875));
#10279=DIRECTION('',(0.,-1.,0.));
#10280=DIRECTION('',(0.989198808394974,0.,-0.146580071871875));
#10281=DIRECTION('',(-0.192676567428245,0.,-0.981262319853396));
#10282=DIRECTION('',(-0.981262319853396,0.,0.192676567428245));
#10283=DIRECTION('',(0.981262319853396,0.,-0.192676567428245));
#10284=DIRECTION('',(0.,-1.,0.));
#10285=DIRECTION('',(0.981262319853396,0.,-0.192676567428245));
#10286=DIRECTION('',(-0.241517939584221,0.,-0.970396354516541));
#10287=DIRECTION('',(-0.970396354516541,0.,0.241517939584221));
#10288=DIRECTION('',(0.970396354516541,0.,-0.241517939584221));
#10289=DIRECTION('',(0.,-1.,0.));
#10290=DIRECTION('',(0.970396354516541,0.,-0.241517939584221));
#10291=DIRECTION('',(-0.293740428824372,0.,-0.955885223483486));
#10292=DIRECTION('',(-0.955885223483486,0.,0.293740428824372));
#10293=DIRECTION('',(0.955885223483486,0.,-0.293740428824372));
#10294=DIRECTION('',(0.,-1.,0.));
#10295=DIRECTION('',(0.955885223483486,0.,-0.293740428824372));
#10296=DIRECTION('',(-0.349944168563742,0.,-0.936770558294949));
#10297=DIRECTION('',(-0.936770558294949,0.,0.349944168563742));
#10298=DIRECTION('',(0.936770558294949,0.,-0.349944168563742));
#10299=DIRECTION('',(0.,-1.,0.));
#10300=DIRECTION('',(0.936770558294949,0.,-0.349944168563742));
#10301=DIRECTION('',(-0.410635677835315,0.,-0.911799506519241));
#10302=DIRECTION('',(-0.911799506519241,0.,0.410635677835315));
#10303=DIRECTION('',(0.911799506519241,0.,-0.410635677835315));
#10304=DIRECTION('',(0.,-1.,0.));
#10305=DIRECTION('',(0.911799506519241,0.,-0.410635677835315));
#10306=DIRECTION('',(-0.459162201248575,0.,-0.888352448606162));
#10307=DIRECTION('',(-0.888352448606162,0.,0.459162201248575));
#10308=DIRECTION('',(0.888352448606162,0.,-0.459162201248575));
#10309=DIRECTION('',(0.,-1.,0.));
#10310=DIRECTION('',(0.888352448606162,0.,-0.459162201248575));
#10311=DIRECTION('',(-0.493106716651442,0.,-0.869968830472238));
#10312=DIRECTION('',(-0.869968830472238,0.,0.493106716651442));
#10313=DIRECTION('',(0.869968830472238,0.,-0.493106716651442));
#10314=DIRECTION('',(0.,-1.,0.));
#10315=DIRECTION('',(0.869968830472238,0.,-0.493106716651442));
#10316=DIRECTION('',(-0.591545991157764,0.,-0.806271257298174));
#10317=DIRECTION('',(-0.806271257298174,0.,0.591545991157764));
#10318=DIRECTION('',(0.806271257298174,0.,-0.591545991157764));
#10319=DIRECTION('',(0.,-1.,0.));
#10320=DIRECTION('',(0.806271257298174,0.,-0.591545991157764));
#10321=DIRECTION('',(-0.737714626893857,0.,-0.675112678940973));
#10322=DIRECTION('',(-0.675112678940973,0.,0.737714626893857));
#10323=DIRECTION('',(0.675112678940973,0.,-0.737714626893857));
#10324=DIRECTION('',(0.,-1.,0.));
#10325=DIRECTION('',(0.675112678940973,0.,-0.737714626893857));
#10326=DIRECTION('',(-0.85490469560889,0.,-0.518785082115775));
#10327=DIRECTION('',(-0.518785082115775,0.,0.85490469560889));
#10328=DIRECTION('',(0.518785082115775,0.,-0.85490469560889));
#10329=DIRECTION('',(0.,-1.,0.));
#10330=DIRECTION('',(0.518785082115775,0.,-0.85490469560889));
#10331=DIRECTION('',(-0.939808874689841,0.,-0.341700569291617));
#10332=DIRECTION('',(-0.341700569291617,0.,0.939808874689841));
#10333=DIRECTION('',(0.341700569291617,0.,-0.939808874689841));
#10334=DIRECTION('',(0.,-1.,0.));
#10335=DIRECTION('',(0.341700569291617,0.,-0.939808874689841));
#10336=DIRECTION('',(-0.988595248678419,0.,-0.150596926563776));
#10337=DIRECTION('',(-0.150596926563776,0.,0.988595248678419));
#10338=DIRECTION('',(0.150596926563776,0.,-0.988595248678419));
#10339=DIRECTION('',(0.,-1.,0.));
#10340=DIRECTION('',(0.150596926563776,0.,-0.988595248678419));
#10341=DIRECTION('',(-0.998963609655636,0.,0.0455160036007326));
#10342=DIRECTION('',(0.0455160036007326,0.,0.998963609655636));
#10343=DIRECTION('',(-0.0455160036007326,0.,-0.998963609655636));
#10344=DIRECTION('',(0.,-1.,0.));
#10345=DIRECTION('',(-0.0455160036007326,0.,-0.998963609655636));
#10346=DIRECTION('',(-0.971047327693938,0.,0.238887185463061));
#10347=DIRECTION('',(0.238887185463061,0.,0.971047327693938));
#10348=DIRECTION('',(-0.238887185463061,0.,-0.971047327693938));
#10349=DIRECTION('',(0.,-1.,0.));
#10350=DIRECTION('',(-0.238887185463061,0.,-0.971047327693938));
#10351=DIRECTION('',(-0.905634213872159,0.,0.424059748931865));
#10352=DIRECTION('',(0.424059748931865,0.,0.905634213872159));
#10353=DIRECTION('',(-0.424059748931865,0.,-0.905634213872159));
#10354=DIRECTION('',(0.,-1.,0.));
#10355=DIRECTION('',(-0.424059748931865,0.,-0.905634213872159));
#10356=DIRECTION('',(-0.805172707716555,0.,0.593040395545187));
#10357=DIRECTION('',(0.593040395545187,0.,0.805172707716555));
#10358=DIRECTION('',(-0.593040395545187,0.,-0.805172707716555));
#10359=DIRECTION('',(0.,-1.,0.));
#10360=DIRECTION('',(-0.593040395545187,0.,-0.805172707716555));
#10361=DIRECTION('',(-0.670332105739751,0.,0.742061229289411));
#10362=DIRECTION('',(0.742061229289411,0.,0.670332105739751));
#10363=DIRECTION('',(-0.742061229289411,0.,-0.670332105739751));
#10364=DIRECTION('',(0.,-1.,0.));
#10365=DIRECTION('',(-0.742061229289411,0.,-0.670332105739751));
#10366=DIRECTION('',(-0.512378014222387,0.,0.858760019179703));
#10367=DIRECTION('',(0.858760019179703,0.,0.512378014222387));
#10368=DIRECTION('',(-0.858760019179703,0.,-0.512378014222387));
#10369=DIRECTION('',(0.,-1.,0.));
#10370=DIRECTION('',(-0.858760019179703,0.,-0.512378014222387));
#10371=DIRECTION('',(-0.338457241286603,0.,0.940981772310528));
#10372=DIRECTION('',(0.940981772310528,0.,0.338457241286603));
#10373=DIRECTION('',(-0.940981772310528,0.,-0.338457241286603));
#10374=DIRECTION('',(0.,-1.,0.));
#10375=DIRECTION('',(-0.940981772310528,0.,-0.338457241286603));
#10376=DIRECTION('',(-0.153576315131342,0.,0.988136789837662));
#10377=DIRECTION('',(0.988136789837662,0.,0.153576315131342));
#10378=DIRECTION('',(-0.988136789837662,0.,-0.153576315131342));
#10379=DIRECTION('',(0.,-1.,0.));
#10380=DIRECTION('',(-0.988136789837662,0.,-0.153576315131342));
#10381=DIRECTION('',(0.0384120846827119,0.,0.999261983541017));
#10382=DIRECTION('',(0.999261983541017,0.,-0.0384120846827119));
#10383=DIRECTION('',(-0.999261983541017,0.,0.0384120846827119));
#10384=DIRECTION('',(0.,-1.,0.));
#10385=DIRECTION('',(-0.999261983541017,0.,0.0384120846827119));
#10386=DIRECTION('',(0.232867336486912,0.,0.972508510809798));
#10387=DIRECTION('',(0.972508510809798,0.,-0.232867336486912));
#10388=DIRECTION('',(-0.972508510809798,0.,0.232867336486912));
#10389=DIRECTION('',(0.,-1.,0.));
#10390=DIRECTION('',(-0.972508510809798,0.,0.232867336486912));
#10391=DIRECTION('',(-0.899827210293903,0.,0.436246480346482));
#10392=DIRECTION('',(0.436246480346482,0.,0.899827210293903));
#10393=DIRECTION('',(-0.436246480346482,0.,-0.899827210293903));
#10394=DIRECTION('',(0.,-1.,0.));
#10395=DIRECTION('',(-0.436246480346482,0.,-0.899827210293903));
#10396=DIRECTION('',(0.,-1.,0.));
#10397=DIRECTION('',(-0.795044121212883,0.,0.606551601535132));
#10398=DIRECTION('',(0.606551601535132,0.,0.795044121212884));
#10399=DIRECTION('',(-0.606551601535132,0.,-0.795044121212884));
#10400=DIRECTION('',(0.,-1.,0.));
#10401=DIRECTION('',(-0.606551601535132,0.,-0.795044121212884));
#10402=DIRECTION('',(-0.658787909871956,0.,0.752328711273563));
#10403=DIRECTION('',(0.752328711273563,0.,0.658787909871956));
#10404=DIRECTION('',(-0.752328711273563,0.,-0.658787909871956));
#10405=DIRECTION('',(0.,-1.,0.));
#10406=DIRECTION('',(-0.752328711273563,0.,-0.658787909871956));
#10407=DIRECTION('',(-0.499871609942265,0.,0.866099517130525));
#10408=DIRECTION('',(0.866099517130525,0.,0.499871609942265));
#10409=DIRECTION('',(-0.866099517130525,0.,-0.499871609942265));
#10410=DIRECTION('',(0.,-1.,0.));
#10411=DIRECTION('',(-0.866099517130525,0.,-0.499871609942265));
#10412=DIRECTION('',(-0.32517444955514,0.,0.94565404739604));
#10413=DIRECTION('',(0.94565404739604,0.,0.32517444955514));
#10414=DIRECTION('',(-0.94565404739604,0.,-0.32517444955514));
#10415=DIRECTION('',(0.,-1.,0.));
#10416=DIRECTION('',(-0.94565404739604,0.,-0.32517444955514));
#10417=DIRECTION('',(-0.139631180822071,0.,0.99020358176601));
#10418=DIRECTION('',(0.99020358176601,0.,0.139631180822071));
#10419=DIRECTION('',(-0.990203581766009,0.,-0.139631180822071));
#10420=DIRECTION('',(0.,-1.,0.));
#10421=DIRECTION('',(-0.990203581766009,0.,-0.139631180822071));
#10422=DIRECTION('',(0.0527736186400486,0.,0.998606501669018));
#10423=DIRECTION('',(0.998606501669018,0.,-0.0527736186400486));
#10424=DIRECTION('',(-0.998606501669018,0.,0.0527736186400486));
#10425=DIRECTION('',(0.,-1.,0.));
#10426=DIRECTION('',(-0.998606501669018,0.,0.0527736186400486));
#10427=DIRECTION('',(0.247113949960789,0.,0.968986427012668));
#10428=DIRECTION('',(0.968986427012668,0.,-0.247113949960789));
#10429=DIRECTION('',(-0.968986427012668,0.,0.247113949960789));
#10430=DIRECTION('',(0.,-1.,0.));
#10431=DIRECTION('',(-0.968986427012668,0.,0.247113949960789));
#10432=DIRECTION('',(0.435851646768055,0.,0.900018523148038));
#10433=DIRECTION('',(0.900018523148038,0.,-0.435851646768055));
#10434=DIRECTION('',(-0.900018523148038,0.,0.435851646768055));
#10435=DIRECTION('',(0.,-1.,0.));
#10436=DIRECTION('',(-0.900018523148038,0.,0.435851646768055));
#10437=DIRECTION('',(0.494695334083025,0.,0.869066468365041));
#10438=DIRECTION('',(0.869066468365041,0.,-0.494695334083025));
#10439=DIRECTION('',(-0.869066468365041,0.,0.494695334083025));
#10440=DIRECTION('',(0.,-1.,0.));
#10441=DIRECTION('',(-0.869066468365041,0.,0.494695334083025));
#10442=DIRECTION('',(0.43839675931804,0.,0.898781553782365));
#10443=DIRECTION('',(0.898781553782365,0.,-0.43839675931804));
#10444=DIRECTION('',(-0.898781553782365,0.,0.438396759318039));
#10445=DIRECTION('',(0.,-1.,0.));
#10446=DIRECTION('',(-0.898781553782365,0.,0.438396759318039));
#10447=DIRECTION('',(0.384414379995669,0.,0.923160649319795));
#10448=DIRECTION('',(0.923160649319795,0.,-0.384414379995669));
#10449=DIRECTION('',(-0.923160649319795,0.,0.384414379995669));
#10450=DIRECTION('',(0.,-1.,0.));
#10451=DIRECTION('',(-0.923160649319795,0.,0.384414379995669));
#10452=DIRECTION('',(0.332541620061197,0.,0.943088580636556));
#10453=DIRECTION('',(0.943088580636556,0.,-0.332541620061197));
#10454=DIRECTION('',(-0.943088580636556,0.,0.332541620061197));
#10455=DIRECTION('',(0.,-1.,0.));
#10456=DIRECTION('',(-0.943088580636556,0.,0.332541620061197));
#10457=DIRECTION('',(0.28247721710143,0.,0.959274007684265));
#10458=DIRECTION('',(0.959274007684265,0.,-0.28247721710143));
#10459=DIRECTION('',(-0.959274007684265,0.,0.28247721710143));
#10460=DIRECTION('',(0.,-1.,0.));
#10461=DIRECTION('',(-0.959274007684265,0.,0.28247721710143));
#10462=DIRECTION('',(0.233864990546938,0.,0.972269081168624));
#10463=DIRECTION('',(0.972269081168624,0.,-0.233864990546938));
#10464=DIRECTION('',(-0.972269081168624,0.,0.233864990546938));
#10465=DIRECTION('',(0.,-1.,0.));
#10466=DIRECTION('',(-0.972269081168624,0.,0.233864990546938));
#10467=DIRECTION('',(0.186319762954472,0.,0.982489158175595));
#10468=DIRECTION('',(0.982489158175595,0.,-0.186319762954472));
#10469=DIRECTION('',(-0.982489158175595,0.,0.186319762954472));
#10470=DIRECTION('',(0.,-1.,0.));
#10471=DIRECTION('',(-0.982489158175595,0.,0.186319762954472));
#10472=DIRECTION('',(0.139440965807868,0.,0.990230385846935));
#10473=DIRECTION('',(0.990230385846935,0.,-0.139440965807868));
#10474=DIRECTION('',(-0.990230385846935,0.,0.139440965807868));
#10475=DIRECTION('',(0.,-1.,0.));
#10476=DIRECTION('',(-0.990230385846935,0.,0.139440965807868));
#10477=DIRECTION('',(0.0928201919563073,0.,0.995682887251355));
#10478=DIRECTION('',(0.995682887251355,0.,-0.0928201919563073));
#10479=DIRECTION('',(-0.995682887251355,0.,0.0928201919563073));
#10480=DIRECTION('',(0.,-1.,0.));
#10481=DIRECTION('',(-0.995682887251355,0.,0.0928201919563073));
#10482=DIRECTION('',(0.0460442148802769,0.,0.998939402704718));
#10483=DIRECTION('',(0.998939402704718,0.,-0.0460442148802769));
#10484=DIRECTION('',(-0.998939402704718,0.,0.0460442148802769));
#10485=DIRECTION('',(0.,-1.,0.));
#10486=DIRECTION('',(-0.998939402704718,0.,0.0460442148802769));
#10487=DIRECTION('',(-0.00130392142644143,0.,0.999999149894096));
#10488=DIRECTION('',(0.999999149894096,0.,0.00130392142644143));
#10489=DIRECTION('',(-0.999999149894096,0.,-0.00130392142644143));
#10490=DIRECTION('',(0.,-1.,0.));
#10491=DIRECTION('',(-0.999999149894096,0.,-0.00130392142644143));
#10492=DIRECTION('',(-0.0496453127193194,0.,0.998766911208517));
#10493=DIRECTION('',(0.998766911208517,0.,0.0496453127193194));
#10494=DIRECTION('',(-0.998766911208517,0.,-0.0496453127193194));
#10495=DIRECTION('',(0.,-1.,0.));
#10496=DIRECTION('',(-0.998766911208517,0.,-0.0496453127193194));
#10497=DIRECTION('',(-0.0994017695092485,0.,0.995047379886219));
#10498=DIRECTION('',(0.995047379886219,0.,0.0994017695092485));
#10499=DIRECTION('',(-0.995047379886219,0.,-0.0994017695092485));
#10500=DIRECTION('',(0.,-1.,0.));
#10501=DIRECTION('',(-0.995047379886219,0.,-0.0994017695092485));
#10502=DIRECTION('',(-0.150991943521029,0.,0.988534993306632));
#10503=DIRECTION('',(0.988534993306632,0.,0.150991943521029));
#10504=DIRECTION('',(-0.988534993306632,0.,-0.150991943521029));
#10505=DIRECTION('',(0.,-1.,0.));
#10506=DIRECTION('',(-0.988534993306632,0.,-0.150991943521029));
#10507=DIRECTION('',(-0.204819886127035,0.,0.978799680346754));
#10508=DIRECTION('',(0.978799680346754,0.,0.204819886127035));
#10509=DIRECTION('',(-0.978799680346754,0.,-0.204819886127035));
#10510=DIRECTION('',(0.,-1.,0.));
#10511=DIRECTION('',(-0.978799680346754,0.,-0.204819886127035));
#10512=DIRECTION('',(-0.261255333080174,0.,0.965269729628547));
#10513=DIRECTION('',(0.965269729628547,0.,0.261255333080174));
#10514=DIRECTION('',(-0.965269729628547,0.,-0.261255333080174));
#10515=DIRECTION('',(0.,-1.,0.));
#10516=DIRECTION('',(-0.965269729628547,0.,-0.261255333080174));
#10517=DIRECTION('',(-0.19191323526833,0.,0.981411896264175));
#10518=DIRECTION('',(0.981411896264174,0.,0.19191323526833));
#10519=DIRECTION('',(-0.981411896264175,0.,-0.19191323526833));
#10520=DIRECTION('',(0.,-1.,0.));
#10521=DIRECTION('',(-0.981411896264175,0.,-0.19191323526833));
#10522=DIRECTION('',(0.00689931671900549,0.,0.999976199431172));
#10523=DIRECTION('',(0.999976199431172,0.,-0.00689931671900549));
#10524=DIRECTION('',(-0.999976199431172,0.,0.00689931671900549));
#10525=DIRECTION('',(0.,-1.,0.));
#10526=DIRECTION('',(-0.999976199431172,0.,0.00689931671900549));
#10527=DIRECTION('',(0.201340951150282,0.,0.979521220489837));
#10528=DIRECTION('',(0.979521220489837,0.,-0.201340951150282));
#10529=DIRECTION('',(-0.979521220489837,0.,0.201340951150282));
#10530=DIRECTION('',(0.,-1.,0.));
#10531=DIRECTION('',(-0.979521220489837,0.,0.201340951150282));
#10532=DIRECTION('',(0.384720214896436,0.,0.923033236806801));
#10533=DIRECTION('',(0.923033236806801,0.,-0.384720214896436));
#10534=DIRECTION('',(-0.923033236806801,0.,0.384720214896436));
#10535=DIRECTION('',(0.,-1.,0.));
#10536=DIRECTION('',(-0.923033236806801,0.,0.384720214896436));
#10537=DIRECTION('',(0.552822604453962,0.,0.833298966760873));
#10538=DIRECTION('',(0.833298966760873,0.,-0.552822604453962));
#10539=DIRECTION('',(-0.833298966760873,0.,0.552822604453962));
#10540=DIRECTION('',(0.,-1.,0.));
#10541=DIRECTION('',(-0.833298966760873,0.,0.552822604453962));
#10542=DIRECTION('',(0.701981589955045,0.,0.712195090803206));
#10543=DIRECTION('',(0.712195090803206,0.,-0.701981589955045));
#10544=DIRECTION('',(-0.712195090803206,0.,0.701981589955045));
#10545=DIRECTION('',(0.,-1.,0.));
#10546=DIRECTION('',(-0.712195090803206,0.,0.701981589955045));
#10547=DIRECTION('',(0.827404796308245,0.,0.561606003392157));
#10548=DIRECTION('',(0.561606003392157,0.,-0.827404796308245));
#10549=DIRECTION('',(-0.561606003392157,0.,0.827404796308245));
#10550=DIRECTION('',(0.,-1.,0.));
#10551=DIRECTION('',(-0.561606003392157,0.,0.827404796308245));
#10552=DIRECTION('',(0.922725539663382,0.,0.385457622123263));
#10553=DIRECTION('',(0.385457622123263,0.,-0.922725539663382));
#10554=DIRECTION('',(-0.385457622123263,0.,0.922725539663382));
#10555=DIRECTION('',(0.,-1.,0.));
#10556=DIRECTION('',(-0.385457622123263,0.,0.922725539663382));
#10557=DIRECTION('',(0.981477181293181,0.,0.191579076625794));
#10558=DIRECTION('',(0.191579076625794,0.,-0.981477181293181));
#10559=DIRECTION('',(-0.191579076625794,0.,0.981477181293181));
#10560=DIRECTION('',(0.,-1.,0.));
#10561=DIRECTION('',(-0.191579076625794,0.,0.981477181293181));
#10562=DIRECTION('',(0.999972652520538,0.,-0.00739555346401256));
#10563=DIRECTION('',(-0.00739555346401256,0.,-0.999972652520538));
#10564=DIRECTION('',(0.00739555346401256,0.,0.999972652520538));
#10565=DIRECTION('',(0.,-1.,0.));
#10566=DIRECTION('',(0.00739555346401256,0.,0.999972652520538));
#10567=DIRECTION('',(0.979393183006165,0.,-0.201962850745013));
#10568=DIRECTION('',(-0.201962850745013,0.,-0.979393183006165));
#10569=DIRECTION('',(0.201962850745013,0.,0.979393183006165));
#10570=DIRECTION('',(0.,-1.,0.));
#10571=DIRECTION('',(0.201962850745013,0.,0.979393183006165));
#10572=DIRECTION('',(0.922760877468043,0.,-0.385373018015542));
#10573=DIRECTION('',(-0.385373018015542,0.,-0.922760877468043));
#10574=DIRECTION('',(0.385373018015542,0.,0.922760877468043));
#10575=DIRECTION('',(0.,-1.,0.));
#10576=DIRECTION('',(0.385373018015542,0.,0.922760877468043));
#10577=DIRECTION('',(0.832928193308494,0.,-0.553381084598894));
#10578=DIRECTION('',(-0.553381084598894,0.,-0.832928193308494));
#10579=DIRECTION('',(0.553381084598894,0.,0.832928193308494));
#10580=DIRECTION('',(0.,-1.,0.));
#10581=DIRECTION('',(0.553381084598894,0.,0.832928193308494));
#10582=DIRECTION('',(0.71185015475513,0.,-0.702331372768651));
#10583=DIRECTION('',(-0.702331372768651,0.,-0.71185015475513));
#10584=DIRECTION('',(0.70233137276865,0.,0.71185015475513));
#10585=DIRECTION('',(0.,-1.,0.));
#10586=DIRECTION('',(0.70233137276865,0.,0.71185015475513));
#10587=DIRECTION('',(0.561470793940911,0.,-0.827496554404527));
#10588=DIRECTION('',(-0.827496554404527,0.,-0.561470793940911));
#10589=DIRECTION('',(0.827496554404527,0.,0.561470793940911));
#10590=DIRECTION('',(0.,-1.,0.));
#10591=DIRECTION('',(0.827496554404527,0.,0.561470793940911));
#10592=DIRECTION('',(0.385727615276594,0.,-0.922612706834798));
#10593=DIRECTION('',(-0.922612706834798,0.,-0.385727615276594));
#10594=DIRECTION('',(0.922612706834798,0.,0.385727615276594));
#10595=DIRECTION('',(0.,-1.,0.));
#10596=DIRECTION('',(0.922612706834798,0.,0.385727615276594));
#10597=DIRECTION('',(0.261987460674739,0.,-0.965071277393127));
#10598=DIRECTION('',(-0.965071277393127,0.,-0.261987460674739));
#10599=DIRECTION('',(0.965071277393127,0.,0.261987460674739));
#10600=DIRECTION('',(0.,-1.,0.));
#10601=DIRECTION('',(0.965071277393127,0.,0.261987460674739));
#10602=DIRECTION('',(0.206688467598862,0.,-0.978406805659913));
#10603=DIRECTION('',(-0.978406805659913,0.,-0.206688467598862));
#10604=DIRECTION('',(0.978406805659913,0.,0.206688467598862));
#10605=DIRECTION('',(0.,-1.,0.));
#10606=DIRECTION('',(0.978406805659913,0.,0.206688467598862));
#10607=DIRECTION('',(0.153345067267278,0.,-0.988172702691586));
#10608=DIRECTION('',(-0.988172702691586,0.,-0.153345067267278));
#10609=DIRECTION('',(0.988172702691586,0.,0.153345067267278));
#10610=DIRECTION('',(0.,-1.,0.));
#10611=DIRECTION('',(0.988172702691586,0.,0.153345067267278));
#10612=DIRECTION('',(0.101715769957409,0.,-0.994813501186012));
#10613=DIRECTION('',(-0.994813501186012,0.,-0.101715769957409));
#10614=DIRECTION('',(0.994813501186012,0.,0.101715769957409));
#10615=DIRECTION('',(0.,-1.,0.));
#10616=DIRECTION('',(0.994813501186012,0.,0.101715769957409));
#10617=DIRECTION('',(0.0515179704458845,0.,-0.998672067658417));
#10618=DIRECTION('',(-0.998672067658417,0.,-0.0515179704458845));
#10619=DIRECTION('',(0.998672067658417,0.,0.0515179704458845));
#10620=DIRECTION('',(0.,-1.,0.));
#10621=DIRECTION('',(0.998672067658417,0.,0.0515179704458845));
#10622=DIRECTION('',(0.0024435657177481,0.,-0.999997014488835));
#10623=DIRECTION('',(-0.999997014488835,0.,-0.0024435657177481));
#10624=DIRECTION('',(0.999997014488835,0.,0.0024435657177481));
#10625=DIRECTION('',(0.,-1.,0.));
#10626=DIRECTION('',(0.999997014488835,0.,0.0024435657177481));
#10627=DIRECTION('',(-0.0458285457754892,0.,-0.998949320232065));
#10628=DIRECTION('',(-0.998949320232065,0.,0.0458285457754892));
#10629=DIRECTION('',(0.998949320232065,0.,-0.0458285457754892));
#10630=DIRECTION('',(0.,-1.,0.));
#10631=DIRECTION('',(0.998949320232065,0.,-0.0458285457754892));
#10632=DIRECTION('',(-0.0936249125700999,0.,-0.995607541025198));
#10633=DIRECTION('',(-0.995607541025198,0.,0.0936249125700999));
#10634=DIRECTION('',(0.995607541025198,0.,-0.0936249125700999));
#10635=DIRECTION('',(0.,-1.,0.));
#10636=DIRECTION('',(0.995607541025198,0.,-0.0936249125700999));
#10637=DIRECTION('',(-0.141273222096499,0.,-0.989970644372081));
#10638=DIRECTION('',(-0.989970644372081,0.,0.141273222096499));
#10639=DIRECTION('',(0.989970644372081,0.,-0.141273222096499));
#10640=DIRECTION('',(0.,-1.,0.));
#10641=DIRECTION('',(0.989970644372081,0.,-0.141273222096499));
#10642=DIRECTION('',(-0.189097345759699,0.,-0.981958346278821));
#10643=DIRECTION('',(-0.981958346278821,0.,0.189097345759699));
#10644=DIRECTION('',(0.981958346278821,0.,-0.1890973457597));
#10645=DIRECTION('',(0.,-1.,0.));
#10646=DIRECTION('',(0.981958346278821,0.,-0.1890973457597));
#10647=DIRECTION('',(-0.237413005626862,0.,-0.971408804139235));
#10648=DIRECTION('',(-0.971408804139235,0.,0.237413005626862));
#10649=DIRECTION('',(0.971408804139235,0.,-0.237413005626862));
#10650=DIRECTION('',(0.,-1.,0.));
#10651=DIRECTION('',(0.971408804139235,0.,-0.237413005626862));
#10652=DIRECTION('',(-0.286522184039875,0.,-0.958073607847028));
#10653=DIRECTION('',(-0.958073607847028,0.,0.286522184039875));
#10654=DIRECTION('',(0.958073607847028,0.,-0.286522184039875));
#10655=DIRECTION('',(0.,-1.,0.));
#10656=DIRECTION('',(0.958073607847028,0.,-0.286522184039875));
#10657=DIRECTION('',(-0.33670300570368,0.,-0.941610899443134));
#10658=DIRECTION('',(-0.941610899443134,0.,0.33670300570368));
#10659=DIRECTION('',(0.941610899443134,0.,-0.33670300570368));
#10660=DIRECTION('',(0.,-1.,0.));
#10661=DIRECTION('',(0.941610899443134,0.,-0.33670300570368));
#10662=DIRECTION('',(-0.388196359337737,0.,-0.921576685141788));
#10663=DIRECTION('',(-0.921576685141788,0.,0.388196359337737));
#10664=DIRECTION('',(0.921576685141788,0.,-0.388196359337737));
#10665=DIRECTION('',(0.,-1.,0.));
#10666=DIRECTION('',(0.921576685141788,0.,-0.388196359337737));
#10667=DIRECTION('',(-0.441183703875818,0.,-0.897416814771383));
#10668=DIRECTION('',(-0.897416814771383,0.,0.441183703875818));
#10669=DIRECTION('',(0.897416814771383,0.,-0.441183703875818));
#10670=DIRECTION('',(0.,-1.,0.));
#10671=DIRECTION('',(0.897416814771383,0.,-0.441183703875818));
#10672=DIRECTION('',(-0.495755906624035,0.,-0.868461905351859));
#10673=DIRECTION('',(-0.868461905351859,0.,0.495755906624035));
#10674=DIRECTION('',(0.868461905351859,0.,-0.495755906624035));
#10675=DIRECTION('',(0.,-1.,0.));
#10676=DIRECTION('',(0.868461905351859,0.,-0.495755906624035));
#10677=DIRECTION('',(-0.606788173228218,0.,-0.794863581270624));
#10678=DIRECTION('',(-0.794863581270624,0.,0.606788173228218));
#10679=DIRECTION('',(0.794863581270624,0.,-0.606788173228218));
#10680=DIRECTION('',(0.,-1.,0.));
#10681=DIRECTION('',(0.794863581270624,0.,-0.606788173228218));
#10682=DIRECTION('',(-0.752502102476672,0.,-0.65858984639014));
#10683=DIRECTION('',(-0.65858984639014,0.,0.752502102476672));
#10684=DIRECTION('',(0.65858984639014,0.,-0.752502102476672));
#10685=DIRECTION('',(0.,-1.,0.));
#10686=DIRECTION('',(0.65858984639014,0.,-0.752502102476672));
#10687=DIRECTION('',(-0.866192121776091,0.,-0.499711124724109));
#10688=DIRECTION('',(-0.499711124724109,0.,0.866192121776091));
#10689=DIRECTION('',(0.499711124724109,0.,-0.866192121776091));
#10690=DIRECTION('',(0.,-1.,0.));
#10691=DIRECTION('',(0.499711124724109,0.,-0.866192121776091));
#10692=DIRECTION('',(-0.945687982469578,0.,-0.325075744731315));
#10693=DIRECTION('',(-0.325075744731315,0.,0.945687982469578));
#10694=DIRECTION('',(0.325075744731315,0.,-0.945687982469578));
#10695=DIRECTION('',(0.,-1.,0.));
#10696=DIRECTION('',(0.325075744731315,0.,-0.945687982469578));
#10697=DIRECTION('',(-0.990212172901068,0.,-0.139570242668504));
#10698=DIRECTION('',(-0.139570242668504,0.,0.990212172901068));
#10699=DIRECTION('',(0.139570242668504,0.,-0.990212172901068));
#10700=DIRECTION('',(0.,-1.,0.));
#10701=DIRECTION('',(0.139570242668504,0.,-0.990212172901068));
#10702=DIRECTION('',(-0.998601825404232,0.,0.0528620307908761));
#10703=DIRECTION('',(0.0528620307908761,0.,0.998601825404232));
#10704=DIRECTION('',(-0.0528620307908761,0.,-0.998601825404232));
#10705=DIRECTION('',(0.,-1.,0.));
#10706=DIRECTION('',(-0.0528620307908761,0.,-0.998601825404232));
#10707=DIRECTION('',(-0.900517908612988,0.,0.434818923538627));
#10708=DIRECTION('',(0.434818923538627,0.,0.900517908612988));
#10709=DIRECTION('',(-0.434818923538627,0.,-0.900517908612988));
#10710=DIRECTION('',(0.,-1.,0.));
#10711=DIRECTION('',(-0.434818923538627,0.,-0.900517908612988));
#10712=DIRECTION('',(0.,-1.,0.));
#10713=DIRECTION('',(-0.798085531579604,0.,0.602544176208933));
#10714=DIRECTION('',(0.602544176208933,0.,0.798085531579604));
#10715=DIRECTION('',(-0.602544176208933,0.,-0.798085531579604));
#10716=DIRECTION('',(0.,-1.,0.));
#10717=DIRECTION('',(-0.602544176208933,0.,-0.798085531579604));
#10718=DIRECTION('',(-0.664979129341912,0.,0.74686194007974));
#10719=DIRECTION('',(0.74686194007974,0.,0.664979129341912));
#10720=DIRECTION('',(-0.74686194007974,0.,-0.664979129341912));
#10721=DIRECTION('',(0.,-1.,0.));
#10722=DIRECTION('',(-0.74686194007974,0.,-0.664979129341912));
#10723=DIRECTION('',(-0.507114236542162,0.,0.861878849430859));
#10724=DIRECTION('',(0.861878849430859,0.,0.507114236542162));
#10725=DIRECTION('',(-0.861878849430858,0.,-0.507114236542162));
#10726=DIRECTION('',(0.,-1.,0.));
#10727=DIRECTION('',(-0.861878849430858,0.,-0.507114236542162));
#10728=DIRECTION('',(-0.328946783827122,0.,0.944348459738138));
#10729=DIRECTION('',(0.944348459738138,0.,0.328946783827122));
#10730=DIRECTION('',(-0.944348459738138,0.,-0.328946783827122));
#10731=DIRECTION('',(0.,-1.,0.));
#10732=DIRECTION('',(-0.944348459738138,0.,-0.328946783827122));
#10733=DIRECTION('',(-0.137257925261502,0.,0.990535341092335));
#10734=DIRECTION('',(0.990535341092335,0.,0.137257925261502));
#10735=DIRECTION('',(-0.990535341092335,0.,-0.137257925261502));
#10736=DIRECTION('',(0.,-1.,0.));
#10737=DIRECTION('',(-0.990535341092335,0.,-0.137257925261502));
#10738=DIRECTION('',(0.0589193334240721,0.,0.998262747050526));
#10739=DIRECTION('',(0.998262747050526,0.,-0.0589193334240721));
#10740=DIRECTION('',(-0.998262747050526,0.,0.0589193334240721));
#10741=DIRECTION('',(0.,-1.,0.));
#10742=DIRECTION('',(-0.998262747050526,0.,0.0589193334240721));
#10743=DIRECTION('',(0.251843541296584,0.,0.967767963257307));
#10744=DIRECTION('',(0.967767963257307,0.,-0.251843541296584));
#10745=DIRECTION('',(-0.967767963257307,0.,0.251843541296584));
#10746=DIRECTION('',(0.,-1.,0.));
#10747=DIRECTION('',(-0.967767963257307,0.,0.251843541296584));
#10748=DIRECTION('',(0.436073298849939,0.,0.899911150075457));
#10749=DIRECTION('',(0.899911150075457,0.,-0.436073298849939));
#10750=DIRECTION('',(-0.899911150075457,0.,0.436073298849939));
#10751=DIRECTION('',(0.,-1.,0.));
#10752=DIRECTION('',(-0.899911150075457,0.,0.436073298849939));
#10753=DIRECTION('',(0.496550305542954,0.,0.868007945853723));
#10754=DIRECTION('',(0.868007945853723,0.,-0.496550305542954));
#10755=DIRECTION('',(-0.868007945853723,0.,0.496550305542954));
#10756=DIRECTION('',(0.,-1.,0.));
#10757=DIRECTION('',(-0.868007945853723,0.,0.496550305542954));
#10758=DIRECTION('',(0.445902250104687,0.,0.895081662951251));
#10759=DIRECTION('',(0.895081662951251,0.,-0.445902250104687));
#10760=DIRECTION('',(-0.895081662951251,0.,0.445902250104687));
#10761=DIRECTION('',(0.,-1.,0.));
#10762=DIRECTION('',(-0.895081662951251,0.,0.445902250104687));
#10763=DIRECTION('',(0.394055230466702,0.,0.919086761596442));
#10764=DIRECTION('',(0.919086761596442,0.,-0.394055230466702));
#10765=DIRECTION('',(-0.919086761596442,0.,0.394055230466702));
#10766=DIRECTION('',(0.,-1.,0.));
#10767=DIRECTION('',(-0.919086761596442,0.,0.394055230466702));
#10768=DIRECTION('',(0.34150824982433,0.,0.939878776918557));
#10769=DIRECTION('',(0.939878776918557,0.,-0.34150824982433));
#10770=DIRECTION('',(-0.939878776918557,0.,0.34150824982433));
#10771=DIRECTION('',(0.,-1.,0.));
#10772=DIRECTION('',(-0.939878776918557,0.,0.34150824982433));
#10773=DIRECTION('',(0.288761721173004,0.,0.957400996649369));
#10774=DIRECTION('',(0.957400996649369,0.,-0.288761721173004));
#10775=DIRECTION('',(-0.957400996649369,0.,0.288761721173004));
#10776=DIRECTION('',(0.,-1.,0.));
#10777=DIRECTION('',(-0.957400996649369,0.,0.288761721173004));
#10778=DIRECTION('',(0.236294262367043,0.,0.971681543291018));
#10779=DIRECTION('',(0.971681543291018,0.,-0.236294262367043));
#10780=DIRECTION('',(-0.971681543291018,0.,0.236294262367043));
#10781=DIRECTION('',(0.,-1.,0.));
#10782=DIRECTION('',(-0.971681543291018,0.,0.236294262367043));
#10783=DIRECTION('',(0.184544955916059,0.,0.98282407339561));
#10784=DIRECTION('',(0.98282407339561,0.,-0.184544955916059));
#10785=DIRECTION('',(-0.98282407339561,0.,0.184544955916059));
#10786=DIRECTION('',(0.,-1.,0.));
#10787=DIRECTION('',(-0.98282407339561,0.,0.184544955916059));
#10788=DIRECTION('',(0.133898689945752,0.,0.990995025633737));
#10789=DIRECTION('',(0.990995025633737,0.,-0.133898689945752));
#10790=DIRECTION('',(-0.990995025633737,0.,0.133898689945752));
#10791=DIRECTION('',(0.,-1.,0.));
#10792=DIRECTION('',(-0.990995025633737,0.,0.133898689945752));
#10793=DIRECTION('',(0.0846788425739242,0.,0.99640829664367));
#10794=DIRECTION('',(0.99640829664367,0.,-0.0846788425739242));
#10795=DIRECTION('',(-0.99640829664367,0.,0.0846788425739242));
#10796=DIRECTION('',(0.,-1.,0.));
#10797=DIRECTION('',(-0.99640829664367,0.,0.0846788425739242));
#10798=DIRECTION('',(0.0371420067915402,0.,0.999309997614102));
#10799=DIRECTION('',(0.999309997614102,0.,-0.0371420067915402));
#10800=DIRECTION('',(-0.999309997614102,0.,0.0371420067915402));
#10801=DIRECTION('',(0.,-1.,0.));
#10802=DIRECTION('',(-0.999309997614102,0.,0.0371420067915402));
#10803=DIRECTION('',(-0.00852034083835814,0.,0.999963701237199));
#10804=DIRECTION('',(0.999963701237199,0.,0.00852034083835814));
#10805=DIRECTION('',(-0.999963701237199,0.,-0.00852034083835814));
#10806=DIRECTION('',(0.,-1.,0.));
#10807=DIRECTION('',(-0.999963701237199,0.,-0.00852034083835814));
#10808=DIRECTION('',(-0.0521766154258148,0.,0.998637872705971));
#10809=DIRECTION('',(0.998637872705971,0.,0.0521766154258148));
#10810=DIRECTION('',(-0.998637872705971,0.,-0.0521766154258148));
#10811=DIRECTION('',(0.,-1.,0.));
#10812=DIRECTION('',(-0.998637872705971,0.,-0.0521766154258148));
#10813=DIRECTION('',(-0.093750418870087,0.,0.99559573068675));
#10814=DIRECTION('',(0.99559573068675,0.,0.093750418870087));
#10815=DIRECTION('',(-0.99559573068675,0.,-0.093750418870087));
#10816=DIRECTION('',(0.,-1.,0.));
#10817=DIRECTION('',(-0.99559573068675,0.,-0.093750418870087));
#10818=DIRECTION('',(-0.133210561535719,0.,0.991087759128998));
#10819=DIRECTION('',(0.991087759128998,0.,0.133210561535719));
#10820=DIRECTION('',(-0.991087759128998,0.,-0.133210561535719));
#10821=DIRECTION('',(0.,-1.,0.));
#10822=DIRECTION('',(-0.991087759128998,0.,-0.133210561535719));
#10823=DIRECTION('',(-0.170564785899294,0.,0.985346463844636));
#10824=DIRECTION('',(0.985346463844636,0.,0.170564785899294));
#10825=DIRECTION('',(-0.985346463844636,0.,-0.170564785899294));
#10826=DIRECTION('',(0.,-1.,0.));
#10827=DIRECTION('',(-0.985346463844636,0.,-0.170564785899294));
#10828=DIRECTION('',(-0.205850922424705,0.,0.97858336269165));
#10829=DIRECTION('',(0.97858336269165,0.,0.205850922424705));
#10830=DIRECTION('',(-0.97858336269165,0.,-0.205850922424705));
#10831=DIRECTION('',(0.,-1.,0.));
#10832=DIRECTION('',(-0.97858336269165,0.,-0.205850922424705));
#10833=DIRECTION('',(-0.122870151085525,0.,0.992422755670294));
#10834=DIRECTION('',(0.992422755670294,0.,0.122870151085525));
#10835=DIRECTION('',(-0.992422755670294,0.,-0.122870151085525));
#10836=DIRECTION('',(0.,-1.,0.));
#10837=DIRECTION('',(-0.992422755670294,0.,-0.122870151085525));
#10838=DIRECTION('',(0.0771515852289066,0.,0.997019374383801));
#10839=DIRECTION('',(0.997019374383801,0.,-0.0771515852289066));
#10840=DIRECTION('',(-0.997019374383801,0.,0.0771515852289066));
#10841=DIRECTION('',(0.,-1.,0.));
#10842=DIRECTION('',(-0.997019374383801,0.,0.0771515852289066));
#10843=DIRECTION('',(0.270031810912131,0.,0.962851401357195));
#10844=DIRECTION('',(0.962851401357195,0.,-0.270031810912131));
#10845=DIRECTION('',(-0.962851401357195,0.,0.270031810912131));
#10846=DIRECTION('',(0.,-1.,0.));
#10847=DIRECTION('',(-0.962851401357195,0.,0.270031810912131));
#10848=DIRECTION('',(0.44921933580248,0.,0.893421506536069));
#10849=DIRECTION('',(0.893421506536069,0.,-0.44921933580248));
#10850=DIRECTION('',(-0.893421506536069,0.,0.44921933580248));
#10851=DIRECTION('',(0.,-1.,0.));
#10852=DIRECTION('',(-0.893421506536069,0.,0.44921933580248));
#10853=DIRECTION('',(0.610670777971691,0.,0.791884588138606));
#10854=DIRECTION('',(0.791884588138606,0.,-0.610670777971691));
#10855=DIRECTION('',(-0.791884588138606,0.,0.610670777971691));
#10856=DIRECTION('',(0.,-1.,0.));
#10857=DIRECTION('',(-0.791884588138606,0.,0.610670777971691));
#10858=DIRECTION('',(0.750866239707258,0.,0.66045430581372));
#10859=DIRECTION('',(0.66045430581372,0.,-0.750866239707258));
#10860=DIRECTION('',(-0.66045430581372,0.,0.750866239707258));
#10861=DIRECTION('',(0.,-1.,0.));
#10862=DIRECTION('',(-0.66045430581372,0.,0.750866239707258));
#10863=DIRECTION('',(0.865210488964944,0.,0.50140882499717));
#10864=DIRECTION('',(0.50140882499717,0.,-0.865210488964944));
#10865=DIRECTION('',(-0.50140882499717,0.,0.865210488964944));
#10866=DIRECTION('',(0.,-1.,0.));
#10867=DIRECTION('',(-0.50140882499717,0.,0.865210488964944));
#10868=DIRECTION('',(0.947709565109214,0.,0.319134110054856));
#10869=DIRECTION('',(0.319134110054856,0.,-0.947709565109214));
#10870=DIRECTION('',(-0.319134110054856,0.,0.947709565109214));
#10871=DIRECTION('',(0.,-1.,0.));
#10872=DIRECTION('',(-0.319134110054856,0.,0.947709565109214));
#10873=DIRECTION('',(0.991956742634709,0.,0.126577331072894));
#10874=DIRECTION('',(0.126577331072894,0.,-0.991956742634709));
#10875=DIRECTION('',(-0.126577331072894,0.,0.991956742634709));
#10876=DIRECTION('',(0.,-1.,0.));
#10877=DIRECTION('',(-0.126577331072894,0.,0.991956742634709));
#10878=DIRECTION('',(0.997567658287961,0.,-0.0697048573477702));
#10879=DIRECTION('',(-0.0697048573477702,0.,-0.997567658287961));
#10880=DIRECTION('',(0.0697048573477702,0.,0.997567658287961));
#10881=DIRECTION('',(0.,-1.,0.));
#10882=DIRECTION('',(0.0697048573477702,0.,0.997567658287961));
#10883=DIRECTION('',(0.964980903104131,0.,-0.262320141514784));
#10884=DIRECTION('',(-0.262320141514784,0.,-0.964980903104131));
#10885=DIRECTION('',(0.262320141514784,0.,0.964980903104131));
#10886=DIRECTION('',(0.,-1.,0.));
#10887=DIRECTION('',(0.262320141514784,0.,0.964980903104131));
#10888=DIRECTION('',(0.895116821434175,0.,-0.445831667768879));
#10889=DIRECTION('',(-0.445831667768879,0.,-0.895116821434175));
#10890=DIRECTION('',(0.445831667768879,0.,0.895116821434175));
#10891=DIRECTION('',(0.,-1.,0.));
#10892=DIRECTION('',(0.445831667768879,0.,0.895116821434175));
#10893=DIRECTION('',(0.790217127765676,0.,-0.612826966594784));
#10894=DIRECTION('',(-0.612826966594784,0.,-0.790217127765676));
#10895=DIRECTION('',(0.612826966594784,0.,0.790217127765676));
#10896=DIRECTION('',(0.,-1.,0.));
#10897=DIRECTION('',(0.612826966594784,0.,0.790217127765676));
#10898=DIRECTION('',(0.655227854076253,0.,-0.755431306766292));
#10899=DIRECTION('',(-0.755431306766292,0.,-0.655227854076253));
#10900=DIRECTION('',(0.755431306766292,0.,0.655227854076253));
#10901=DIRECTION('',(0.,-1.,0.));
#10902=DIRECTION('',(0.755431306766292,0.,0.655227854076253));
#10903=DIRECTION('',(0.495857038364675,0.,-0.868404167138904));
#10904=DIRECTION('',(-0.868404167138904,0.,-0.495857038364675));
#10905=DIRECTION('',(0.868404167138904,0.,0.495857038364675));
#10906=DIRECTION('',(0.,-1.,0.));
#10907=DIRECTION('',(0.868404167138904,0.,0.495857038364675));
#10908=DIRECTION('',(0.316598583872455,0.,-0.948559611563742));
#10909=DIRECTION('',(-0.948559611563742,0.,-0.316598583872455));
#10910=DIRECTION('',(0.948559611563742,0.,0.316598583872455));
#10911=DIRECTION('',(0.,-1.,0.));
#10912=DIRECTION('',(0.948559611563742,0.,0.316598583872455));
#10913=DIRECTION('',(0.205434948270089,0.,-0.978670773053566));
#10914=DIRECTION('',(-0.978670773053567,0.,-0.20543494827009));
#10915=DIRECTION('',(0.978670773053567,0.,0.20543494827009));
#10916=DIRECTION('',(0.,-1.,0.));
#10917=DIRECTION('',(0.978670773053567,0.,0.20543494827009));
#10918=DIRECTION('',(0.169341203299589,0.,-0.985557485317344));
#10919=DIRECTION('',(-0.985557485317344,0.,-0.16934120329959));
#10920=DIRECTION('',(0.985557485317344,0.,0.16934120329959));
#10921=DIRECTION('',(0.,-1.,0.));
#10922=DIRECTION('',(0.985557485317344,0.,0.16934120329959));
#10923=DIRECTION('',(0.131201082193214,0.,-0.991355776717587));
#10924=DIRECTION('',(-0.991355776717587,0.,-0.131201082193214));
#10925=DIRECTION('',(0.991355776717587,0.,0.131201082193214));
#10926=DIRECTION('',(0.,-1.,0.));
#10927=DIRECTION('',(0.991355776717587,0.,0.131201082193214));
#10928=DIRECTION('',(0.0909963343060941,0.,-0.995851227414444));
#10929=DIRECTION('',(-0.995851227414444,0.,-0.0909963343060941));
#10930=DIRECTION('',(0.995851227414444,0.,0.0909963343060941));
#10931=DIRECTION('',(0.,-1.,0.));
#10932=DIRECTION('',(0.995851227414444,0.,0.0909963343060941));
#10933=DIRECTION('',(0.0487415520557117,0.,-0.998811424195379));
#10934=DIRECTION('',(-0.998811424195379,0.,-0.0487415520557117));
#10935=DIRECTION('',(0.998811424195378,0.,0.0487415520557117));
#10936=DIRECTION('',(0.,-1.,0.));
#10937=DIRECTION('',(0.998811424195378,0.,0.0487415520557117));
#10938=DIRECTION('',(0.00449225867105425,0.,-0.99998990975511));
#10939=DIRECTION('',(-0.99998990975511,0.,-0.00449225867105425));
#10940=DIRECTION('',(0.99998990975511,0.,0.00449225867105425));
#10941=DIRECTION('',(0.,-1.,0.));
#10942=DIRECTION('',(0.99998990975511,0.,0.00449225867105425));
#10943=DIRECTION('',(-0.0416482628744463,0.,-0.999132334678215));
#10944=DIRECTION('',(-0.999132334678215,0.,0.0416482628744463));
#10945=DIRECTION('',(0.999132334678215,0.,-0.0416482628744463));
#10946=DIRECTION('',(0.,-1.,0.));
#10947=DIRECTION('',(0.999132334678215,0.,-0.0416482628744463));
#10948=DIRECTION('',(-0.0895224622417967,0.,-0.995984803475518));
#10949=DIRECTION('',(-0.995984803475518,0.,0.0895224622417967));
#10950=DIRECTION('',(0.995984803475518,0.,-0.0895224622417967));
#10951=DIRECTION('',(0.,-1.,0.));
#10952=DIRECTION('',(0.995984803475518,0.,-0.0895224622417967));
#10953=DIRECTION('',(-0.138913271988447,0.,-0.990304550562838));
#10954=DIRECTION('',(-0.990304550562838,0.,0.138913271988447));
#10955=DIRECTION('',(0.990304550562838,0.,-0.138913271988447));
#10956=DIRECTION('',(0.,-1.,0.));
#10957=DIRECTION('',(0.990304550562838,0.,-0.138913271988447));
#10958=DIRECTION('',(-0.189542472319019,0.,-0.981872522880233));
#10959=DIRECTION('',(-0.981872522880233,0.,0.189542472319019));
#10960=DIRECTION('',(0.981872522880233,0.,-0.189542472319019));
#10961=DIRECTION('',(0.,-1.,0.));
#10962=DIRECTION('',(0.981872522880233,0.,-0.189542472319019));
#10963=DIRECTION('',(-0.241072205749682,0.,-0.970507182670475));
#10964=DIRECTION('',(-0.970507182670475,0.,0.241072205749682));
#10965=DIRECTION('',(0.970507182670475,0.,-0.241072205749682));
#10966=DIRECTION('',(0.,-1.,0.));
#10967=DIRECTION('',(0.970507182670475,0.,-0.241072205749682));
#10968=DIRECTION('',(-0.293110522675194,0.,-0.956078564500363));
#10969=DIRECTION('',(-0.956078564500363,0.,0.293110522675194));
#10970=DIRECTION('',(0.956078564500363,0.,-0.293110522675194));
#10971=DIRECTION('',(0.,-1.,0.));
#10972=DIRECTION('',(0.956078564500363,0.,-0.293110522675194));
#10973=DIRECTION('',(-0.345221817091924,0.,-0.938521122300266));
#10974=DIRECTION('',(-0.938521122300266,0.,0.345221817091924));
#10975=DIRECTION('',(0.938521122300266,0.,-0.345221817091924));
#10976=DIRECTION('',(0.,-1.,0.));
#10977=DIRECTION('',(0.938521122300266,0.,-0.345221817091924));
#10978=DIRECTION('',(-0.396942891277612,0.,-0.917843309647224));
#10979=DIRECTION('',(-0.917843309647224,0.,0.396942891277612));
#10980=DIRECTION('',(0.917843309647224,0.,-0.396942891277612));
#10981=DIRECTION('',(0.,-1.,0.));
#10982=DIRECTION('',(0.917843309647224,0.,-0.396942891277612));
#10983=DIRECTION('',(-0.447800031665877,0.,-0.894133732525532));
#10984=DIRECTION('',(-0.894133732525532,0.,0.447800031665877));
#10985=DIRECTION('',(0.894133732525532,0.,-0.447800031665877));
#10986=DIRECTION('',(0.,-1.,0.));
#10987=DIRECTION('',(0.894133732525532,0.,-0.447800031665877));
#10988=DIRECTION('',(-0.497331162432566,0.,-0.867560784541045));
#10989=DIRECTION('',(-0.867560784541045,0.,0.497331162432566));
#10990=DIRECTION('',(0.867560784541045,0.,-0.497331162432566));
#10991=DIRECTION('',(0.,-1.,0.));
#10992=DIRECTION('',(0.867560784541045,0.,-0.497331162432566));
#10993=DIRECTION('',(-0.605566530563372,0.,-0.795794682730063));
#10994=DIRECTION('',(-0.795794682730063,0.,0.605566530563372));
#10995=DIRECTION('',(0.795794682730063,0.,-0.605566530563372));
#10996=DIRECTION('',(0.,-1.,0.));
#10997=DIRECTION('',(0.795794682730063,0.,-0.605566530563372));
#10998=DIRECTION('',(-0.751335396388367,0.,-0.659920542288187));
#10999=DIRECTION('',(-0.659920542288187,0.,0.751335396388367));
#11000=DIRECTION('',(0.659920542288187,0.,-0.751335396388367));
#11001=DIRECTION('',(0.,-1.,0.));
#11002=DIRECTION('',(0.659920542288187,0.,-0.751335396388367));
#11003=DIRECTION('',(-0.865320214853869,0.,-0.501219438734428));
#11004=DIRECTION('',(-0.501219438734428,0.,0.865320214853869));
#11005=DIRECTION('',(0.501219438734428,0.,-0.865320214853869));
#11006=DIRECTION('',(0.,-1.,0.));
#11007=DIRECTION('',(0.501219438734428,0.,-0.865320214853869));
#11008=DIRECTION('',(-0.945184564216992,0.,-0.32653658227821));
#11009=DIRECTION('',(-0.32653658227821,0.,0.945184564216993));
#11010=DIRECTION('',(0.32653658227821,0.,-0.945184564216993));
#11011=DIRECTION('',(0.,-1.,0.));
#11012=DIRECTION('',(0.32653658227821,0.,-0.945184564216993));
#11013=DIRECTION('',(-0.990029723362521,0.,-0.140858605909371));
#11014=DIRECTION('',(-0.140858605909371,0.,0.99002972336252));
#11015=DIRECTION('',(0.140858605909371,0.,-0.99002972336252));
#11016=DIRECTION('',(0.,-1.,0.));
#11017=DIRECTION('',(0.140858605909371,0.,-0.99002972336252));
#11018=DIRECTION('',(-0.998661766434032,0.,0.0517172723841661));
#11019=DIRECTION('',(0.0517172723841661,0.,0.998661766434033));
#11020=DIRECTION('',(-0.0517172723841661,0.,-0.998661766434032));
#11021=DIRECTION('',(0.,-1.,0.));
#11022=DIRECTION('',(-0.0517172723841661,0.,-0.998661766434032));
#11023=DIRECTION('',(0.42254832824659,0.,0.9063403942758));
#11024=DIRECTION('',(0.9063403942758,0.,-0.42254832824659));
#11025=DIRECTION('',(-0.9063403942758,0.,0.42254832824659));
#11026=DIRECTION('',(-0.9063403942758,0.,0.42254832824659));
#11027=DIRECTION('',(-0.968934093841862,0.,0.247319068797475));
#11028=DIRECTION('',(0.247319068797476,0.,0.968934093841862));
#11029=DIRECTION('',(-0.247319068797475,0.,-0.968934093841862));
#11030=DIRECTION('',(-0.247319068797475,0.,-0.968934093841862));
#11031=DIRECTION('',(-0.969232271815,0.,0.246147929652749));
#11032=DIRECTION('',(0.246147929652749,0.,0.969232271815));
#11033=DIRECTION('',(-0.246147929652749,0.,-0.969232271815));
#11034=DIRECTION('',(-0.246147929652749,0.,-0.969232271815));
#11035=DIRECTION('',(-0.273152620142973,0.,-0.961970709589969));
#11036=DIRECTION('',(-0.961970709589969,0.,0.273152620142973));
#11037=DIRECTION('',(0.961970709589969,0.,-0.273152620142973));
#11038=DIRECTION('',(0.,-1.,0.));
#11039=DIRECTION('',(1.,0.,0.));
#11040=DIRECTION('',(0.,-1.,0.));
#11041=DIRECTION('',(1.,0.,0.));
#11042=DIRECTION('',(0.,-1.,0.));
#11043=DIRECTION('',(1.,0.,0.));
#11044=DIRECTION('',(0.,-1.,0.));
#11045=DIRECTION('',(1.,0.,0.));
#11046=DIRECTION('',(0.,0.,1.));
#11047=DIRECTION('',(1.,0.,0.));
#11048=CARTESIAN_POINT('',(0.,0.,0.));
#11049=CARTESIAN_POINT('',(0.,-0.07,0.));
#11050=CARTESIAN_POINT('',(-0.0333344973623753,-0.07,-0.0231337435543537));
#11051=CARTESIAN_POINT('',(-0.0333344973623753,-0.07,-0.0242837435543537));
#11052=CARTESIAN_POINT('',(0.032756889426565,-0.07,-0.0233025812561241));
#11053=CARTESIAN_POINT('',(0.032756889426565,-0.07,-0.0244525812561242));
#11054=CARTESIAN_POINT('',(0.029601939022541,-0.07,0.022681076079607));
#11055=CARTESIAN_POINT('',(0.029601939022541,-0.07,0.020681076079607));
#11056=CARTESIAN_POINT('',(-0.0304148199237082,-0.07,0.0224668856821903));
#11057=CARTESIAN_POINT('',(-0.0304148199237082,-0.07,0.0204668856821903));
#11058=CARTESIAN_POINT('',(0.,-0.07,0.025));
#11059=CARTESIAN_POINT('',(0.03,-0.07,0.025));
#11060=CARTESIAN_POINT('',(-0.03,-0.07,0.025));
#11061=CARTESIAN_POINT('',(-0.03,-0.07,0.02));
#11062=CARTESIAN_POINT('',(-0.035,-0.07,0.02));
#11063=CARTESIAN_POINT('',(-0.035,-0.07,0.));
#11064=CARTESIAN_POINT('',(-0.035,-0.07,-0.025));
#11065=CARTESIAN_POINT('',(6.93889390390723E-18,-0.07,-0.025));
#11066=CARTESIAN_POINT('',(0.035,-0.07,-0.025));
#11067=CARTESIAN_POINT('',(0.035,-0.07,0.));
#11068=CARTESIAN_POINT('',(0.035,-0.07,0.02));
#11069=CARTESIAN_POINT('',(0.03,-0.07,0.02));
#11070=CARTESIAN_POINT('',(-0.0339,-0.07,0.));
#11071=CARTESIAN_POINT('',(-0.0339,-0.07,-0.0204986));
#11072=CARTESIAN_POINT('',(-0.0339,-0.07,-0.0189986));
#11073=CARTESIAN_POINT('',(0.,-0.07,-0.0189986));
#11074=CARTESIAN_POINT('',(-0.0325,-0.07,-0.0189986));
#11075=CARTESIAN_POINT('',(-0.0325,-0.07,0.));
#11076=CARTESIAN_POINT('',(-0.0325,-0.07,0.02));
#11077=CARTESIAN_POINT('',(0.,-0.07,0.02));
#11078=CARTESIAN_POINT('',(0.0325,-0.07,0.02));
#11079=CARTESIAN_POINT('',(0.0325,-0.07,3.46944695195361E-18));
#11080=CARTESIAN_POINT('',(0.0325,-0.07,-0.0189986));
#11081=CARTESIAN_POINT('',(0.,-0.07,-0.0189986));
#11082=CARTESIAN_POINT('',(0.0339,-0.07,-0.0189986));
#11083=CARTESIAN_POINT('',(0.0339,-0.07,0.));
#11084=CARTESIAN_POINT('',(0.0339,-0.07,-0.0204986));
#11085=CARTESIAN_POINT('',(0.,-0.07,-0.0204986));
#11086=CARTESIAN_POINT('',(0.0324,-0.07,-0.0204986));
#11087=CARTESIAN_POINT('',(0.0324,-0.07,0.));
#11088=CARTESIAN_POINT('',(0.0324,-0.07,-0.0214986));
#11089=CARTESIAN_POINT('',(0.,-0.07,-0.0214986));
#11090=CARTESIAN_POINT('',(-0.0324,-0.07,-0.0214986));
#11091=CARTESIAN_POINT('',(-0.0324,-0.07,0.));
#11092=CARTESIAN_POINT('',(-0.0324,-0.07,-0.0204986));
#11093=CARTESIAN_POINT('',(0.,-0.07,-0.0204986));
#11094=CARTESIAN_POINT('',(0.0325,-0.012,3.46944695195361E-18));
#11095=CARTESIAN_POINT('',(0.0325,-0.0127,3.46944695195361E-18));
#11096=CARTESIAN_POINT('',(0.0325,-0.0127,-0.02));
#11097=CARTESIAN_POINT('',(0.0325,-0.0127,-0.0189986));
#11098=CARTESIAN_POINT('',(0.0325,-0.012,-0.0189986));
#11099=CARTESIAN_POINT('',(0.0325,-0.012,0.02));
#11100=CARTESIAN_POINT('',(0.0325,-0.012,0.02));
#11101=CARTESIAN_POINT('',(0.0325,-0.012,3.46944695195361E-18));
#11102=CARTESIAN_POINT('',(0.0325,-0.012,-0.02));
#11103=CARTESIAN_POINT('',(0.0325,-0.012,-0.02));
#11104=CARTESIAN_POINT('',(-0.0325,-0.012,0.));
#11105=CARTESIAN_POINT('',(-0.0325,-0.012,-0.0189986));
#11106=CARTESIAN_POINT('',(-0.0325,-0.0127,-0.0189986));
#11107=CARTESIAN_POINT('',(-0.0325,-0.0127,0.));
#11108=CARTESIAN_POINT('',(-0.0325,-0.0127,-0.02));
#11109=CARTESIAN_POINT('',(-0.0325,-0.012,-0.02));
#11110=CARTESIAN_POINT('',(-0.0325,-0.012,-0.02));
#11111=CARTESIAN_POINT('',(-0.0325,-0.012,0.));
#11112=CARTESIAN_POINT('',(-0.0325,-0.012,0.02));
#11113=CARTESIAN_POINT('',(-0.0325,-0.012,0.02));
#11114=CARTESIAN_POINT('',(0.,-0.012,-0.02));
#11115=CARTESIAN_POINT('',(0.,-0.0127,-0.02));
#11116=CARTESIAN_POINT('',(0.,-0.012,-0.02));
#11117=CARTESIAN_POINT('',(0.,-0.07,0.025));
#11118=CARTESIAN_POINT('',(0.006599,-0.013058,0.025));
#11119=CARTESIAN_POINT('',(0.007099,-0.013058,0.025));
#11120=CARTESIAN_POINT('',(0.006599,-0.012558,0.025));
#11121=CARTESIAN_POINT('',(0.007099,-0.019558,0.025));
#11122=CARTESIAN_POINT('',(0.007099,-0.026058,0.025));
#11123=CARTESIAN_POINT('',(0.006599,-0.026058,0.025));
#11124=CARTESIAN_POINT('',(0.006599,-0.026558,0.025));
#11125=CARTESIAN_POINT('',(9.89999999999932E-5,-0.026558,0.025));
#11126=CARTESIAN_POINT('',(-0.006401,-0.026558,0.025));
#11127=CARTESIAN_POINT('',(-0.006401,-0.026058,0.025));
#11128=CARTESIAN_POINT('',(-0.006901,-0.026058,0.025));
#11129=CARTESIAN_POINT('',(-0.006901,-0.019558,0.025));
#11130=CARTESIAN_POINT('',(-0.006901,-0.013058,0.025));
#11131=CARTESIAN_POINT('',(-0.006401,-0.013058,0.025));
#11132=CARTESIAN_POINT('',(-0.006401,-0.012558,0.025));
#11133=CARTESIAN_POINT('',(9.89999999999932E-5,-0.012558,0.025));
#11134=CARTESIAN_POINT('',(0.,-0.005,0.025));
#11135=CARTESIAN_POINT('',(0.03,-0.005,0.025));
#11136=CARTESIAN_POINT('',(-0.03,-0.005,0.025));
#11137=CARTESIAN_POINT('',(-0.03,-0.07,0.025));
#11138=CARTESIAN_POINT('',(0.03,0.,0.025));
#11139=CARTESIAN_POINT('',(0.025649,-0.013058,0.025));
#11140=CARTESIAN_POINT('',(0.026149,-0.013058,0.025));
#11141=CARTESIAN_POINT('',(0.025649,-0.012558,0.025));
#11142=CARTESIAN_POINT('',(0.026149,-0.019558,0.025));
#11143=CARTESIAN_POINT('',(0.026149,-0.026058,0.025));
#11144=CARTESIAN_POINT('',(0.025649,-0.026058,0.025));
#11145=CARTESIAN_POINT('',(0.025649,-0.026558,0.025));
#11146=CARTESIAN_POINT('',(0.019149,-0.026558,0.025));
#11147=CARTESIAN_POINT('',(0.012649,-0.026558,0.025));
#11148=CARTESIAN_POINT('',(0.012649,-0.026058,0.025));
#11149=CARTESIAN_POINT('',(0.012149,-0.026058,0.025));
#11150=CARTESIAN_POINT('',(0.012149,-0.019558,0.025));
#11151=CARTESIAN_POINT('',(0.012149,-0.013058,0.025));
#11152=CARTESIAN_POINT('',(0.012649,-0.013058,0.025));
#11153=CARTESIAN_POINT('',(0.012649,-0.012558,0.025));
#11154=CARTESIAN_POINT('',(0.019149,-0.012558,0.025));
#11155=CARTESIAN_POINT('',(-0.012451,-0.013058,0.025));
#11156=CARTESIAN_POINT('',(-0.011951,-0.013058,0.025));
#11157=CARTESIAN_POINT('',(-0.012451,-0.012558,0.025));
#11158=CARTESIAN_POINT('',(-0.011951,-0.019558,0.025));
#11159=CARTESIAN_POINT('',(-0.011951,-0.026058,0.025));
#11160=CARTESIAN_POINT('',(-0.012451,-0.026058,0.025));
#11161=CARTESIAN_POINT('',(-0.012451,-0.026558,0.025));
#11162=CARTESIAN_POINT('',(-0.018951,-0.026558,0.025));
#11163=CARTESIAN_POINT('',(-0.025451,-0.026558,0.025));
#11164=CARTESIAN_POINT('',(-0.025451,-0.026058,0.025));
#11165=CARTESIAN_POINT('',(-0.025951,-0.026058,0.025));
#11166=CARTESIAN_POINT('',(-0.025951,-0.019558,0.025));
#11167=CARTESIAN_POINT('',(-0.025951,-0.013058,0.025));
#11168=CARTESIAN_POINT('',(-0.025451,-0.013058,0.025));
#11169=CARTESIAN_POINT('',(-0.025451,-0.012558,0.025));
#11170=CARTESIAN_POINT('',(-0.018951,-0.012558,0.025));
#11171=CARTESIAN_POINT('',(0.,-0.012,0.02));
#11172=CARTESIAN_POINT('',(0.007099,-0.012,0.02));
#11173=CARTESIAN_POINT('',(0.007099,-0.013058,0.02));
#11174=CARTESIAN_POINT('',(0.007099,-0.026058,0.02));
#11175=CARTESIAN_POINT('',(0.006599,-0.013058,0.02));
#11176=CARTESIAN_POINT('',(0.006599,-0.012558,0.02));
#11177=CARTESIAN_POINT('',(0.,-0.012558,0.02));
#11178=CARTESIAN_POINT('',(-0.006401,-0.012558,0.02));
#11179=CARTESIAN_POINT('',(-0.006401,-0.013058,0.02));
#11180=CARTESIAN_POINT('',(-0.006901,-0.013058,0.02));
#11181=CARTESIAN_POINT('',(-0.006901,-0.012,0.02));
#11182=CARTESIAN_POINT('',(-0.006901,-0.026058,0.02));
#11183=CARTESIAN_POINT('',(-0.006401,-0.026058,0.02));
#11184=CARTESIAN_POINT('',(-0.006401,-0.026558,0.02));
#11185=CARTESIAN_POINT('',(0.,-0.026558,0.02));
#11186=CARTESIAN_POINT('',(0.006599,-0.026558,0.02));
#11187=CARTESIAN_POINT('',(0.006599,-0.026058,0.02));
#11188=CARTESIAN_POINT('',(0.,-0.012,0.02));
#11189=CARTESIAN_POINT('',(0.026149,-0.012,0.02));
#11190=CARTESIAN_POINT('',(0.026149,-0.013058,0.02));
#11191=CARTESIAN_POINT('',(0.026149,-0.026058,0.02));
#11192=CARTESIAN_POINT('',(0.025649,-0.013058,0.02));
#11193=CARTESIAN_POINT('',(0.025649,-0.012558,0.02));
#11194=CARTESIAN_POINT('',(0.,-0.012558,0.02));
#11195=CARTESIAN_POINT('',(0.012649,-0.012558,0.02));
#11196=CARTESIAN_POINT('',(0.012649,-0.013058,0.02));
#11197=CARTESIAN_POINT('',(0.012149,-0.013058,0.02));
#11198=CARTESIAN_POINT('',(0.012149,-0.012,0.02));
#11199=CARTESIAN_POINT('',(0.012149,-0.026058,0.02));
#11200=CARTESIAN_POINT('',(0.012649,-0.026058,0.02));
#11201=CARTESIAN_POINT('',(0.012649,-0.026558,0.02));
#11202=CARTESIAN_POINT('',(0.,-0.026558,0.02));
#11203=CARTESIAN_POINT('',(0.025649,-0.026558,0.02));
#11204=CARTESIAN_POINT('',(0.025649,-0.026058,0.02));
#11205=CARTESIAN_POINT('',(-0.011951,-0.012,0.02));
#11206=CARTESIAN_POINT('',(-0.011951,-0.013058,0.02));
#11207=CARTESIAN_POINT('',(-0.011951,-0.026058,0.02));
#11208=CARTESIAN_POINT('',(-0.012451,-0.013058,0.02));
#11209=CARTESIAN_POINT('',(-0.012451,-0.012558,0.02));
#11210=CARTESIAN_POINT('',(0.,-0.012558,0.02));
#11211=CARTESIAN_POINT('',(-0.025451,-0.012558,0.02));
#11212=CARTESIAN_POINT('',(-0.025451,-0.013058,0.02));
#11213=CARTESIAN_POINT('',(-0.025951,-0.013058,0.02));
#11214=CARTESIAN_POINT('',(-0.025951,-0.012,0.02));
#11215=CARTESIAN_POINT('',(-0.025951,-0.026058,0.02));
#11216=CARTESIAN_POINT('',(-0.025451,-0.026058,0.02));
#11217=CARTESIAN_POINT('',(-0.025451,-0.026558,0.02));
#11218=CARTESIAN_POINT('',(0.,-0.026558,0.02));
#11219=CARTESIAN_POINT('',(-0.012451,-0.026558,0.02));
#11220=CARTESIAN_POINT('',(-0.012451,-0.026058,0.02));
#11221=CARTESIAN_POINT('',(0.02175,0.057762,0.));
#11222=CARTESIAN_POINT('',(0.02175,0.057762,-0.019));
#11223=CARTESIAN_POINT('',(0.02175,0.,-0.019));
#11224=CARTESIAN_POINT('',(0.02175,-0.012,-0.019));
#11225=CARTESIAN_POINT('',(0.02175,-0.012,0.));
#11226=CARTESIAN_POINT('',(0.02175,-0.012,0.019));
#11227=CARTESIAN_POINT('',(0.02175,0.057762,0.019));
#11228=CARTESIAN_POINT('',(0.02175,0.,0.019));
#11229=CARTESIAN_POINT('',(0.02175,0.,0.));
#11230=CARTESIAN_POINT('',(3.46944695195361E-18,0.057762,0.019));
#11231=CARTESIAN_POINT('',(3.46944695195361E-18,-0.012,0.019));
#11232=CARTESIAN_POINT('',(-0.02175,-0.012,0.019));
#11233=CARTESIAN_POINT('',(-0.02175,0.057762,0.019));
#11234=CARTESIAN_POINT('',(-0.02175,0.,0.019));
#11235=CARTESIAN_POINT('',(-3.03078124538476E-18,0.,0.019));
#11236=CARTESIAN_POINT('',(-0.02175,0.057762,0.));
#11237=CARTESIAN_POINT('',(-0.02175,-0.012,0.));
#11238=CARTESIAN_POINT('',(-0.02175,-0.012,-0.019));
#11239=CARTESIAN_POINT('',(-0.02175,0.057762,-0.019));
#11240=CARTESIAN_POINT('',(-0.02175,0.,-0.019));
#11241=CARTESIAN_POINT('',(-0.02175,0.,0.));
#11242=CARTESIAN_POINT('',(3.46944695195361E-18,0.057762,-0.019));
#11243=CARTESIAN_POINT('',(3.46944695195361E-18,-0.012,-0.019));
#11244=CARTESIAN_POINT('',(3.03078124538476E-18,0.,-0.019));
#11245=CARTESIAN_POINT('',(0.,0.,0.));
#11246=CARTESIAN_POINT('',(6.93889390390723E-18,0.,-0.025));
#11247=CARTESIAN_POINT('',(0.03,0.,-0.025));
#11248=CARTESIAN_POINT('',(-0.03,0.,-0.025));
#11249=CARTESIAN_POINT('',(-0.03,0.,-4.16333634234433E-18));
#11250=CARTESIAN_POINT('',(-0.03,0.,0.02));
#11251=CARTESIAN_POINT('',(0.,0.,0.02));
#11252=CARTESIAN_POINT('',(0.03,0.,0.02));
#11253=CARTESIAN_POINT('',(0.03,0.,-0.025));
#11254=CARTESIAN_POINT('',(0.035,-0.07,0.));
#11255=CARTESIAN_POINT('',(0.035,-0.07,-0.025));
#11256=CARTESIAN_POINT('',(0.035,-0.005,-0.025));
#11257=CARTESIAN_POINT('',(0.035,-0.005,0.025));
#11258=CARTESIAN_POINT('',(0.035,-0.005,0.02));
#11259=CARTESIAN_POINT('',(0.035,-0.07,0.02));
#11260=CARTESIAN_POINT('',(-0.035,-0.07,0.));
#11261=CARTESIAN_POINT('',(-0.035,-0.07,0.02));
#11262=CARTESIAN_POINT('',(-0.035,-0.005,0.02));
#11263=CARTESIAN_POINT('',(-0.035,-0.005,0.));
#11264=CARTESIAN_POINT('',(-0.035,-0.005,-0.025));
#11265=CARTESIAN_POINT('',(-0.035,-0.07,-0.025));
#11266=CARTESIAN_POINT('',(6.93889390390723E-18,-0.07,-0.025));
#11267=CARTESIAN_POINT('',(-0.03,-0.005,-0.025));
#11268=CARTESIAN_POINT('',(0.03,-0.005,-0.025));
#11269=CARTESIAN_POINT('',(0.,-0.012,0.));
#11270=CARTESIAN_POINT('',(0.03,-0.005,4.16333634234433E-18));
#11271=CARTESIAN_POINT('',(0.03,-0.005,0.02));
#11272=CARTESIAN_POINT('',(0.03,-0.07,0.02));
#11273=CARTESIAN_POINT('',(0.03,-0.005,0.02));
#11274=CARTESIAN_POINT('',(0.03,-0.005,0.02));
#11275=CARTESIAN_POINT('',(0.03,-0.005,0.02));
#11276=CARTESIAN_POINT('',(-0.03,-0.005,6.93889390390723E-19));
#11277=CARTESIAN_POINT('',(-0.03,-0.005,0.02));
#11278=CARTESIAN_POINT('',(0.,-0.005,0.02));
#11279=CARTESIAN_POINT('',(-0.03,-0.005,0.02));
#11280=CARTESIAN_POINT('',(-0.03,-0.005,0.02));
#11281=CARTESIAN_POINT('',(-0.03,-0.005,0.02));
#11282=CARTESIAN_POINT('',(-0.03,-0.07,0.02));
#11283=CARTESIAN_POINT('',(0.026149,-0.019558,-0.000399999999999994));
#11284=CARTESIAN_POINT('',(0.026149,-0.026058,-0.000399999999999994));
#11285=CARTESIAN_POINT('',(0.026149,-0.013058,-0.000399999999999994));
#11286=CARTESIAN_POINT('',(0.025649,-0.013058,-0.000399999999999994));
#11287=CARTESIAN_POINT('',(0.025649,-0.012558,-0.000399999999999994));
#11288=CARTESIAN_POINT('',(0.019149,-0.012558,-0.000399999999999994));
#11289=CARTESIAN_POINT('',(0.012649,-0.012558,-0.000399999999999994));
#11290=CARTESIAN_POINT('',(0.012649,-0.013058,-0.000399999999999994));
#11291=CARTESIAN_POINT('',(0.012149,-0.013058,-0.000399999999999994));
#11292=CARTESIAN_POINT('',(0.012149,-0.019558,-0.000399999999999994));
#11293=CARTESIAN_POINT('',(0.012149,-0.026058,-0.000399999999999994));
#11294=CARTESIAN_POINT('',(0.012649,-0.026058,-0.000399999999999994));
#11295=CARTESIAN_POINT('',(0.012649,-0.026558,-0.000399999999999994));
#11296=CARTESIAN_POINT('',(0.019149,-0.026558,-0.000399999999999994));
#11297=CARTESIAN_POINT('',(0.025649,-0.026558,-0.000399999999999994));
#11298=CARTESIAN_POINT('',(0.025649,-0.026058,-0.000399999999999994));
#11299=CARTESIAN_POINT('',(0.007099,-0.019558,-0.000399999999999994));
#11300=CARTESIAN_POINT('',(0.007099,-0.026058,-0.000399999999999994));
#11301=CARTESIAN_POINT('',(0.007099,-0.013058,-0.000399999999999994));
#11302=CARTESIAN_POINT('',(0.006599,-0.013058,-0.000399999999999994));
#11303=CARTESIAN_POINT('',(0.006599,-0.012558,-0.000399999999999994));
#11304=CARTESIAN_POINT('',(9.89999999999932E-5,-0.012558,-0.000399999999999994));
#11305=CARTESIAN_POINT('',(-0.006401,-0.012558,-0.000399999999999994));
#11306=CARTESIAN_POINT('',(-0.006401,-0.013058,-0.000399999999999994));
#11307=CARTESIAN_POINT('',(-0.006901,-0.013058,-0.000399999999999994));
#11308=CARTESIAN_POINT('',(-0.006901,-0.019558,-0.000399999999999994));
#11309=CARTESIAN_POINT('',(-0.006901,-0.026058,-0.000399999999999994));
#11310=CARTESIAN_POINT('',(-0.006401,-0.026058,-0.000399999999999994));
#11311=CARTESIAN_POINT('',(-0.006401,-0.026558,-0.000399999999999994));
#11312=CARTESIAN_POINT('',(9.89999999999932E-5,-0.026558,-0.000399999999999994));
#11313=CARTESIAN_POINT('',(0.006599,-0.026558,-0.000399999999999994));
#11314=CARTESIAN_POINT('',(0.006599,-0.026058,-0.000399999999999994));
#11315=CARTESIAN_POINT('',(-0.011951,-0.019558,-0.000399999999999994));
#11316=CARTESIAN_POINT('',(-0.011951,-0.026058,-0.000399999999999994));
#11317=CARTESIAN_POINT('',(-0.011951,-0.013058,-0.000399999999999994));
#11318=CARTESIAN_POINT('',(-0.012451,-0.013058,-0.000399999999999994));
#11319=CARTESIAN_POINT('',(-0.012451,-0.012558,-0.000399999999999994));
#11320=CARTESIAN_POINT('',(-0.018951,-0.012558,-0.000399999999999994));
#11321=CARTESIAN_POINT('',(-0.025451,-0.012558,-0.000399999999999994));
#11322=CARTESIAN_POINT('',(-0.025451,-0.013058,-0.000399999999999994));
#11323=CARTESIAN_POINT('',(-0.025951,-0.013058,-0.000399999999999994));
#11324=CARTESIAN_POINT('',(-0.025951,-0.019558,-0.000399999999999994));
#11325=CARTESIAN_POINT('',(-0.025951,-0.026058,-0.000399999999999994));
#11326=CARTESIAN_POINT('',(-0.025451,-0.026058,-0.000399999999999994));
#11327=CARTESIAN_POINT('',(-0.025451,-0.026558,-0.000399999999999994));
#11328=CARTESIAN_POINT('',(-0.018951,-0.026558,-0.000399999999999994));
#11329=CARTESIAN_POINT('',(-0.012451,-0.026558,-0.000399999999999994));
#11330=CARTESIAN_POINT('',(-0.012451,-0.026058,-0.000399999999999994));
#11331=CARTESIAN_POINT('',(0.,-0.0127,-0.0202486));
#11332=CARTESIAN_POINT('',(-0.03315,-0.0127,-0.0189986));
#11333=CARTESIAN_POINT('',(-0.0339,-0.0127,-0.0189986));
#11334=CARTESIAN_POINT('',(-0.0339,-0.0127,-0.0197486));
#11335=CARTESIAN_POINT('',(-0.0339,-0.0127,-0.0204986));
#11336=CARTESIAN_POINT('',(-0.03315,-0.0127,-0.0204986));
#11337=CARTESIAN_POINT('',(-0.0324,-0.0127,-0.0204986));
#11338=CARTESIAN_POINT('',(-0.0324,-0.0127,-0.0209986));
#11339=CARTESIAN_POINT('',(-0.0324,-0.0127,-0.0214986));
#11340=CARTESIAN_POINT('',(0.,-0.0127,-0.0214986));
#11341=CARTESIAN_POINT('',(0.0324,-0.0127,-0.0214986));
#11342=CARTESIAN_POINT('',(0.0324,-0.0127,-0.0209986));
#11343=CARTESIAN_POINT('',(0.0324,-0.0127,-0.0204986));
#11344=CARTESIAN_POINT('',(0.03315,-0.0127,-0.0204986));
#11345=CARTESIAN_POINT('',(0.0339,-0.0127,-0.0204986));
#11346=CARTESIAN_POINT('',(0.0339,-0.0127,-0.0197486));
#11347=CARTESIAN_POINT('',(0.0339,-0.0127,-0.0189986));
#11348=CARTESIAN_POINT('',(0.03315,-0.0127,-0.0189986));
#11349=CARTESIAN_POINT('',(-0.03315,-0.114554,-0.0189986));
#11350=CARTESIAN_POINT('',(-0.0339,-0.114554,-0.0189986));
#11351=CARTESIAN_POINT('',(-0.0339,-0.114554,-0.0197486));
#11352=CARTESIAN_POINT('',(-0.0339,-0.114554,-0.0204986));
#11353=CARTESIAN_POINT('',(-0.03315,-0.114554,-0.0204986));
#11354=CARTESIAN_POINT('',(-0.0324,-0.114554,-0.0204986));
#11355=CARTESIAN_POINT('',(-0.0324,-0.114554,-0.0209986));
#11356=CARTESIAN_POINT('',(-0.0324,-0.114554,-0.0214986));
#11357=CARTESIAN_POINT('',(0.,-0.114554,-0.0214986));
#11358=CARTESIAN_POINT('',(0.0324,-0.114554,-0.0214986));
#11359=CARTESIAN_POINT('',(0.0324,-0.114554,-0.0209986));
#11360=CARTESIAN_POINT('',(0.0324,-0.114554,-0.0204986));
#11361=CARTESIAN_POINT('',(0.03315,-0.114554,-0.0204986));
#11362=CARTESIAN_POINT('',(0.0339,-0.114554,-0.0204986));
#11363=CARTESIAN_POINT('',(0.0339,-0.114554,-0.0197486));
#11364=CARTESIAN_POINT('',(0.0339,-0.114554,-0.0189986));
#11365=CARTESIAN_POINT('',(0.03315,-0.114554,-0.0189986));
#11366=CARTESIAN_POINT('',(-0.0304148199237082,-0.062,0.0224668856821903));
#11367=CARTESIAN_POINT('',(-0.0304148199237082,-0.062,0.0224668856821903));
#11368=CARTESIAN_POINT('',(-0.0304148199237082,-0.062,0.0204668856821903));
#11369=CARTESIAN_POINT('',(0.,-0.062,0.));
#11370=CARTESIAN_POINT('',(0.029601939022541,-0.062,0.022681076079607));
#11371=CARTESIAN_POINT('',(0.029601939022541,-0.062,0.022681076079607));
#11372=CARTESIAN_POINT('',(0.029601939022541,-0.062,0.020681076079607));
#11373=CARTESIAN_POINT('',(0.,-0.062,0.));
#11374=CARTESIAN_POINT('',(0.032756889426565,-0.062,-0.0233025812561241));
#11375=CARTESIAN_POINT('',(0.032756889426565,-0.062,-0.0233025812561241));
#11376=CARTESIAN_POINT('',(0.032756889426565,-0.062,-0.0244525812561242));
#11377=CARTESIAN_POINT('',(0.,-0.062,0.));
#11378=CARTESIAN_POINT('',(-0.0333344973623753,-0.062,-0.0231337435543537));
#11379=CARTESIAN_POINT('',(-0.0333344973623753,-0.062,-0.0231337435543537));
#11380=CARTESIAN_POINT('',(-0.0333344973623753,-0.062,-0.0242837435543537));
#11381=CARTESIAN_POINT('',(0.,-0.062,0.));
#11382=CARTESIAN_POINT('',(-6.93889390390723E-18,0.0350743606772379,0.025));
#11383=CARTESIAN_POINT('',(0.0305,-0.074,0.));
#11384=CARTESIAN_POINT('',(0.0305,-0.07,0.));
#11385=CARTESIAN_POINT('',(0.0305,-0.07,-0.018));
#11386=CARTESIAN_POINT('',(0.0305,-0.07,0.018));
#11387=CARTESIAN_POINT('',(0.0305,-0.074,-0.018));
#11388=CARTESIAN_POINT('',(0.0305,-0.074,-0.018));
#11389=CARTESIAN_POINT('',(0.0305,-0.074,0.));
#11390=CARTESIAN_POINT('',(0.0305,-0.074,0.018));
#11391=CARTESIAN_POINT('',(0.0305,-0.074,0.018));
#11392=CARTESIAN_POINT('',(3.46944695195361E-18,-0.074,-0.018));
#11393=CARTESIAN_POINT('',(3.46944695195361E-18,-0.07,-0.018));
#11394=CARTESIAN_POINT('',(-0.0305,-0.07,-0.018));
#11395=CARTESIAN_POINT('',(-0.0305,-0.074,-0.018));
#11396=CARTESIAN_POINT('',(-0.0305,-0.074,-0.018));
#11397=CARTESIAN_POINT('',(3.46944695195361E-18,-0.074,-0.018));
#11398=CARTESIAN_POINT('',(-0.0305,-0.074,0.));
#11399=CARTESIAN_POINT('',(-0.0305,-0.07,0.));
#11400=CARTESIAN_POINT('',(-0.0305,-0.07,0.018));
#11401=CARTESIAN_POINT('',(-0.0305,-0.074,0.018));
#11402=CARTESIAN_POINT('',(-0.0305,-0.074,0.018));
#11403=CARTESIAN_POINT('',(-0.0305,-0.074,0.));
#11404=CARTESIAN_POINT('',(0.,-0.074,-0.02));
#11405=CARTESIAN_POINT('',(0.,-0.07,-0.02));
#11406=CARTESIAN_POINT('',(0.0325,-0.07,-0.02));
#11407=CARTESIAN_POINT('',(-0.0325,-0.07,-0.02));
#11408=CARTESIAN_POINT('',(0.0325,-0.074,-0.02));
#11409=CARTESIAN_POINT('',(0.0325,-0.074,-0.02));
#11410=CARTESIAN_POINT('',(0.,-0.074,-0.02));
#11411=CARTESIAN_POINT('',(-0.0325,-0.074,-0.02));
#11412=CARTESIAN_POINT('',(-0.0325,-0.074,-0.02));
#11413=CARTESIAN_POINT('',(0.0325,-0.074,3.46944695195361E-18));
#11414=CARTESIAN_POINT('',(0.0325,-0.07,3.46944695195361E-18));
#11415=CARTESIAN_POINT('',(0.0325,-0.07,0.02));
#11416=CARTESIAN_POINT('',(0.0325,-0.074,0.02));
#11417=CARTESIAN_POINT('',(0.0325,-0.074,0.02));
#11418=CARTESIAN_POINT('',(0.0325,-0.074,3.46944695195361E-18));
#11419=CARTESIAN_POINT('',(0.,-0.074,0.02));
#11420=CARTESIAN_POINT('',(0.,-0.07,0.02));
#11421=CARTESIAN_POINT('',(-0.0325,-0.07,0.02));
#11422=CARTESIAN_POINT('',(-0.0325,-0.074,0.02));
#11423=CARTESIAN_POINT('',(-0.0325,-0.074,0.02));
#11424=CARTESIAN_POINT('',(0.,-0.074,0.02));
#11425=CARTESIAN_POINT('',(-0.0325,-0.074,0.));
#11426=CARTESIAN_POINT('',(-0.0325,-0.07,0.));
#11427=CARTESIAN_POINT('',(-0.0325,-0.074,0.));
#11428=CARTESIAN_POINT('',(0.,-0.074,0.018));
#11429=CARTESIAN_POINT('',(0.,-0.07,0.018));
#11430=CARTESIAN_POINT('',(0.,-0.074,0.018));
#11431=CARTESIAN_POINT('',(0.,-0.074,0.));
#11432=CARTESIAN_POINT('',(0.,-0.07,0.));
#11433=CARTESIAN_POINT('',(-6.93889390390723E-18,0.0350743606772379,0.025));
#11434=CARTESIAN_POINT('',(0.00980143692213296,-0.072,-0.00909646491926908));
#11435=CARTESIAN_POINT('',(0.00980143692213296,-0.071746,-0.00909646491926908));
#11436=CARTESIAN_POINT('',(0.00980143692213296,-0.071746,-0.00720694132518768));
#11437=CARTESIAN_POINT('',(0.00980143692213296,-0.071746,-0.00722132555911165));
#11438=CARTESIAN_POINT('',(0.00980143692213296,-0.071746,-0.00722132555911165));
#11439=CARTESIAN_POINT('',(0.00980143692213296,-0.072,-0.00722132555911165));
#11440=CARTESIAN_POINT('',(0.00980143692213296,-0.072,-0.00909646491926908));
#11441=CARTESIAN_POINT('',(0.00980143692213296,-0.072,-0.0109859885133505));
#11442=CARTESIAN_POINT('',(0.00980143692213296,-0.072,-0.0109859885133505));
#11443=CARTESIAN_POINT('',(0.00980143692213296,-0.07,-0.0109859885133505));
#11444=CARTESIAN_POINT('',(0.00980143692213296,-0.07,-0.00909646491926908));
#11445=CARTESIAN_POINT('',(0.00980143692213296,-0.07,-0.00720694132518768));
#11446=CARTESIAN_POINT('',(0.00980143692213296,-0.072,-0.00720694132518768));
#11447=CARTESIAN_POINT('',(0.0147110142359435,-0.072,-0.00720694132518768));
#11448=CARTESIAN_POINT('',(0.00981652449050712,-0.071746,-0.00720694132518768));
#11449=CARTESIAN_POINT('',(0.00981652449050712,-0.071746,-0.00720694132518768));
#11450=CARTESIAN_POINT('',(0.00981652449050712,-0.072,-0.00720694132518768));
#11451=CARTESIAN_POINT('',(0.0147110142359435,-0.071746,-0.00720694132518768));
#11452=CARTESIAN_POINT('',(0.0147110142359435,-0.07,-0.00720694132518768));
#11453=CARTESIAN_POINT('',(0.0196205915497541,-0.07,-0.00720694132518768));
#11454=CARTESIAN_POINT('',(0.0196205915497541,-0.072,-0.00720694132518768));
#11455=CARTESIAN_POINT('',(0.0196205915497541,-0.072,-0.00720694132518768));
#11456=CARTESIAN_POINT('',(0.0147110142359435,-0.072,-0.00720694132518768));
#11457=CARTESIAN_POINT('',(-0.00143640743699671,-0.072,-0.00763120159876346));
#11458=CARTESIAN_POINT('',(-0.00143640743699671,-0.07,-0.00763120159876346));
#11459=CARTESIAN_POINT('',(-0.00143640743699671,-0.07,-0.0111312015987635));
#11460=CARTESIAN_POINT('',(-0.00143640743699671,-0.071746,-0.00763120159876346));
#11461=CARTESIAN_POINT('',(-0.00015268621657357,-0.071746,-0.0108872820382237));
#11462=CARTESIAN_POINT('',(-0.00368333522320243,-0.071746,-0.0103147282939123));
#11463=CARTESIAN_POINT('',(-0.00368333522320243,-0.071746,-0.0103147282939123));
#11464=CARTESIAN_POINT('',(-0.00368333522320243,-0.072,-0.0103147282939123));
#11465=CARTESIAN_POINT('',(-0.00143640743699671,-0.072,-0.00763120159876346));
#11466=CARTESIAN_POINT('',(-0.00015268621657357,-0.072,-0.0108872820382237));
#11467=CARTESIAN_POINT('',(-0.00015268621657357,-0.071746,-0.0108872820382237));
#11468=CARTESIAN_POINT('',(0.,-0.072,0.));
#11469=CARTESIAN_POINT('',(-3.30968379781323E-5,-0.072,-0.0108903057519543));
#11470=CARTESIAN_POINT('',(0.000328160303974534,-0.072,-0.0108994398255088));
#11471=CARTESIAN_POINT('',(-0.00351389359340845,-0.072,-0.0103628414273769));
#11472=CARTESIAN_POINT('',(-0.00384703123975001,-0.072,-0.0102682466335237));
#11473=CARTESIAN_POINT('',(-0.00417322161433767,-0.072,-0.010157882601883));
#11474=CARTESIAN_POINT('',(-0.00449941198892513,-0.072,-0.0100475185702424));
#11475=CARTESIAN_POINT('',(-0.00481821381680598,-0.072,-0.00992182636378554));
#11476=CARTESIAN_POINT('',(-0.00513701564468683,-0.072,-0.00979613415732868));
#11477=CARTESIAN_POINT('',(-0.00544798786288942,-0.072,-0.00965555476836663));
#11478=CARTESIAN_POINT('',(-0.00575896008109207,-0.072,-0.00951497537940469));
#11479=CARTESIAN_POINT('',(-0.00606166155598446,-0.072,-0.00935994980024833));
#11480=CARTESIAN_POINT('',(-0.00636436303087687,-0.072,-0.00920492422109189));
#11481=CARTESIAN_POINT('',(-0.00665835255816656,-0.072,-0.00903589337339162));
#11482=CARTESIAN_POINT('',(-0.00695234208545619,-0.072,-0.00886686252569133));
#11483=CARTESIAN_POINT('',(-0.00723717853151126,-0.072,-0.00868426747241855));
#11484=CARTESIAN_POINT('',(-0.00752201497756646,-0.072,-0.00850167241914571));
#11485=CARTESIAN_POINT('',(-0.00779725727941551,-0.072,-0.00830595415261132));
#11486=CARTESIAN_POINT('',(-0.00807249958126453,-0.072,-0.008110235886077));
#11487=CARTESIAN_POINT('',(-0.00833770653461506,-0.072,-0.00790183539859192));
#11488=CARTESIAN_POINT('',(-0.00860291348796553,-0.072,-0.00769343491110674));
#11489=CARTESIAN_POINT('',(-0.00885764395918561,-0.072,-0.00747279312432135));
#11490=CARTESIAN_POINT('',(-0.00911237443040569,-0.072,-0.00725215133753598));
#11491=CARTESIAN_POINT('',(-0.00935618721520287,-0.072,-0.00701970931442169));
#11492=CARTESIAN_POINT('',(-0.00960000000000017,-0.072,-0.00678726729130731));
#11493=CARTESIAN_POINT('',(-0.00983245403540301,-0.072,-0.00654346595351451));
#11494=CARTESIAN_POINT('',(-0.0100649080708058,-0.072,-0.00629966461572179));
#11495=CARTESIAN_POINT('',(-0.0102855622231824,-0.072,-0.0060449450262219));
#11496=CARTESIAN_POINT('',(-0.0105062163755589,-0.072,-0.0057902254367221));
#11497=CARTESIAN_POINT('',(-0.0107146294406167,-0.072,-0.00552502858782602));
#11498=CARTESIAN_POINT('',(-0.0109230425056746,-0.072,-0.00525983173892996));
#11499=CARTESIAN_POINT('',(-0.0111187733497817,-0.072,-0.0049845985522881));
#11500=CARTESIAN_POINT('',(-0.0113145041938887,-0.072,-0.00470936536564627));
#11501=CARTESIAN_POINT('',(-0.0114971116834132,-0.072,-0.00442453690423005));
#11502=CARTESIAN_POINT('',(-0.0116797191729377,-0.072,-0.00413970844281384));
#11503=CARTESIAN_POINT('',(-0.0118487621035871,-0.072,-0.00384572569893414));
#11504=CARTESIAN_POINT('',(-0.0120178050342364,-0.072,-0.0035517429550544));
#11505=CARTESIAN_POINT('',(-0.0121728424136997,-0.072,-0.00324904685036161));
#11506=CARTESIAN_POINT('',(-0.012327879793163,-0.072,-0.00294635074566885));
#11507=CARTESIAN_POINT('',(-0.0124684703464874,-0.072,-0.00263538227247389));
#11508=CARTESIAN_POINT('',(-0.0126090608998118,-0.072,-0.00232441379927888));
#11509=CARTESIAN_POINT('',(-0.0127347634933652,-0.072,-0.00200561402055318));
#11510=CARTESIAN_POINT('',(-0.0128604660869186,-0.072,-0.00168681424182739));
#11511=CARTESIAN_POINT('',(-0.0129708395870691,-0.072,-0.00136062414988181));
#11512=CARTESIAN_POINT('',(-0.0130812130872196,-0.072,-0.00103443405793624));
#11513=CARTESIAN_POINT('',(-0.0131758164309957,-0.072,-0.000701294574421188));
#11514=CARTESIAN_POINT('',(-0.013270419774772,-0.072,-0.000368155090906247));
#11515=CARTESIAN_POINT('',(-0.0133488116872209,-0.072,-2.8507208132618E-5));
#11516=CARTESIAN_POINT('',(-0.0134272035996697,-0.072,0.00031114067464098));
#11517=CARTESIAN_POINT('',(-0.0134889430884804,-0.072,0.000656855893701734));
#11518=CARTESIAN_POINT('',(-0.0135506825772911,-0.072,0.00100257111276252));
#11519=CARTESIAN_POINT('',(-0.0135953282968501,-0.072,0.00135391274646005));
#11520=CARTESIAN_POINT('',(-0.013639974016409,-0.072,0.00170525438015751));
#11521=CARTESIAN_POINT('',(-0.0136670849744054,-0.072,0.00206178136552035));
#11522=CARTESIAN_POINT('',(-0.0136941959324017,-0.072,0.00241830835088325));
#11523=CARTESIAN_POINT('',(-0.0137033309952035,-0.072,0.00277957976626107));
#11524=CARTESIAN_POINT('',(-0.0137124660580053,-0.072,0.00314085118163874));
#11525=CARTESIAN_POINT('',(-0.0137033309952035,-0.072,0.00350210811160978));
#11526=CARTESIAN_POINT('',(-0.0136941959324017,-0.072,0.00386336504158082));
#11527=CARTESIAN_POINT('',(-0.0136670849744054,-0.072,0.00421987987333407));
#11528=CARTESIAN_POINT('',(-0.013639974016409,-0.072,0.00457639470508731));
#11529=CARTESIAN_POINT('',(-0.01359532829685,-0.072,0.00492772637565137));
#11530=CARTESIAN_POINT('',(-0.0135506825772911,-0.072,0.00527905804621563));
#11531=CARTESIAN_POINT('',(-0.0134889430884804,-0.072,0.00562476535129802));
#11532=CARTESIAN_POINT('',(-0.0134272035996697,-0.072,0.00597047265638028));
#11533=CARTESIAN_POINT('',(-0.0133488116872208,-0.072,0.00631011460367015));
#11534=CARTESIAN_POINT('',(-0.013270419774772,-0.072,0.00664975655095998));
#11535=CARTESIAN_POINT('',(-0.0131758164309958,-0.072,0.00698289200682533));
#11536=CARTESIAN_POINT('',(-0.0130812130872196,-0.072,0.00731602746269072));
#11537=CARTESIAN_POINT('',(-0.0129708395870691,-0.072,0.00764221522283912));
#11538=CARTESIAN_POINT('',(-0.0128604660869185,-0.072,0.00796840298298747));
#11539=CARTESIAN_POINT('',(-0.0127347634933651,-0.072,0.00828720198444748));
#11540=CARTESIAN_POINT('',(-0.0126090608998117,-0.072,0.00860600098590751));
#11541=CARTESIAN_POINT('',(-0.0124684703464874,-0.072,0.00891697016570767));
#11542=CARTESIAN_POINT('',(-0.0123278797931631,-0.072,0.0092279393455078));
#11543=CARTESIAN_POINT('',(-0.0121728424136998,-0.072,0.00953063749935568));
#11544=CARTESIAN_POINT('',(-0.0120178050342364,-0.072,0.00983333565320355));
#11545=CARTESIAN_POINT('',(-0.011848762103587,-0.072,0.0101273217181278));
#11546=CARTESIAN_POINT('',(-0.0116797191729377,-0.072,0.010421307783052));
#11547=CARTESIAN_POINT('',(-0.0114971116834133,-0.072,0.010706140696081));
#11548=CARTESIAN_POINT('',(-0.0113145041938888,-0.072,0.0109909736091101));
#11549=CARTESIAN_POINT('',(-0.0111187733497817,-0.072,0.0112662121659516));
#11550=CARTESIAN_POINT('',(-0.0109230425056746,-0.072,0.0115414507227929));
#11551=CARTESIAN_POINT('',(-0.0107146294406167,-0.072,0.0118066537898149));
#11552=CARTESIAN_POINT('',(-0.010506216375559,-0.072,0.0120718568568367));
#11553=CARTESIAN_POINT('',(-0.0102855622231824,-0.072,0.0123265834417282));
#11554=CARTESIAN_POINT('',(-0.0100649080708057,-0.072,0.0125813100266197));
#11555=CARTESIAN_POINT('',(-0.00983245403540289,-0.072,0.0128251189250882));
#11556=CARTESIAN_POINT('',(-0.0096,-0.072,0.0130689278235567));
#11557=CARTESIAN_POINT('',(-0.00935618721520288,-0.072,0.0133013779019704));
#11558=CARTESIAN_POINT('',(-0.00911237443040577,-0.072,0.0135338279803842));
#11559=CARTESIAN_POINT('',(-0.00885764395918569,-0.072,0.0137544782464321));
#11560=CARTESIAN_POINT('',(-0.00860291348796561,-0.072,0.0139751285124799));
#11561=CARTESIAN_POINT('',(-0.00833770653461508,-0.072,0.014183537691209));
#11562=CARTESIAN_POINT('',(-0.00807249958126442,-0.072,0.0143919468699382));
#11563=CARTESIAN_POINT('',(-0.00779725727941538,-0.072,0.0145876740396982));
#11564=CARTESIAN_POINT('',(-0.0075220149775664,-0.072,0.0147834012094582));
#11565=CARTESIAN_POINT('',(-0.00723717853151133,-0.072,0.0149660050246356));
#11566=CARTESIAN_POINT('',(-0.00695234208545625,-0.072,0.0151486088398131));
#11567=CARTESIAN_POINT('',(-0.00665835255816655,-0.072,0.0153176483787575));
#11568=CARTESIAN_POINT('',(-0.00636436303087678,-0.072,0.0154866879177017));
#11569=CARTESIAN_POINT('',(-0.00606166155598439,-0.072,0.0156417219761206));
#11570=CARTESIAN_POINT('',(-0.00575896008109198,-0.072,0.0157967560345394));
#11571=CARTESIAN_POINT('',(-0.0054479878628894,-0.072,0.0159373434788008));
#11572=CARTESIAN_POINT('',(-0.00513701564468702,-0.072,0.0160779309230623));
#11573=CARTESIAN_POINT('',(-0.00481821381680618,-0.072,0.0162036307608554));
#11574=CARTESIAN_POINT('',(-0.00449941198892526,-0.072,0.0163293305986484));
#11575=CARTESIAN_POINT('',(-0.0041732216143376,-0.072,0.0164397015550202));
#11576=CARTESIAN_POINT('',(-0.0038470312397499,-0.072,0.016550072511392));
#11577=CARTESIAN_POINT('',(-0.0035138935934084,-0.072,0.0166446735940315));
#11578=CARTESIAN_POINT('',(-0.0031807559470669,-0.072,0.016739274676671));
#11579=CARTESIAN_POINT('',(-0.00284111216260352,-0.072,0.0168176647519463));
#11580=CARTESIAN_POINT('',(-0.00250146837814017,-0.072,0.0168960548272218));
#11581=CARTESIAN_POINT('',(-0.00215575944786579,-0.072,0.0169577926908405));
#11582=CARTESIAN_POINT('',(-0.00181005051759141,-0.072,0.0170195305544591));
#11583=CARTESIAN_POINT('',(-0.00145871778711953,-0.072,0.0170641752141103));
#11584=CARTESIAN_POINT('',(-0.0011073850566476,-0.072,0.0171088198737613));
#11585=CARTESIAN_POINT('',(-0.000750869518289152,-0.072,0.0171359301251525));
#11586=CARTESIAN_POINT('',(-0.000394353979930612,-0.072,0.0171630403765437));
#11587=CARTESIAN_POINT('',(-3.30968379780389E-5,-0.072,0.0171721751567034));
#11588=CARTESIAN_POINT('',(0.000328160303974509,-0.072,0.0171813099368632));
#11589=CARTESIAN_POINT('',(0.000328076500596729,-0.072,0.0171809746526915));
#11590=CARTESIAN_POINT('',(0.000327992697218949,-0.072,0.0171806393685199));
#11591=CARTESIAN_POINT('',(0.000689294567281313,-0.072,0.0171715048003417));
#11592=CARTESIAN_POINT('',(0.00105059643734362,-0.072,0.0171623702321635));
#11593=CARTESIAN_POINT('',(0.00140715204021726,-0.072,0.017135260758038));
#11594=CARTESIAN_POINT('',(0.00176370764309108,-0.072,0.0171081512839127));
#11595=CARTESIAN_POINT('',(0.00211507598646561,-0.072,0.0170635078961509));
#11596=CARTESIAN_POINT('',(0.00246644432984,-0.072,0.0170188645083891));
#11597=CARTESIAN_POINT('',(0.0028121844920646,-0.072,0.0169571284112835));
#11598=CARTESIAN_POINT('',(0.00315792465428921,-0.072,0.0168953923141778));
#11599=CARTESIAN_POINT('',(0.00349759571371366,-0.072,0.0168170046413602));
#11600=CARTESIAN_POINT('',(0.00383726677313812,-0.072,0.0167386169685425));
#11601=CARTESIAN_POINT('',(0.00417042780811208,-0.072,0.0166440188536448));
#11602=CARTESIAN_POINT('',(0.00450358884308599,-0.072,0.0165494207387472));
#11603=CARTESIAN_POINT('',(0.00482979893195892,-0.072,0.016439053244741));
#11604=CARTESIAN_POINT('',(0.00515600902083191,-0.072,0.0163286857507348));
#11605=CARTESIAN_POINT('',(0.00547482724195359,-0.072,0.0162029900819124));
#11606=CARTESIAN_POINT('',(0.00579364546307526,-0.072,0.0160772944130901));
#11607=CARTESIAN_POINT('',(0.00610463089479537,-0.072,0.015936711632423));
#11608=CARTESIAN_POINT('',(0.00641561632651533,-0.072,0.015796128851756));
#11609=CARTESIAN_POINT('',(0.00671832797652273,-0.072,0.0156411001635368));
#11610=CARTESIAN_POINT('',(0.00702103962653011,-0.072,0.0154860714753174));
#11611=CARTESIAN_POINT('',(0.00731503657317451,-0.072,0.0153170379425173));
#11612=CARTESIAN_POINT('',(0.0076090335198189,-0.072,0.0151480044097172));
#11613=CARTESIAN_POINT('',(0.00789387491211037,-0.072,0.0149654072366289));
#11614=CARTESIAN_POINT('',(0.00817871630440192,-0.072,0.0147828100635404));
#11615=CARTESIAN_POINT('',(0.00845396115002972,-0.072,0.0145870903131352));
#11616=CARTESIAN_POINT('',(0.00872920599565752,-0.072,0.0143913705627299));
#11617=CARTESIAN_POINT('',(0.00899441337297117,-0.072,0.0141829693686394));
#11618=CARTESIAN_POINT('',(0.00925962075028486,-0.072,0.0139745681745491));
#11619=CARTESIAN_POINT('',(0.00951434973763406,-0.072,0.0137539266704058));
#11620=CARTESIAN_POINT('',(0.00976907872498323,-0.072,0.0135332851662625));
#11621=CARTESIAN_POINT('',(0.0100128883300569,-0.072,0.0133008444856981));
#11622=CARTESIAN_POINT('',(0.0102566979351306,-0.072,0.0130684038051338));
#11623=CARTESIAN_POINT('',(0.0104891473775997,-0.072,0.0128246051524408));
#11624=CARTESIAN_POINT('',(0.0107215968200687,-0.072,0.0125808064997478));
#11625=CARTESIAN_POINT('',(0.0109422450369614,-0.072,0.0123260908672371));
#11626=CARTESIAN_POINT('',(0.0111628932538542,-0.072,0.0120713752347264));
#11627=CARTESIAN_POINT('',(0.0113712993941811,-0.072,0.0118061838266904));
#11628=CARTESIAN_POINT('',(0.0115797055345078,-0.072,0.0115409924186545));
#11629=CARTESIAN_POINT('',(0.0117754286059575,-0.072,0.0112657663687252));
#11630=CARTESIAN_POINT('',(0.0119711516774074,-0.072,0.010990540318796));
#11631=CARTESIAN_POINT('',(0.0121537507583299,-0.072,0.0107057207606054));
#11632=CARTESIAN_POINT('',(0.0123363498392524,-0.072,0.0104209012024148));
#11633=CARTESIAN_POINT('',(0.0125053840786577,-0.072,0.0101269291989341));
#11634=CARTESIAN_POINT('',(0.0126744183180629,-0.072,0.00983295719545364));
#11635=CARTESIAN_POINT('',(0.0128294467236401,-0.072,0.00953027402163623));
#11636=CARTESIAN_POINT('',(0.0129844751292173,-0.072,0.00922759084781878));
#11637=CARTESIAN_POINT('',(0.0131250567086555,-0.072,0.00891663742531474));
#11638=CARTESIAN_POINT('',(0.0132656382880937,-0.072,0.00860568400281071));
#11639=CARTESIAN_POINT('',(0.0133913322610635,-0.072,0.00828690160657318));
#11640=CARTESIAN_POINT('',(0.0135170262340334,-0.072,0.00796811921033559));
#11641=CARTESIAN_POINT('',(0.0136273915375635,-0.072,0.00764194897399642));
#11642=CARTESIAN_POINT('',(0.0137377568410936,-0.072,0.00731577873765722));
#11643=CARTESIAN_POINT('',(0.0138323525535335,-0.072,0.00698266172418787));
#11644=CARTESIAN_POINT('',(0.0139269482659734,-0.072,0.00664954471071845));
#11645=CARTESIAN_POINT('',(0.0140053336069938,-0.072,0.00630992212441129));
#11646=CARTESIAN_POINT('',(0.0140837189480143,-0.072,0.00597029953810414));
#11647=CARTESIAN_POINT('',(0.0141454527839833,-0.072,0.00562461237127013));
#11648=CARTESIAN_POINT('',(0.0142071866199523,-0.072,0.00527892520443619));
#11649=CARTESIAN_POINT('',(0.0142518281705406,-0.072,0.00492761473202843));
#11650=CARTESIAN_POINT('',(0.0142964697211289,-0.072,0.00457630425962065));
#11651=CARTESIAN_POINT('',(0.0143235779940254,-0.072,0.00421981154461043));
#11652=CARTESIAN_POINT('',(0.0143506862669219,-0.072,0.00386331882960024));
#11653=CARTESIAN_POINT('',(0.0143598203404764,-0.072,0.00350208500561958));
#11654=CARTESIAN_POINT('',(0.0143689544140309,-0.072,0.00314085118163889));
#11655=CARTESIAN_POINT('',(0.0143598203404764,-0.072,0.00277957976626102));
#11656=CARTESIAN_POINT('',(0.0143506862669219,-0.072,0.0024183083508832));
#11657=CARTESIAN_POINT('',(0.0143235779940254,-0.072,0.00206178136552042));
#11658=CARTESIAN_POINT('',(0.0142964697211289,-0.072,0.00170525438015757));
#11659=CARTESIAN_POINT('',(0.014251828241201,-0.072,0.00135391274646002));
#11660=CARTESIAN_POINT('',(0.0142071867612733,-0.072,0.00100257111276249));
#11661=CARTESIAN_POINT('',(0.0141454529959648,-0.072,0.000656855893701767));
#11662=CARTESIAN_POINT('',(0.0140837192306563,-0.072,0.000311140674641011));
#11663=CARTESIAN_POINT('',(0.0140053341016175,-0.072,-2.85072081325068E-5));
#11664=CARTESIAN_POINT('',(0.0139269489725786,-0.072,-0.000368155090906139));
#11665=CARTESIAN_POINT('',(0.0138323534721204,-0.072,-0.000701294574421176));
#11666=CARTESIAN_POINT('',(0.013737757971662,-0.072,-0.00103443405793623));
#11667=CARTESIAN_POINT('',(0.013627392950774,-0.072,-0.00136062414988189));
#11668=CARTESIAN_POINT('',(0.013517027929886,-0.072,-0.00168681424182747));
#11669=CARTESIAN_POINT('',(0.0133913344515397,-0.072,-0.00200561402055324));
#11670=CARTESIAN_POINT('',(0.0132656409731935,-0.072,-0.00232441379927893));
#11671=CARTESIAN_POINT('',(0.013125059888379,-0.072,-0.00263538227247387));
#11672=CARTESIAN_POINT('',(0.0129844788035645,-0.072,-0.00294635074566884));
#11673=CARTESIAN_POINT('',(0.0128294511045924,-0.072,-0.00324904685036166));
#11674=CARTESIAN_POINT('',(0.0126744234056204,-0.072,-0.00355174295505444));
#11675=CARTESIAN_POINT('',(0.0125053900848019,-0.072,-0.00384572569893414));
#11676=CARTESIAN_POINT('',(0.0123363567639834,-0.072,-0.00413970844281384));
#11677=CARTESIAN_POINT('',(0.0121537586723081,-0.072,-0.00442453690423002));
#11678=CARTESIAN_POINT('',(0.011971160580633,-0.072,-0.00470936536564624));
#11679=CARTESIAN_POINT('',(0.0117754387104121,-0.072,-0.00498459855228808));
#11680=CARTESIAN_POINT('',(0.0115797168401911,-0.072,-0.00525983173892995));
#11681=CARTESIAN_POINT('',(0.0113713121130747,-0.072,-0.00552502858782595));
#11682=CARTESIAN_POINT('',(0.0111629073859584,-0.072,-0.00579022543672202));
#11683=CARTESIAN_POINT('',(0.0109422607235971,-0.072,-0.00604494502622185));
#11684=CARTESIAN_POINT('',(0.0107216140612357,-0.072,-0.00629966461572172));
#11685=CARTESIAN_POINT('',(0.0104891665266008,-0.072,-0.0065434659535146));
#11686=CARTESIAN_POINT('',(0.0102567189919659,-0.072,-0.00678726729130739));
#11687=CARTESIAN_POINT('',(0.0100129114360473,-0.072,-0.00701970931442169));
#11688=CARTESIAN_POINT('',(0.0196205915497541,-0.072,-0.00909646491926908));
#11689=CARTESIAN_POINT('',(0.0196205915497541,-0.072,-0.0109859885133505));
#11690=CARTESIAN_POINT('',(0.0147110142359435,-0.072,-0.0109859885133505));
#11691=CARTESIAN_POINT('',(0.0100129114360473,-0.072,-0.00701970931442169));
#11692=CARTESIAN_POINT('',(0.00976910388012864,-0.072,-0.00725215133753597));
#11693=CARTESIAN_POINT('',(0.00951437722457674,-0.072,-0.00747279312432145));
#11694=CARTESIAN_POINT('',(0.00925965056902478,-0.072,-0.00769343491110684));
#11695=CARTESIAN_POINT('',(0.00899444580615028,-0.072,-0.00790183539859186));
#11696=CARTESIAN_POINT('',(0.00872924104327588,-0.072,-0.00811023588607694));
#11697=CARTESIAN_POINT('',(0.00845399909472945,-0.072,-0.00830595415261138));
#11698=CARTESIAN_POINT('',(0.00817875714618299,-0.072,-0.00850167241914578));
#11699=CARTESIAN_POINT('',(0.00789391900427548,-0.072,-0.00868426747241856));
#11700=CARTESIAN_POINT('',(0.00760908086236789,-0.072,-0.00886686252569134));
#11701=CARTESIAN_POINT('',(0.00731508744874953,-0.072,-0.00903589337339169));
#11702=CARTESIAN_POINT('',(0.00702109403513118,-0.072,-0.00920492422109197));
#11703=CARTESIAN_POINT('',(0.00671838627145242,-0.072,-0.00935994980024824));
#11704=CARTESIAN_POINT('',(0.00641567850777369,-0.072,-0.00951497537940459));
#11705=CARTESIAN_POINT('',(0.00610469738634554,-0.072,-0.00965555476836665));
#11706=CARTESIAN_POINT('',(0.00579371626491732,-0.072,-0.0097961341573287));
#11707=CARTESIAN_POINT('',(0.00547490263672941,-0.072,-0.00992182636378549));
#11708=CARTESIAN_POINT('',(0.00515608900854159,-0.072,-0.0100475185702423));
#11709=CARTESIAN_POINT('',(0.0048298839365656,-0.072,-0.010157882601883));
#11710=CARTESIAN_POINT('',(0.00450367886458958,-0.072,-0.0102682466335238));
#11711=CARTESIAN_POINT('',(0.00417052319981524,-0.072,-0.0103628414273769));
#11712=CARTESIAN_POINT('',(0.00383736753504094,-0.072,-0.0104574362212301));
#11713=CARTESIAN_POINT('',(0.00349770226977918,-0.072,-0.0105358209263058));
#11714=CARTESIAN_POINT('',(0.00315803700451744,-0.072,-0.0106142056313816));
#11715=CARTESIAN_POINT('',(0.00281230306041859,-0.072,-0.010675939114048));
#11716=CARTESIAN_POINT('',(0.00246656911631981,-0.072,-0.0107376725967144));
#11717=CARTESIAN_POINT('',(0.00211520741503443,-0.072,-0.0107823139353212));
#11718=CARTESIAN_POINT('',(0.00176384571374899,-0.072,-0.0108269552739278));
#11719=CARTESIAN_POINT('',(0.00140729731824836,-0.072,-0.0108540634761638));
#11720=CARTESIAN_POINT('',(0.0010507489227477,-0.072,-0.0108811716783998));
#11721=CARTESIAN_POINT('',(0.000689454613361102,-0.072,-0.0108903057519543));
#11722=CARTESIAN_POINT('',(0.03,-0.072,0.02));
#11723=CARTESIAN_POINT('',(0.035,-0.072,0.02));
#11724=CARTESIAN_POINT('',(0.03,-0.072,0.025));
#11725=CARTESIAN_POINT('',(0.,-0.072,0.025));
#11726=CARTESIAN_POINT('',(-0.03,-0.072,0.025));
#11727=CARTESIAN_POINT('',(-0.03,-0.072,0.02));
#11728=CARTESIAN_POINT('',(-0.035,-0.072,0.02));
#11729=CARTESIAN_POINT('',(-0.035,-0.072,0.));
#11730=CARTESIAN_POINT('',(-0.035,-0.072,-0.025));
#11731=CARTESIAN_POINT('',(6.93889390390723E-18,-0.072,-0.025));
#11732=CARTESIAN_POINT('',(0.035,-0.072,-0.025));
#11733=CARTESIAN_POINT('',(0.035,-0.072,0.));
#11734=CARTESIAN_POINT('',(-0.021595852674365,-0.072,-0.00856858056408166));
#11735=CARTESIAN_POINT('',(-0.021595852674365,-0.072,-0.00693783007931709));
#11736=CARTESIAN_POINT('',(-0.021595852674365,-0.072,-0.0101993310488462));
#11737=CARTESIAN_POINT('',(-0.0173034157989621,-0.072,-0.00693783007931709));
#11738=CARTESIAN_POINT('',(-0.0130109789235592,-0.072,-0.00693783007931709));
#11739=CARTESIAN_POINT('',(-0.0130109789235592,-0.072,-0.00856858056408166));
#11740=CARTESIAN_POINT('',(-0.0130109789235592,-0.072,-0.0101993310488462));
#11741=CARTESIAN_POINT('',(-0.0173034157989621,-0.072,-0.0101993310488462));
#11742=CARTESIAN_POINT('',(-0.021595852674365,-0.072,-0.00856858056408166));
#11743=CARTESIAN_POINT('',(-0.021595852674365,-0.07,-0.00856858056408166));
#11744=CARTESIAN_POINT('',(-0.021595852674365,-0.07,-0.00693783007931709));
#11745=CARTESIAN_POINT('',(-0.021595852674365,-0.07,-0.0101993310488462));
#11746=CARTESIAN_POINT('',(-0.021595852674365,-0.072,-0.00693783007931709));
#11747=CARTESIAN_POINT('',(-0.021595852674365,-0.072,-0.0101993310488462));
#11748=CARTESIAN_POINT('',(-0.0173034157989621,-0.072,-0.00693783007931709));
#11749=CARTESIAN_POINT('',(-0.0173034157989621,-0.07,-0.00693783007931709));
#11750=CARTESIAN_POINT('',(-0.0130109789235592,-0.07,-0.00693783007931709));
#11751=CARTESIAN_POINT('',(-0.0130109789235592,-0.072,-0.00693783007931709));
#11752=CARTESIAN_POINT('',(-0.0130109789235592,-0.072,-0.00856858056408166));
#11753=CARTESIAN_POINT('',(-0.0130109789235592,-0.07,-0.00856858056408166));
#11754=CARTESIAN_POINT('',(-0.0130109789235592,-0.07,-0.0101993310488462));
#11755=CARTESIAN_POINT('',(-0.0130109789235592,-0.072,-0.0101993310488462));
#11756=CARTESIAN_POINT('',(0.0196205915497541,-0.072,-0.00909646491926908));
#11757=CARTESIAN_POINT('',(0.0196205915497541,-0.07,-0.00909646491926908));
#11758=CARTESIAN_POINT('',(0.0196205915497541,-0.07,-0.0109859885133505));
#11759=CARTESIAN_POINT('',(0.0196205915497541,-0.072,-0.0109859885133505));
#11760=CARTESIAN_POINT('',(0.03,-0.072,0.02));
#11761=CARTESIAN_POINT('',(0.03,-0.07,0.02));
#11762=CARTESIAN_POINT('',(0.035,-0.07,0.02));
#11763=CARTESIAN_POINT('',(0.03,-0.07,0.025));
#11764=CARTESIAN_POINT('',(0.03,-0.072,0.025));
#11765=CARTESIAN_POINT('',(0.035,-0.072,0.02));
#11766=CARTESIAN_POINT('',(0.,-0.072,0.025));
#11767=CARTESIAN_POINT('',(0.,-0.07,0.025));
#11768=CARTESIAN_POINT('',(-0.03,-0.07,0.025));
#11769=CARTESIAN_POINT('',(-0.03,-0.072,0.025));
#11770=CARTESIAN_POINT('',(-0.03,-0.072,0.02));
#11771=CARTESIAN_POINT('',(-0.03,-0.07,0.02));
#11772=CARTESIAN_POINT('',(-0.035,-0.07,0.02));
#11773=CARTESIAN_POINT('',(-0.035,-0.072,0.02));
#11774=CARTESIAN_POINT('',(-0.035,-0.072,0.));
#11775=CARTESIAN_POINT('',(-0.035,-0.07,0.));
#11776=CARTESIAN_POINT('',(-0.035,-0.07,-0.025));
#11777=CARTESIAN_POINT('',(-0.035,-0.072,-0.025));
#11778=CARTESIAN_POINT('',(6.93889390390723E-18,-0.072,-0.025));
#11779=CARTESIAN_POINT('',(6.93889390390723E-18,-0.07,-0.025));
#11780=CARTESIAN_POINT('',(0.035,-0.07,-0.025));
#11781=CARTESIAN_POINT('',(0.035,-0.072,-0.025));
#11782=CARTESIAN_POINT('',(-0.0173034157989621,-0.072,-0.0101993310488462));
#11783=CARTESIAN_POINT('',(-0.0173034157989621,-0.07,-0.0101993310488462));
#11784=CARTESIAN_POINT('',(0.0147110142359435,-0.072,-0.0109859885133505));
#11785=CARTESIAN_POINT('',(0.0147110142359435,-0.07,-0.0109859885133505));
#11786=CARTESIAN_POINT('',(0.035,-0.072,0.));
#11787=CARTESIAN_POINT('',(0.035,-0.07,0.));
#11788=CARTESIAN_POINT('',(0.,-0.07,0.));
#11789=CARTESIAN_POINT('',(-3.30968379781323E-5,-0.071746,-0.0108903057519543));
#11790=CARTESIAN_POINT('',(0.000328160303974534,-0.071746,-0.0108994398255088));
#11791=CARTESIAN_POINT('',(0.000328160303974534,-0.071746,-0.0108994398255088));
#11792=CARTESIAN_POINT('',(-3.30968379781323E-5,-0.071746,-0.0108903057519543));
#11793=CARTESIAN_POINT('',(0.000689454613361102,-0.071746,-0.0108903057519543));
#11794=CARTESIAN_POINT('',(0.0010507489227477,-0.071746,-0.0108811716783998));
#11795=CARTESIAN_POINT('',(0.0010507489227477,-0.071746,-0.0108811716783998));
#11796=CARTESIAN_POINT('',(0.000689454613361102,-0.071746,-0.0108903057519543));
#11797=CARTESIAN_POINT('',(0.00140729731824836,-0.071746,-0.0108540634761638));
#11798=CARTESIAN_POINT('',(0.00176384571374899,-0.071746,-0.0108269552739278));
#11799=CARTESIAN_POINT('',(0.00176384571374899,-0.071746,-0.0108269552739278));
#11800=CARTESIAN_POINT('',(0.00140729731824836,-0.071746,-0.0108540634761638));
#11801=CARTESIAN_POINT('',(0.00211520741503443,-0.071746,-0.0107823139353212));
#11802=CARTESIAN_POINT('',(0.00246656911631981,-0.071746,-0.0107376725967144));
#11803=CARTESIAN_POINT('',(0.00246656911631981,-0.071746,-0.0107376725967144));
#11804=CARTESIAN_POINT('',(0.00211520741503443,-0.071746,-0.0107823139353212));
#11805=CARTESIAN_POINT('',(0.00281230306041859,-0.071746,-0.010675939114048));
#11806=CARTESIAN_POINT('',(0.00315803700451744,-0.071746,-0.0106142056313816));
#11807=CARTESIAN_POINT('',(0.00315803700451744,-0.071746,-0.0106142056313816));
#11808=CARTESIAN_POINT('',(0.00281230306041859,-0.071746,-0.010675939114048));
#11809=CARTESIAN_POINT('',(0.00349770226977918,-0.071746,-0.0105358209263058));
#11810=CARTESIAN_POINT('',(0.00383736753504094,-0.071746,-0.0104574362212301));
#11811=CARTESIAN_POINT('',(0.00383736753504094,-0.071746,-0.0104574362212301));
#11812=CARTESIAN_POINT('',(0.00349770226977918,-0.071746,-0.0105358209263058));
#11813=CARTESIAN_POINT('',(0.00417052319981524,-0.071746,-0.0103628414273769));
#11814=CARTESIAN_POINT('',(0.00450367886458958,-0.071746,-0.0102682466335238));
#11815=CARTESIAN_POINT('',(0.00450367886458958,-0.071746,-0.0102682466335238));
#11816=CARTESIAN_POINT('',(0.00417052319981524,-0.071746,-0.0103628414273769));
#11817=CARTESIAN_POINT('',(0.0048298839365656,-0.071746,-0.010157882601883));
#11818=CARTESIAN_POINT('',(0.00515608900854159,-0.071746,-0.0100475185702423));
#11819=CARTESIAN_POINT('',(0.00515608900854159,-0.071746,-0.0100475185702423));
#11820=CARTESIAN_POINT('',(0.0048298839365656,-0.071746,-0.010157882601883));
#11821=CARTESIAN_POINT('',(0.00547490263672941,-0.071746,-0.00992182636378549));
#11822=CARTESIAN_POINT('',(0.00579371626491732,-0.071746,-0.0097961341573287));
#11823=CARTESIAN_POINT('',(0.00579371626491732,-0.071746,-0.0097961341573287));
#11824=CARTESIAN_POINT('',(0.00547490263672941,-0.071746,-0.00992182636378549));
#11825=CARTESIAN_POINT('',(0.00610469738634554,-0.071746,-0.00965555476836665));
#11826=CARTESIAN_POINT('',(0.00641567850777369,-0.071746,-0.00951497537940459));
#11827=CARTESIAN_POINT('',(0.00641567850777369,-0.071746,-0.00951497537940459));
#11828=CARTESIAN_POINT('',(0.00610469738634554,-0.071746,-0.00965555476836665));
#11829=CARTESIAN_POINT('',(0.00671838627145242,-0.071746,-0.00935994980024824));
#11830=CARTESIAN_POINT('',(0.00702109403513118,-0.071746,-0.00920492422109197));
#11831=CARTESIAN_POINT('',(0.00702109403513118,-0.071746,-0.00920492422109197));
#11832=CARTESIAN_POINT('',(0.00671838627145242,-0.071746,-0.00935994980024824));
#11833=CARTESIAN_POINT('',(0.00731508744874953,-0.071746,-0.00903589337339169));
#11834=CARTESIAN_POINT('',(0.00760908086236789,-0.071746,-0.00886686252569134));
#11835=CARTESIAN_POINT('',(0.00760908086236789,-0.071746,-0.00886686252569134));
#11836=CARTESIAN_POINT('',(0.00731508744874953,-0.071746,-0.00903589337339169));
#11837=CARTESIAN_POINT('',(0.00789391900427548,-0.071746,-0.00868426747241856));
#11838=CARTESIAN_POINT('',(0.00817875714618299,-0.071746,-0.00850167241914578));
#11839=CARTESIAN_POINT('',(0.00817875714618299,-0.071746,-0.00850167241914578));
#11840=CARTESIAN_POINT('',(0.00789391900427548,-0.071746,-0.00868426747241856));
#11841=CARTESIAN_POINT('',(0.00845399909472945,-0.071746,-0.00830595415261138));
#11842=CARTESIAN_POINT('',(0.00872924104327588,-0.071746,-0.00811023588607694));
#11843=CARTESIAN_POINT('',(0.00872924104327588,-0.071746,-0.00811023588607694));
#11844=CARTESIAN_POINT('',(0.00845399909472945,-0.071746,-0.00830595415261138));
#11845=CARTESIAN_POINT('',(0.00899444580615028,-0.071746,-0.00790183539859186));
#11846=CARTESIAN_POINT('',(0.00925965056902478,-0.071746,-0.00769343491110684));
#11847=CARTESIAN_POINT('',(0.00925965056902478,-0.071746,-0.00769343491110684));
#11848=CARTESIAN_POINT('',(0.00899444580615028,-0.071746,-0.00790183539859186));
#11849=CARTESIAN_POINT('',(0.00951437722457674,-0.071746,-0.00747279312432145));
#11850=CARTESIAN_POINT('',(0.00976910388012864,-0.071746,-0.00725215133753597));
#11851=CARTESIAN_POINT('',(0.00976910388012864,-0.071746,-0.00725215133753597));
#11852=CARTESIAN_POINT('',(0.00951437722457674,-0.071746,-0.00747279312432145));
#11853=CARTESIAN_POINT('',(0.0100129114360473,-0.071746,-0.00701970931442169));
#11854=CARTESIAN_POINT('',(0.0100129114360473,-0.071746,-0.00701970931442169));
#11855=CARTESIAN_POINT('',(0.0100129114360473,-0.071746,-0.00701970931442169));
#11856=CARTESIAN_POINT('',(0.0102567189919659,-0.071746,-0.00678726729130739));
#11857=CARTESIAN_POINT('',(0.0102567189919659,-0.071746,-0.00678726729130739));
#11858=CARTESIAN_POINT('',(0.0100129114360473,-0.071746,-0.00701970931442169));
#11859=CARTESIAN_POINT('',(0.0104891665266008,-0.071746,-0.0065434659535146));
#11860=CARTESIAN_POINT('',(0.0107216140612357,-0.071746,-0.00629966461572172));
#11861=CARTESIAN_POINT('',(0.0107216140612357,-0.071746,-0.00629966461572172));
#11862=CARTESIAN_POINT('',(0.0104891665266008,-0.071746,-0.0065434659535146));
#11863=CARTESIAN_POINT('',(0.0109422607235971,-0.071746,-0.00604494502622185));
#11864=CARTESIAN_POINT('',(0.0111629073859584,-0.071746,-0.00579022543672202));
#11865=CARTESIAN_POINT('',(0.0111629073859584,-0.071746,-0.00579022543672202));
#11866=CARTESIAN_POINT('',(0.0109422607235971,-0.071746,-0.00604494502622185));
#11867=CARTESIAN_POINT('',(0.0113713121130747,-0.071746,-0.00552502858782595));
#11868=CARTESIAN_POINT('',(0.0115797168401911,-0.071746,-0.00525983173892995));
#11869=CARTESIAN_POINT('',(0.0115797168401911,-0.071746,-0.00525983173892995));
#11870=CARTESIAN_POINT('',(0.0113713121130747,-0.071746,-0.00552502858782595));
#11871=CARTESIAN_POINT('',(0.0117754387104121,-0.071746,-0.00498459855228808));
#11872=CARTESIAN_POINT('',(0.011971160580633,-0.071746,-0.00470936536564624));
#11873=CARTESIAN_POINT('',(0.011971160580633,-0.071746,-0.00470936536564624));
#11874=CARTESIAN_POINT('',(0.0117754387104121,-0.071746,-0.00498459855228808));
#11875=CARTESIAN_POINT('',(0.0121537586723081,-0.071746,-0.00442453690423002));
#11876=CARTESIAN_POINT('',(0.0123363567639834,-0.071746,-0.00413970844281384));
#11877=CARTESIAN_POINT('',(0.0123363567639834,-0.071746,-0.00413970844281384));
#11878=CARTESIAN_POINT('',(0.0121537586723081,-0.071746,-0.00442453690423002));
#11879=CARTESIAN_POINT('',(0.0125053900848019,-0.071746,-0.00384572569893414));
#11880=CARTESIAN_POINT('',(0.0126744234056204,-0.071746,-0.00355174295505444));
#11881=CARTESIAN_POINT('',(0.0126744234056204,-0.071746,-0.00355174295505444));
#11882=CARTESIAN_POINT('',(0.0125053900848019,-0.071746,-0.00384572569893414));
#11883=CARTESIAN_POINT('',(0.0128294511045924,-0.071746,-0.00324904685036166));
#11884=CARTESIAN_POINT('',(0.0129844788035645,-0.071746,-0.00294635074566884));
#11885=CARTESIAN_POINT('',(0.0129844788035645,-0.071746,-0.00294635074566884));
#11886=CARTESIAN_POINT('',(0.0128294511045924,-0.071746,-0.00324904685036166));
#11887=CARTESIAN_POINT('',(0.013125059888379,-0.071746,-0.00263538227247387));
#11888=CARTESIAN_POINT('',(0.0132656409731935,-0.071746,-0.00232441379927893));
#11889=CARTESIAN_POINT('',(0.0132656409731935,-0.071746,-0.00232441379927893));
#11890=CARTESIAN_POINT('',(0.013125059888379,-0.071746,-0.00263538227247387));
#11891=CARTESIAN_POINT('',(0.0133913344515397,-0.071746,-0.00200561402055324));
#11892=CARTESIAN_POINT('',(0.013517027929886,-0.071746,-0.00168681424182747));
#11893=CARTESIAN_POINT('',(0.013517027929886,-0.071746,-0.00168681424182747));
#11894=CARTESIAN_POINT('',(0.0133913344515397,-0.071746,-0.00200561402055324));
#11895=CARTESIAN_POINT('',(0.013627392950774,-0.071746,-0.00136062414988189));
#11896=CARTESIAN_POINT('',(0.013737757971662,-0.071746,-0.00103443405793623));
#11897=CARTESIAN_POINT('',(0.013737757971662,-0.071746,-0.00103443405793623));
#11898=CARTESIAN_POINT('',(0.013627392950774,-0.071746,-0.00136062414988189));
#11899=CARTESIAN_POINT('',(0.0138323534721204,-0.071746,-0.000701294574421176));
#11900=CARTESIAN_POINT('',(0.0139269489725786,-0.071746,-0.000368155090906139));
#11901=CARTESIAN_POINT('',(0.0139269489725786,-0.071746,-0.000368155090906139));
#11902=CARTESIAN_POINT('',(0.0138323534721204,-0.071746,-0.000701294574421176));
#11903=CARTESIAN_POINT('',(0.0140053341016175,-0.071746,-2.85072081325068E-5));
#11904=CARTESIAN_POINT('',(0.0140837192306563,-0.071746,0.000311140674641011));
#11905=CARTESIAN_POINT('',(0.0140837192306563,-0.071746,0.000311140674641011));
#11906=CARTESIAN_POINT('',(0.0140053341016175,-0.071746,-2.85072081325068E-5));
#11907=CARTESIAN_POINT('',(0.0141454529959648,-0.071746,0.000656855893701767));
#11908=CARTESIAN_POINT('',(0.0142071867612733,-0.071746,0.00100257111276249));
#11909=CARTESIAN_POINT('',(0.0142071867612733,-0.071746,0.00100257111276249));
#11910=CARTESIAN_POINT('',(0.0141454529959648,-0.071746,0.000656855893701767));
#11911=CARTESIAN_POINT('',(0.014251828241201,-0.071746,0.00135391274646002));
#11912=CARTESIAN_POINT('',(0.0142964697211289,-0.071746,0.00170525438015757));
#11913=CARTESIAN_POINT('',(0.0142964697211289,-0.071746,0.00170525438015757));
#11914=CARTESIAN_POINT('',(0.014251828241201,-0.071746,0.00135391274646002));
#11915=CARTESIAN_POINT('',(0.0143235779940254,-0.071746,0.00206178136552042));
#11916=CARTESIAN_POINT('',(0.0143506862669219,-0.071746,0.0024183083508832));
#11917=CARTESIAN_POINT('',(0.0143506862669219,-0.071746,0.0024183083508832));
#11918=CARTESIAN_POINT('',(0.0143235779940254,-0.071746,0.00206178136552042));
#11919=CARTESIAN_POINT('',(0.0143598203404764,-0.071746,0.00277957976626102));
#11920=CARTESIAN_POINT('',(0.0143689544140309,-0.071746,0.00314085118163889));
#11921=CARTESIAN_POINT('',(0.0143689544140309,-0.071746,0.00314085118163889));
#11922=CARTESIAN_POINT('',(0.0143598203404764,-0.071746,0.00277957976626102));
#11923=CARTESIAN_POINT('',(0.0143598203404764,-0.071746,0.00350208500561958));
#11924=CARTESIAN_POINT('',(0.0143506862669219,-0.071746,0.00386331882960024));
#11925=CARTESIAN_POINT('',(0.0143506862669219,-0.071746,0.00386331882960024));
#11926=CARTESIAN_POINT('',(0.0143598203404764,-0.071746,0.00350208500561958));
#11927=CARTESIAN_POINT('',(0.0143235779940254,-0.071746,0.00421981154461043));
#11928=CARTESIAN_POINT('',(0.0142964697211289,-0.071746,0.00457630425962065));
#11929=CARTESIAN_POINT('',(0.0142964697211289,-0.071746,0.00457630425962065));
#11930=CARTESIAN_POINT('',(0.0143235779940254,-0.071746,0.00421981154461043));
#11931=CARTESIAN_POINT('',(0.0142518281705406,-0.071746,0.00492761473202843));
#11932=CARTESIAN_POINT('',(0.0142071866199523,-0.071746,0.00527892520443619));
#11933=CARTESIAN_POINT('',(0.0142071866199523,-0.071746,0.00527892520443619));
#11934=CARTESIAN_POINT('',(0.0142518281705406,-0.071746,0.00492761473202843));
#11935=CARTESIAN_POINT('',(0.0141454527839833,-0.071746,0.00562461237127013));
#11936=CARTESIAN_POINT('',(0.0140837189480143,-0.071746,0.00597029953810414));
#11937=CARTESIAN_POINT('',(0.0140837189480143,-0.071746,0.00597029953810414));
#11938=CARTESIAN_POINT('',(0.0141454527839833,-0.071746,0.00562461237127013));
#11939=CARTESIAN_POINT('',(0.0140053336069938,-0.071746,0.00630992212441129));
#11940=CARTESIAN_POINT('',(0.0139269482659734,-0.071746,0.00664954471071845));
#11941=CARTESIAN_POINT('',(0.0139269482659734,-0.071746,0.00664954471071845));
#11942=CARTESIAN_POINT('',(0.0140053336069938,-0.071746,0.00630992212441129));
#11943=CARTESIAN_POINT('',(0.0138323525535335,-0.071746,0.00698266172418787));
#11944=CARTESIAN_POINT('',(0.0137377568410936,-0.071746,0.00731577873765722));
#11945=CARTESIAN_POINT('',(0.0137377568410936,-0.071746,0.00731577873765722));
#11946=CARTESIAN_POINT('',(0.0138323525535335,-0.071746,0.00698266172418787));
#11947=CARTESIAN_POINT('',(0.0136273915375635,-0.071746,0.00764194897399642));
#11948=CARTESIAN_POINT('',(0.0135170262340334,-0.071746,0.00796811921033559));
#11949=CARTESIAN_POINT('',(0.0135170262340334,-0.071746,0.00796811921033559));
#11950=CARTESIAN_POINT('',(0.0136273915375635,-0.071746,0.00764194897399642));
#11951=CARTESIAN_POINT('',(0.0133913322610635,-0.071746,0.00828690160657318));
#11952=CARTESIAN_POINT('',(0.0132656382880937,-0.071746,0.00860568400281071));
#11953=CARTESIAN_POINT('',(0.0132656382880937,-0.071746,0.00860568400281071));
#11954=CARTESIAN_POINT('',(0.0133913322610635,-0.071746,0.00828690160657318));
#11955=CARTESIAN_POINT('',(0.0131250567086555,-0.071746,0.00891663742531474));
#11956=CARTESIAN_POINT('',(0.0129844751292173,-0.071746,0.00922759084781878));
#11957=CARTESIAN_POINT('',(0.0129844751292173,-0.071746,0.00922759084781878));
#11958=CARTESIAN_POINT('',(0.0131250567086555,-0.071746,0.00891663742531474));
#11959=CARTESIAN_POINT('',(0.0128294467236401,-0.071746,0.00953027402163623));
#11960=CARTESIAN_POINT('',(0.0126744183180629,-0.071746,0.00983295719545364));
#11961=CARTESIAN_POINT('',(0.0126744183180629,-0.071746,0.00983295719545364));
#11962=CARTESIAN_POINT('',(0.0128294467236401,-0.071746,0.00953027402163623));
#11963=CARTESIAN_POINT('',(0.0125053840786577,-0.071746,0.0101269291989341));
#11964=CARTESIAN_POINT('',(0.0123363498392524,-0.071746,0.0104209012024148));
#11965=CARTESIAN_POINT('',(0.0123363498392524,-0.071746,0.0104209012024148));
#11966=CARTESIAN_POINT('',(0.0125053840786577,-0.071746,0.0101269291989341));
#11967=CARTESIAN_POINT('',(0.0121537507583299,-0.071746,0.0107057207606054));
#11968=CARTESIAN_POINT('',(0.0119711516774074,-0.071746,0.010990540318796));
#11969=CARTESIAN_POINT('',(0.0119711516774074,-0.071746,0.010990540318796));
#11970=CARTESIAN_POINT('',(0.0121537507583299,-0.071746,0.0107057207606054));
#11971=CARTESIAN_POINT('',(0.0117754286059575,-0.071746,0.0112657663687252));
#11972=CARTESIAN_POINT('',(0.0115797055345078,-0.071746,0.0115409924186545));
#11973=CARTESIAN_POINT('',(0.0115797055345078,-0.071746,0.0115409924186545));
#11974=CARTESIAN_POINT('',(0.0117754286059575,-0.071746,0.0112657663687252));
#11975=CARTESIAN_POINT('',(0.0113712993941811,-0.071746,0.0118061838266904));
#11976=CARTESIAN_POINT('',(0.0111628932538542,-0.071746,0.0120713752347264));
#11977=CARTESIAN_POINT('',(0.0111628932538542,-0.071746,0.0120713752347264));
#11978=CARTESIAN_POINT('',(0.0113712993941811,-0.071746,0.0118061838266904));
#11979=CARTESIAN_POINT('',(0.0109422450369614,-0.071746,0.0123260908672371));
#11980=CARTESIAN_POINT('',(0.0107215968200687,-0.071746,0.0125808064997478));
#11981=CARTESIAN_POINT('',(0.0107215968200687,-0.071746,0.0125808064997478));
#11982=CARTESIAN_POINT('',(0.0109422450369614,-0.071746,0.0123260908672371));
#11983=CARTESIAN_POINT('',(0.0104891473775997,-0.071746,0.0128246051524408));
#11984=CARTESIAN_POINT('',(0.0102566979351306,-0.071746,0.0130684038051338));
#11985=CARTESIAN_POINT('',(0.0102566979351306,-0.071746,0.0130684038051338));
#11986=CARTESIAN_POINT('',(0.0104891473775997,-0.071746,0.0128246051524408));
#11987=CARTESIAN_POINT('',(0.0100128883300569,-0.071746,0.0133008444856981));
#11988=CARTESIAN_POINT('',(0.00976907872498323,-0.071746,0.0135332851662625));
#11989=CARTESIAN_POINT('',(0.00976907872498323,-0.071746,0.0135332851662625));
#11990=CARTESIAN_POINT('',(0.0100128883300569,-0.071746,0.0133008444856981));
#11991=CARTESIAN_POINT('',(0.00951434973763406,-0.071746,0.0137539266704058));
#11992=CARTESIAN_POINT('',(0.00925962075028486,-0.071746,0.0139745681745491));
#11993=CARTESIAN_POINT('',(0.00925962075028486,-0.071746,0.0139745681745491));
#11994=CARTESIAN_POINT('',(0.00951434973763406,-0.071746,0.0137539266704058));
#11995=CARTESIAN_POINT('',(0.00899441337297117,-0.071746,0.0141829693686394));
#11996=CARTESIAN_POINT('',(0.00872920599565752,-0.071746,0.0143913705627299));
#11997=CARTESIAN_POINT('',(0.00872920599565752,-0.071746,0.0143913705627299));
#11998=CARTESIAN_POINT('',(0.00899441337297117,-0.071746,0.0141829693686394));
#11999=CARTESIAN_POINT('',(0.00845396115002972,-0.071746,0.0145870903131352));
#12000=CARTESIAN_POINT('',(0.00817871630440192,-0.071746,0.0147828100635404));
#12001=CARTESIAN_POINT('',(0.00817871630440192,-0.071746,0.0147828100635404));
#12002=CARTESIAN_POINT('',(0.00845396115002972,-0.071746,0.0145870903131352));
#12003=CARTESIAN_POINT('',(0.00789387491211037,-0.071746,0.0149654072366289));
#12004=CARTESIAN_POINT('',(0.0076090335198189,-0.071746,0.0151480044097172));
#12005=CARTESIAN_POINT('',(0.0076090335198189,-0.071746,0.0151480044097172));
#12006=CARTESIAN_POINT('',(0.00789387491211037,-0.071746,0.0149654072366289));
#12007=CARTESIAN_POINT('',(0.00731503657317451,-0.071746,0.0153170379425173));
#12008=CARTESIAN_POINT('',(0.00702103962653011,-0.071746,0.0154860714753174));
#12009=CARTESIAN_POINT('',(0.00702103962653011,-0.071746,0.0154860714753174));
#12010=CARTESIAN_POINT('',(0.00731503657317451,-0.071746,0.0153170379425173));
#12011=CARTESIAN_POINT('',(0.00671832797652273,-0.071746,0.0156411001635368));
#12012=CARTESIAN_POINT('',(0.00641561632651533,-0.071746,0.015796128851756));
#12013=CARTESIAN_POINT('',(0.00641561632651533,-0.071746,0.015796128851756));
#12014=CARTESIAN_POINT('',(0.00671832797652273,-0.071746,0.0156411001635368));
#12015=CARTESIAN_POINT('',(0.00610463089479537,-0.071746,0.015936711632423));
#12016=CARTESIAN_POINT('',(0.00579364546307526,-0.071746,0.0160772944130901));
#12017=CARTESIAN_POINT('',(0.00579364546307526,-0.071746,0.0160772944130901));
#12018=CARTESIAN_POINT('',(0.00610463089479537,-0.071746,0.015936711632423));
#12019=CARTESIAN_POINT('',(0.00547482724195359,-0.071746,0.0162029900819124));
#12020=CARTESIAN_POINT('',(0.00515600902083191,-0.071746,0.0163286857507348));
#12021=CARTESIAN_POINT('',(0.00515600902083191,-0.071746,0.0163286857507348));
#12022=CARTESIAN_POINT('',(0.00547482724195359,-0.071746,0.0162029900819124));
#12023=CARTESIAN_POINT('',(0.00482979893195892,-0.071746,0.016439053244741));
#12024=CARTESIAN_POINT('',(0.00450358884308599,-0.071746,0.0165494207387472));
#12025=CARTESIAN_POINT('',(0.00450358884308599,-0.071746,0.0165494207387472));
#12026=CARTESIAN_POINT('',(0.00482979893195892,-0.071746,0.016439053244741));
#12027=CARTESIAN_POINT('',(0.00417042780811208,-0.071746,0.0166440188536448));
#12028=CARTESIAN_POINT('',(0.00383726677313812,-0.071746,0.0167386169685425));
#12029=CARTESIAN_POINT('',(0.00383726677313812,-0.071746,0.0167386169685425));
#12030=CARTESIAN_POINT('',(0.00417042780811208,-0.071746,0.0166440188536448));
#12031=CARTESIAN_POINT('',(0.00349759571371366,-0.071746,0.0168170046413602));
#12032=CARTESIAN_POINT('',(0.00315792465428921,-0.071746,0.0168953923141778));
#12033=CARTESIAN_POINT('',(0.00315792465428921,-0.071746,0.0168953923141778));
#12034=CARTESIAN_POINT('',(0.00349759571371366,-0.071746,0.0168170046413602));
#12035=CARTESIAN_POINT('',(0.0028121844920646,-0.071746,0.0169571284112835));
#12036=CARTESIAN_POINT('',(0.00246644432984,-0.071746,0.0170188645083891));
#12037=CARTESIAN_POINT('',(0.00246644432984,-0.071746,0.0170188645083891));
#12038=CARTESIAN_POINT('',(0.0028121844920646,-0.071746,0.0169571284112835));
#12039=CARTESIAN_POINT('',(0.00211507598646561,-0.071746,0.0170635078961509));
#12040=CARTESIAN_POINT('',(0.00176370764309108,-0.071746,0.0171081512839127));
#12041=CARTESIAN_POINT('',(0.00176370764309108,-0.071746,0.0171081512839127));
#12042=CARTESIAN_POINT('',(0.00211507598646561,-0.071746,0.0170635078961509));
#12043=CARTESIAN_POINT('',(0.00140715204021726,-0.071746,0.017135260758038));
#12044=CARTESIAN_POINT('',(0.00105059643734362,-0.071746,0.0171623702321635));
#12045=CARTESIAN_POINT('',(0.00105059643734362,-0.071746,0.0171623702321635));
#12046=CARTESIAN_POINT('',(0.00140715204021726,-0.071746,0.017135260758038));
#12047=CARTESIAN_POINT('',(0.000689294567281313,-0.071746,0.0171715048003417));
#12048=CARTESIAN_POINT('',(0.000327992697218949,-0.071746,0.0171806393685199));
#12049=CARTESIAN_POINT('',(0.000327992697218949,-0.071746,0.0171806393685199));
#12050=CARTESIAN_POINT('',(0.000689294567281313,-0.071746,0.0171715048003417));
#12051=CARTESIAN_POINT('',(0.000328076500596729,-0.071746,0.0171809746526915));
#12052=CARTESIAN_POINT('',(0.000328160303974509,-0.071746,0.0171813099368632));
#12053=CARTESIAN_POINT('',(0.000328160303974509,-0.071746,0.0171813099368632));
#12054=CARTESIAN_POINT('',(0.000328076500596729,-0.071746,0.0171809746526915));
#12055=CARTESIAN_POINT('',(-3.30968379780389E-5,-0.071746,0.0171721751567034));
#12056=CARTESIAN_POINT('',(-0.000394353979930612,-0.071746,0.0171630403765437));
#12057=CARTESIAN_POINT('',(-0.000394353979930612,-0.071746,0.0171630403765437));
#12058=CARTESIAN_POINT('',(-3.30968379780389E-5,-0.071746,0.0171721751567034));
#12059=CARTESIAN_POINT('',(-0.000750869518289152,-0.071746,0.0171359301251525));
#12060=CARTESIAN_POINT('',(-0.0011073850566476,-0.071746,0.0171088198737613));
#12061=CARTESIAN_POINT('',(-0.0011073850566476,-0.071746,0.0171088198737613));
#12062=CARTESIAN_POINT('',(-0.000750869518289152,-0.071746,0.0171359301251525));
#12063=CARTESIAN_POINT('',(-0.00145871778711953,-0.071746,0.0170641752141103));
#12064=CARTESIAN_POINT('',(-0.00181005051759141,-0.071746,0.0170195305544591));
#12065=CARTESIAN_POINT('',(-0.00181005051759141,-0.071746,0.0170195305544591));
#12066=CARTESIAN_POINT('',(-0.00145871778711953,-0.071746,0.0170641752141103));
#12067=CARTESIAN_POINT('',(-0.00215575944786579,-0.071746,0.0169577926908405));
#12068=CARTESIAN_POINT('',(-0.00250146837814017,-0.071746,0.0168960548272218));
#12069=CARTESIAN_POINT('',(-0.00250146837814017,-0.071746,0.0168960548272218));
#12070=CARTESIAN_POINT('',(-0.00215575944786579,-0.071746,0.0169577926908405));
#12071=CARTESIAN_POINT('',(-0.00284111216260352,-0.071746,0.0168176647519463));
#12072=CARTESIAN_POINT('',(-0.0031807559470669,-0.071746,0.016739274676671));
#12073=CARTESIAN_POINT('',(-0.0031807559470669,-0.071746,0.016739274676671));
#12074=CARTESIAN_POINT('',(-0.00284111216260352,-0.071746,0.0168176647519463));
#12075=CARTESIAN_POINT('',(-0.0035138935934084,-0.071746,0.0166446735940315));
#12076=CARTESIAN_POINT('',(-0.0038470312397499,-0.071746,0.016550072511392));
#12077=CARTESIAN_POINT('',(-0.0038470312397499,-0.071746,0.016550072511392));
#12078=CARTESIAN_POINT('',(-0.0035138935934084,-0.071746,0.0166446735940315));
#12079=CARTESIAN_POINT('',(-0.0041732216143376,-0.071746,0.0164397015550202));
#12080=CARTESIAN_POINT('',(-0.00449941198892526,-0.071746,0.0163293305986484));
#12081=CARTESIAN_POINT('',(-0.00449941198892526,-0.071746,0.0163293305986484));
#12082=CARTESIAN_POINT('',(-0.0041732216143376,-0.071746,0.0164397015550202));
#12083=CARTESIAN_POINT('',(-0.00481821381680618,-0.071746,0.0162036307608554));
#12084=CARTESIAN_POINT('',(-0.00513701564468702,-0.071746,0.0160779309230623));
#12085=CARTESIAN_POINT('',(-0.00513701564468702,-0.071746,0.0160779309230623));
#12086=CARTESIAN_POINT('',(-0.00481821381680618,-0.071746,0.0162036307608554));
#12087=CARTESIAN_POINT('',(-0.0054479878628894,-0.071746,0.0159373434788008));
#12088=CARTESIAN_POINT('',(-0.00575896008109198,-0.071746,0.0157967560345394));
#12089=CARTESIAN_POINT('',(-0.00575896008109198,-0.071746,0.0157967560345394));
#12090=CARTESIAN_POINT('',(-0.0054479878628894,-0.071746,0.0159373434788008));
#12091=CARTESIAN_POINT('',(-0.00606166155598439,-0.071746,0.0156417219761206));
#12092=CARTESIAN_POINT('',(-0.00636436303087678,-0.071746,0.0154866879177017));
#12093=CARTESIAN_POINT('',(-0.00636436303087678,-0.071746,0.0154866879177017));
#12094=CARTESIAN_POINT('',(-0.00606166155598439,-0.071746,0.0156417219761206));
#12095=CARTESIAN_POINT('',(-0.00665835255816655,-0.071746,0.0153176483787575));
#12096=CARTESIAN_POINT('',(-0.00695234208545625,-0.071746,0.0151486088398131));
#12097=CARTESIAN_POINT('',(-0.00695234208545625,-0.071746,0.0151486088398131));
#12098=CARTESIAN_POINT('',(-0.00665835255816655,-0.071746,0.0153176483787575));
#12099=CARTESIAN_POINT('',(-0.00723717853151133,-0.071746,0.0149660050246356));
#12100=CARTESIAN_POINT('',(-0.0075220149775664,-0.071746,0.0147834012094582));
#12101=CARTESIAN_POINT('',(-0.0075220149775664,-0.071746,0.0147834012094582));
#12102=CARTESIAN_POINT('',(-0.00723717853151133,-0.071746,0.0149660050246356));
#12103=CARTESIAN_POINT('',(-0.00779725727941538,-0.071746,0.0145876740396982));
#12104=CARTESIAN_POINT('',(-0.00807249958126442,-0.071746,0.0143919468699382));
#12105=CARTESIAN_POINT('',(-0.00807249958126442,-0.071746,0.0143919468699382));
#12106=CARTESIAN_POINT('',(-0.00779725727941538,-0.071746,0.0145876740396982));
#12107=CARTESIAN_POINT('',(-0.00833770653461508,-0.071746,0.014183537691209));
#12108=CARTESIAN_POINT('',(-0.00860291348796561,-0.071746,0.0139751285124799));
#12109=CARTESIAN_POINT('',(-0.00860291348796561,-0.071746,0.0139751285124799));
#12110=CARTESIAN_POINT('',(-0.00833770653461508,-0.071746,0.014183537691209));
#12111=CARTESIAN_POINT('',(-0.00885764395918569,-0.071746,0.0137544782464321));
#12112=CARTESIAN_POINT('',(-0.00911237443040577,-0.071746,0.0135338279803842));
#12113=CARTESIAN_POINT('',(-0.00911237443040577,-0.071746,0.0135338279803842));
#12114=CARTESIAN_POINT('',(-0.00885764395918569,-0.071746,0.0137544782464321));
#12115=CARTESIAN_POINT('',(-0.00935618721520288,-0.071746,0.0133013779019704));
#12116=CARTESIAN_POINT('',(-0.0096,-0.071746,0.0130689278235567));
#12117=CARTESIAN_POINT('',(-0.0096,-0.071746,0.0130689278235567));
#12118=CARTESIAN_POINT('',(-0.00935618721520288,-0.071746,0.0133013779019704));
#12119=CARTESIAN_POINT('',(-0.00983245403540289,-0.071746,0.0128251189250882));
#12120=CARTESIAN_POINT('',(-0.0100649080708057,-0.071746,0.0125813100266197));
#12121=CARTESIAN_POINT('',(-0.0100649080708057,-0.071746,0.0125813100266197));
#12122=CARTESIAN_POINT('',(-0.00983245403540289,-0.071746,0.0128251189250882));
#12123=CARTESIAN_POINT('',(-0.0102855622231824,-0.071746,0.0123265834417282));
#12124=CARTESIAN_POINT('',(-0.010506216375559,-0.071746,0.0120718568568367));
#12125=CARTESIAN_POINT('',(-0.010506216375559,-0.071746,0.0120718568568367));
#12126=CARTESIAN_POINT('',(-0.0102855622231824,-0.071746,0.0123265834417282));
#12127=CARTESIAN_POINT('',(-0.0107146294406167,-0.071746,0.0118066537898149));
#12128=CARTESIAN_POINT('',(-0.0109230425056746,-0.071746,0.0115414507227929));
#12129=CARTESIAN_POINT('',(-0.0109230425056746,-0.071746,0.0115414507227929));
#12130=CARTESIAN_POINT('',(-0.0107146294406167,-0.071746,0.0118066537898149));
#12131=CARTESIAN_POINT('',(-0.0111187733497817,-0.071746,0.0112662121659516));
#12132=CARTESIAN_POINT('',(-0.0113145041938888,-0.071746,0.0109909736091101));
#12133=CARTESIAN_POINT('',(-0.0113145041938888,-0.071746,0.0109909736091101));
#12134=CARTESIAN_POINT('',(-0.0111187733497817,-0.071746,0.0112662121659516));
#12135=CARTESIAN_POINT('',(-0.0114971116834133,-0.071746,0.010706140696081));
#12136=CARTESIAN_POINT('',(-0.0116797191729377,-0.071746,0.010421307783052));
#12137=CARTESIAN_POINT('',(-0.0116797191729377,-0.071746,0.010421307783052));
#12138=CARTESIAN_POINT('',(-0.0114971116834133,-0.071746,0.010706140696081));
#12139=CARTESIAN_POINT('',(-0.011848762103587,-0.071746,0.0101273217181278));
#12140=CARTESIAN_POINT('',(-0.0120178050342364,-0.071746,0.00983333565320355));
#12141=CARTESIAN_POINT('',(-0.0120178050342364,-0.071746,0.00983333565320355));
#12142=CARTESIAN_POINT('',(-0.011848762103587,-0.071746,0.0101273217181278));
#12143=CARTESIAN_POINT('',(-0.0121728424136998,-0.071746,0.00953063749935568));
#12144=CARTESIAN_POINT('',(-0.0123278797931631,-0.071746,0.0092279393455078));
#12145=CARTESIAN_POINT('',(-0.0123278797931631,-0.071746,0.0092279393455078));
#12146=CARTESIAN_POINT('',(-0.0121728424136998,-0.071746,0.00953063749935568));
#12147=CARTESIAN_POINT('',(-0.0124684703464874,-0.071746,0.00891697016570767));
#12148=CARTESIAN_POINT('',(-0.0126090608998117,-0.071746,0.00860600098590751));
#12149=CARTESIAN_POINT('',(-0.0126090608998117,-0.071746,0.00860600098590751));
#12150=CARTESIAN_POINT('',(-0.0124684703464874,-0.071746,0.00891697016570767));
#12151=CARTESIAN_POINT('',(-0.0127347634933651,-0.071746,0.00828720198444748));
#12152=CARTESIAN_POINT('',(-0.0128604660869185,-0.071746,0.00796840298298747));
#12153=CARTESIAN_POINT('',(-0.0128604660869185,-0.071746,0.00796840298298747));
#12154=CARTESIAN_POINT('',(-0.0127347634933651,-0.071746,0.00828720198444748));
#12155=CARTESIAN_POINT('',(-0.0129708395870691,-0.071746,0.00764221522283912));
#12156=CARTESIAN_POINT('',(-0.0130812130872196,-0.071746,0.00731602746269072));
#12157=CARTESIAN_POINT('',(-0.0130812130872196,-0.071746,0.00731602746269072));
#12158=CARTESIAN_POINT('',(-0.0129708395870691,-0.071746,0.00764221522283912));
#12159=CARTESIAN_POINT('',(-0.0131758164309958,-0.071746,0.00698289200682533));
#12160=CARTESIAN_POINT('',(-0.013270419774772,-0.071746,0.00664975655095998));
#12161=CARTESIAN_POINT('',(-0.013270419774772,-0.071746,0.00664975655095998));
#12162=CARTESIAN_POINT('',(-0.0131758164309958,-0.071746,0.00698289200682533));
#12163=CARTESIAN_POINT('',(-0.0133488116872208,-0.071746,0.00631011460367015));
#12164=CARTESIAN_POINT('',(-0.0134272035996697,-0.071746,0.00597047265638028));
#12165=CARTESIAN_POINT('',(-0.0134272035996697,-0.071746,0.00597047265638028));
#12166=CARTESIAN_POINT('',(-0.0133488116872208,-0.071746,0.00631011460367015));
#12167=CARTESIAN_POINT('',(-0.0134889430884804,-0.071746,0.00562476535129802));
#12168=CARTESIAN_POINT('',(-0.0135506825772911,-0.071746,0.00527905804621563));
#12169=CARTESIAN_POINT('',(-0.0135506825772911,-0.071746,0.00527905804621563));
#12170=CARTESIAN_POINT('',(-0.0134889430884804,-0.071746,0.00562476535129802));
#12171=CARTESIAN_POINT('',(-0.01359532829685,-0.071746,0.00492772637565137));
#12172=CARTESIAN_POINT('',(-0.013639974016409,-0.071746,0.00457639470508731));
#12173=CARTESIAN_POINT('',(-0.013639974016409,-0.071746,0.00457639470508731));
#12174=CARTESIAN_POINT('',(-0.01359532829685,-0.071746,0.00492772637565137));
#12175=CARTESIAN_POINT('',(-0.0136670849744054,-0.071746,0.00421987987333407));
#12176=CARTESIAN_POINT('',(-0.0136941959324017,-0.071746,0.00386336504158082));
#12177=CARTESIAN_POINT('',(-0.0136941959324017,-0.071746,0.00386336504158082));
#12178=CARTESIAN_POINT('',(-0.0136670849744054,-0.071746,0.00421987987333407));
#12179=CARTESIAN_POINT('',(-0.0137033309952035,-0.071746,0.00350210811160978));
#12180=CARTESIAN_POINT('',(-0.0137124660580053,-0.071746,0.00314085118163874));
#12181=CARTESIAN_POINT('',(-0.0137124660580053,-0.071746,0.00314085118163874));
#12182=CARTESIAN_POINT('',(-0.0137033309952035,-0.071746,0.00350210811160978));
#12183=CARTESIAN_POINT('',(-0.0137033309952035,-0.071746,0.00277957976626107));
#12184=CARTESIAN_POINT('',(-0.0136941959324017,-0.071746,0.00241830835088325));
#12185=CARTESIAN_POINT('',(-0.0136941959324017,-0.071746,0.00241830835088325));
#12186=CARTESIAN_POINT('',(-0.0137033309952035,-0.071746,0.00277957976626107));
#12187=CARTESIAN_POINT('',(-0.0136670849744054,-0.071746,0.00206178136552035));
#12188=CARTESIAN_POINT('',(-0.013639974016409,-0.071746,0.00170525438015751));
#12189=CARTESIAN_POINT('',(-0.013639974016409,-0.071746,0.00170525438015751));
#12190=CARTESIAN_POINT('',(-0.0136670849744054,-0.071746,0.00206178136552035));
#12191=CARTESIAN_POINT('',(-0.0135953282968501,-0.071746,0.00135391274646005));
#12192=CARTESIAN_POINT('',(-0.0135506825772911,-0.071746,0.00100257111276252));
#12193=CARTESIAN_POINT('',(-0.0135506825772911,-0.071746,0.00100257111276252));
#12194=CARTESIAN_POINT('',(-0.0135953282968501,-0.071746,0.00135391274646005));
#12195=CARTESIAN_POINT('',(-0.0134889430884804,-0.071746,0.000656855893701734));
#12196=CARTESIAN_POINT('',(-0.0134272035996697,-0.071746,0.00031114067464098));
#12197=CARTESIAN_POINT('',(-0.0134272035996697,-0.071746,0.00031114067464098));
#12198=CARTESIAN_POINT('',(-0.0134889430884804,-0.071746,0.000656855893701734));
#12199=CARTESIAN_POINT('',(-0.0133488116872209,-0.071746,-2.8507208132618E-5));
#12200=CARTESIAN_POINT('',(-0.013270419774772,-0.071746,-0.000368155090906247));
#12201=CARTESIAN_POINT('',(-0.013270419774772,-0.071746,-0.000368155090906247));
#12202=CARTESIAN_POINT('',(-0.0133488116872209,-0.071746,-2.8507208132618E-5));
#12203=CARTESIAN_POINT('',(-0.0131758164309957,-0.071746,-0.000701294574421188));
#12204=CARTESIAN_POINT('',(-0.0130812130872196,-0.071746,-0.00103443405793624));
#12205=CARTESIAN_POINT('',(-0.0130812130872196,-0.071746,-0.00103443405793624));
#12206=CARTESIAN_POINT('',(-0.0131758164309957,-0.071746,-0.000701294574421188));
#12207=CARTESIAN_POINT('',(-0.0129708395870691,-0.071746,-0.00136062414988181));
#12208=CARTESIAN_POINT('',(-0.0128604660869186,-0.071746,-0.00168681424182739));
#12209=CARTESIAN_POINT('',(-0.0128604660869186,-0.071746,-0.00168681424182739));
#12210=CARTESIAN_POINT('',(-0.0129708395870691,-0.071746,-0.00136062414988181));
#12211=CARTESIAN_POINT('',(-0.0127347634933652,-0.071746,-0.00200561402055318));
#12212=CARTESIAN_POINT('',(-0.0126090608998118,-0.071746,-0.00232441379927888));
#12213=CARTESIAN_POINT('',(-0.0126090608998118,-0.071746,-0.00232441379927888));
#12214=CARTESIAN_POINT('',(-0.0127347634933652,-0.071746,-0.00200561402055318));
#12215=CARTESIAN_POINT('',(-0.0124684703464874,-0.071746,-0.00263538227247389));
#12216=CARTESIAN_POINT('',(-0.012327879793163,-0.071746,-0.00294635074566885));
#12217=CARTESIAN_POINT('',(-0.012327879793163,-0.071746,-0.00294635074566885));
#12218=CARTESIAN_POINT('',(-0.0124684703464874,-0.071746,-0.00263538227247389));
#12219=CARTESIAN_POINT('',(-0.0121728424136997,-0.071746,-0.00324904685036161));
#12220=CARTESIAN_POINT('',(-0.0120178050342364,-0.071746,-0.0035517429550544));
#12221=CARTESIAN_POINT('',(-0.0120178050342364,-0.071746,-0.0035517429550544));
#12222=CARTESIAN_POINT('',(-0.0121728424136997,-0.071746,-0.00324904685036161));
#12223=CARTESIAN_POINT('',(-0.0118487621035871,-0.071746,-0.00384572569893414));
#12224=CARTESIAN_POINT('',(-0.0116797191729377,-0.071746,-0.00413970844281384));
#12225=CARTESIAN_POINT('',(-0.0116797191729377,-0.071746,-0.00413970844281384));
#12226=CARTESIAN_POINT('',(-0.0118487621035871,-0.071746,-0.00384572569893414));
#12227=CARTESIAN_POINT('',(-0.0114971116834132,-0.071746,-0.00442453690423005));
#12228=CARTESIAN_POINT('',(-0.0113145041938887,-0.071746,-0.00470936536564627));
#12229=CARTESIAN_POINT('',(-0.0113145041938887,-0.071746,-0.00470936536564627));
#12230=CARTESIAN_POINT('',(-0.0114971116834132,-0.071746,-0.00442453690423005));
#12231=CARTESIAN_POINT('',(-0.0111187733497817,-0.071746,-0.0049845985522881));
#12232=CARTESIAN_POINT('',(-0.0109230425056746,-0.071746,-0.00525983173892996));
#12233=CARTESIAN_POINT('',(-0.0109230425056746,-0.071746,-0.00525983173892996));
#12234=CARTESIAN_POINT('',(-0.0111187733497817,-0.071746,-0.0049845985522881));
#12235=CARTESIAN_POINT('',(-0.0107146294406167,-0.071746,-0.00552502858782602));
#12236=CARTESIAN_POINT('',(-0.0105062163755589,-0.071746,-0.0057902254367221));
#12237=CARTESIAN_POINT('',(-0.0105062163755589,-0.071746,-0.0057902254367221));
#12238=CARTESIAN_POINT('',(-0.0107146294406167,-0.071746,-0.00552502858782602));
#12239=CARTESIAN_POINT('',(-0.0102855622231824,-0.071746,-0.0060449450262219));
#12240=CARTESIAN_POINT('',(-0.0100649080708058,-0.071746,-0.00629966461572179));
#12241=CARTESIAN_POINT('',(-0.0100649080708058,-0.071746,-0.00629966461572179));
#12242=CARTESIAN_POINT('',(-0.0102855622231824,-0.071746,-0.0060449450262219));
#12243=CARTESIAN_POINT('',(-0.00983245403540301,-0.071746,-0.00654346595351451));
#12244=CARTESIAN_POINT('',(-0.00960000000000017,-0.071746,-0.00678726729130731));
#12245=CARTESIAN_POINT('',(-0.00960000000000017,-0.071746,-0.00678726729130731));
#12246=CARTESIAN_POINT('',(-0.00983245403540301,-0.071746,-0.00654346595351451));
#12247=CARTESIAN_POINT('',(-0.00935618721520287,-0.071746,-0.00701970931442169));
#12248=CARTESIAN_POINT('',(-0.00911237443040569,-0.071746,-0.00725215133753598));
#12249=CARTESIAN_POINT('',(-0.00911237443040569,-0.071746,-0.00725215133753598));
#12250=CARTESIAN_POINT('',(-0.00935618721520287,-0.071746,-0.00701970931442169));
#12251=CARTESIAN_POINT('',(-0.00885764395918561,-0.071746,-0.00747279312432135));
#12252=CARTESIAN_POINT('',(-0.00860291348796553,-0.071746,-0.00769343491110674));
#12253=CARTESIAN_POINT('',(-0.00860291348796553,-0.071746,-0.00769343491110674));
#12254=CARTESIAN_POINT('',(-0.00885764395918561,-0.071746,-0.00747279312432135));
#12255=CARTESIAN_POINT('',(-0.00833770653461506,-0.071746,-0.00790183539859192));
#12256=CARTESIAN_POINT('',(-0.00807249958126453,-0.071746,-0.008110235886077));
#12257=CARTESIAN_POINT('',(-0.00807249958126453,-0.071746,-0.008110235886077));
#12258=CARTESIAN_POINT('',(-0.00833770653461506,-0.071746,-0.00790183539859192));
#12259=CARTESIAN_POINT('',(-0.00779725727941551,-0.071746,-0.00830595415261132));
#12260=CARTESIAN_POINT('',(-0.00752201497756646,-0.071746,-0.00850167241914571));
#12261=CARTESIAN_POINT('',(-0.00752201497756646,-0.071746,-0.00850167241914571));
#12262=CARTESIAN_POINT('',(-0.00779725727941551,-0.071746,-0.00830595415261132));
#12263=CARTESIAN_POINT('',(-0.00723717853151126,-0.071746,-0.00868426747241855));
#12264=CARTESIAN_POINT('',(-0.00695234208545619,-0.071746,-0.00886686252569133));
#12265=CARTESIAN_POINT('',(-0.00695234208545619,-0.071746,-0.00886686252569133));
#12266=CARTESIAN_POINT('',(-0.00723717853151126,-0.071746,-0.00868426747241855));
#12267=CARTESIAN_POINT('',(-0.00665835255816656,-0.071746,-0.00903589337339162));
#12268=CARTESIAN_POINT('',(-0.00636436303087687,-0.071746,-0.00920492422109189));
#12269=CARTESIAN_POINT('',(-0.00636436303087687,-0.071746,-0.00920492422109189));
#12270=CARTESIAN_POINT('',(-0.00665835255816656,-0.071746,-0.00903589337339162));
#12271=CARTESIAN_POINT('',(-0.00606166155598446,-0.071746,-0.00935994980024833));
#12272=CARTESIAN_POINT('',(-0.00575896008109207,-0.071746,-0.00951497537940469));
#12273=CARTESIAN_POINT('',(-0.00575896008109207,-0.071746,-0.00951497537940469));
#12274=CARTESIAN_POINT('',(-0.00606166155598446,-0.071746,-0.00935994980024833));
#12275=CARTESIAN_POINT('',(-0.00544798786288942,-0.071746,-0.00965555476836663));
#12276=CARTESIAN_POINT('',(-0.00513701564468683,-0.071746,-0.00979613415732868));
#12277=CARTESIAN_POINT('',(-0.00513701564468683,-0.071746,-0.00979613415732868));
#12278=CARTESIAN_POINT('',(-0.00544798786288942,-0.071746,-0.00965555476836663));
#12279=CARTESIAN_POINT('',(-0.00481821381680598,-0.071746,-0.00992182636378554));
#12280=CARTESIAN_POINT('',(-0.00449941198892513,-0.071746,-0.0100475185702424));
#12281=CARTESIAN_POINT('',(-0.00449941198892513,-0.071746,-0.0100475185702424));
#12282=CARTESIAN_POINT('',(-0.00481821381680598,-0.071746,-0.00992182636378554));
#12283=CARTESIAN_POINT('',(-0.00417322161433767,-0.071746,-0.010157882601883));
#12284=CARTESIAN_POINT('',(-0.00384703123975001,-0.071746,-0.0102682466335237));
#12285=CARTESIAN_POINT('',(-0.00384703123975001,-0.071746,-0.0102682466335237));
#12286=CARTESIAN_POINT('',(-0.00417322161433767,-0.071746,-0.010157882601883));
#12287=CARTESIAN_POINT('',(0.00863352882394524,-0.071746,0.00473499379876698));
#12288=CARTESIAN_POINT('',(0.00863352882394524,-0.072,0.00473499379876698));
#12289=CARTESIAN_POINT('',(0.00863386417877743,-0.072,0.00473499379876698));
#12290=CARTESIAN_POINT('',(0.00863319346911306,-0.072,0.00473499379876698));
#12291=CARTESIAN_POINT('',(0.00863319346911306,-0.071746,0.00473499379876698));
#12292=CARTESIAN_POINT('',(0.00863319346911306,-0.071746,0.00473499379876698));
#12293=CARTESIAN_POINT('',(0.00863352882394524,-0.071746,0.00473499379876698));
#12294=CARTESIAN_POINT('',(0.00863386417877743,-0.071746,0.00473499379876698));
#12295=CARTESIAN_POINT('',(0.00863386417877743,-0.071746,0.00473499379876698));
#12296=CARTESIAN_POINT('',(0.00819246458063142,-0.071746,0.0049727828448184));
#12297=CARTESIAN_POINT('',(0.00819246458063142,-0.072,0.0049727828448184));
#12298=CARTESIAN_POINT('',(0.0077517356921496,-0.072,0.00521057189086983));
#12299=CARTESIAN_POINT('',(0.0077517356921496,-0.071746,0.00521057189086983));
#12300=CARTESIAN_POINT('',(0.0077517356921496,-0.071746,0.00521057189086983));
#12301=CARTESIAN_POINT('',(0.00819246458063142,-0.071746,0.0049727828448184));
#12302=CARTESIAN_POINT('',(0.00728100194403821,-0.071746,0.00542040544437919));
#12303=CARTESIAN_POINT('',(0.00728100194403821,-0.072,0.00542040544437919));
#12304=CARTESIAN_POINT('',(0.00681026819592689,-0.072,0.00563023899788852));
#12305=CARTESIAN_POINT('',(0.00681026819592689,-0.071746,0.00563023899788852));
#12306=CARTESIAN_POINT('',(0.00681026819592689,-0.071746,0.00563023899788852));
#12307=CARTESIAN_POINT('',(0.00728100194403821,-0.071746,0.00542040544437919));
#12308=CARTESIAN_POINT('',(0.00631398727780709,-0.071746,0.00581276331997989));
#12309=CARTESIAN_POINT('',(0.00631398727780709,-0.072,0.00581276331997989));
#12310=CARTESIAN_POINT('',(0.00581770635968726,-0.072,0.00599528764207126));
#12311=CARTESIAN_POINT('',(0.00581770635968726,-0.071746,0.00599528764207126));
#12312=CARTESIAN_POINT('',(0.00581770635968726,-0.071746,0.00599528764207126));
#12313=CARTESIAN_POINT('',(0.00631398727780709,-0.071746,0.00581276331997989));
#12314=CARTESIAN_POINT('',(0.00530033617316176,-0.071746,0.00615114878188719));
#12315=CARTESIAN_POINT('',(0.00530033617316176,-0.072,0.00615114878188719));
#12316=CARTESIAN_POINT('',(0.0047829659866363,-0.072,0.00630700992170309));
#12317=CARTESIAN_POINT('',(0.0047829659866363,-0.071746,0.00630700992170309));
#12318=CARTESIAN_POINT('',(0.0047829659866363,-0.071746,0.00630700992170309));
#12319=CARTESIAN_POINT('',(0.00530033617316176,-0.071746,0.00615114878188719));
#12320=CARTESIAN_POINT('',(0.00424896415066574,-0.071746,0.00643685414036769));
#12321=CARTESIAN_POINT('',(0.00424896415066574,-0.072,0.00643685414036769));
#12322=CARTESIAN_POINT('',(0.00371496231469514,-0.072,0.00656669835903236));
#12323=CARTESIAN_POINT('',(0.00371496231469514,-0.071746,0.00656669835903236));
#12324=CARTESIAN_POINT('',(0.00371496231469514,-0.071746,0.00656669835903236));
#12325=CARTESIAN_POINT('',(0.00424896415066574,-0.071746,0.00643685414036769));
#12326=CARTESIAN_POINT('',(0.00316878673088221,-0.071746,0.00667117177634868));
#12327=CARTESIAN_POINT('',(0.00316878673088221,-0.072,0.00667117177634868));
#12328=CARTESIAN_POINT('',(0.0026226111470693,-0.072,0.00677564519366493));
#12329=CARTESIAN_POINT('',(0.0026226111470693,-0.071746,0.00677564519366493));
#12330=CARTESIAN_POINT('',(0.0026226111470693,-0.071746,0.00677564519366493));
#12331=CARTESIAN_POINT('',(0.00316878673088221,-0.071746,0.00667117177634868));
#12332=CARTESIAN_POINT('',(0.00206871950503523,-0.071746,0.00685539400009656));
#12333=CARTESIAN_POINT('',(0.00206871950503523,-0.072,0.00685539400009656));
#12334=CARTESIAN_POINT('',(0.00151482786300117,-0.072,0.00693514280652831));
#12335=CARTESIAN_POINT('',(0.00151482786300117,-0.071746,0.00693514280652831));
#12336=CARTESIAN_POINT('',(0.00151482786300117,-0.071746,0.00693514280652831));
#12337=CARTESIAN_POINT('',(0.00206871950503523,-0.071746,0.00685539400009656));
#12338=CARTESIAN_POINT('',(0.000957677923027598,-0.071746,0.00699081319253882));
#12339=CARTESIAN_POINT('',(0.000957677923027598,-0.072,0.00699081319253882));
#12340=CARTESIAN_POINT('',(0.000400527983054011,-0.072,0.00704648357854922));
#12341=CARTESIAN_POINT('',(0.000400527983054011,-0.071746,0.00704648357854922));
#12342=CARTESIAN_POINT('',(0.000400527983054011,-0.071746,0.00704648357854922));
#12343=CARTESIAN_POINT('',(0.000957677923027598,-0.071746,0.00699081319253882));
#12344=CARTESIAN_POINT('',(-0.000155422353256355,-0.071746,0.0070787217346022));
#12345=CARTESIAN_POINT('',(-0.000155422353256355,-0.072,0.0070787217346022));
#12346=CARTESIAN_POINT('',(-0.000711372689566669,-0.072,0.00711095989065526));
#12347=CARTESIAN_POINT('',(-0.000711372689566669,-0.071746,0.00711095989065526));
#12348=CARTESIAN_POINT('',(-0.000711372689566669,-0.071746,0.00711095989065526));
#12349=CARTESIAN_POINT('',(-0.000155422353256355,-0.071746,0.0070787217346022));
#12350=CARTESIAN_POINT('',(-0.00126166580325315,-0.071746,0.00712041193655378));
#12351=CARTESIAN_POINT('',(-0.00126166580325315,-0.072,0.00712041193655378));
#12352=CARTESIAN_POINT('',(-0.00181195891693964,-0.072,0.0071298639824522));
#12353=CARTESIAN_POINT('',(-0.00181195891693964,-0.071746,0.0071298639824522));
#12354=CARTESIAN_POINT('',(-0.00181195891693964,-0.071746,0.0071298639824522));
#12355=CARTESIAN_POINT('',(-0.00126166580325315,-0.071746,0.00712041193655378));
#12356=CARTESIAN_POINT('',(-0.00235213697706007,-0.071746,0.00711717617932036));
#12357=CARTESIAN_POINT('',(-0.00235213697706007,-0.072,0.00711717617932036));
#12358=CARTESIAN_POINT('',(-0.00289231503718057,-0.072,0.0071044883761885));
#12359=CARTESIAN_POINT('',(-0.00289231503718057,-0.071746,0.0071044883761885));
#12360=CARTESIAN_POINT('',(-0.00289231503718057,-0.071746,0.0071044883761885));
#12361=CARTESIAN_POINT('',(-0.00235213697706007,-0.071746,0.00711717617932036));
#12362=CARTESIAN_POINT('',(-0.00341792028345322,-0.071746,0.00707030677316883));
#12363=CARTESIAN_POINT('',(-0.00341792028345322,-0.072,0.00707030677316883));
#12364=CARTESIAN_POINT('',(-0.00394352552972588,-0.072,0.0070361251701493));
#12365=CARTESIAN_POINT('',(-0.00394352552972588,-0.071746,0.0070361251701493));
#12366=CARTESIAN_POINT('',(-0.00394352552972588,-0.071746,0.0070361251701493));
#12367=CARTESIAN_POINT('',(-0.00341792028345322,-0.071746,0.00707030677316883));
#12368=CARTESIAN_POINT('',(-0.00445010013120859,-0.071746,0.0069810960283659));
#12369=CARTESIAN_POINT('',(-0.00445010013120859,-0.072,0.0069810960283659));
#12370=CARTESIAN_POINT('',(-0.00495667473269112,-0.072,0.00692606688658239));
#12371=CARTESIAN_POINT('',(-0.00495667473269112,-0.071746,0.00692606688658239));
#12372=CARTESIAN_POINT('',(-0.00495667473269112,-0.071746,0.00692606688658239));
#12373=CARTESIAN_POINT('',(-0.00445010013120859,-0.071746,0.0069810960283659));
#12374=CARTESIAN_POINT('',(-0.00543976099976272,-0.071746,0.00685083639649884));
#12375=CARTESIAN_POINT('',(-0.00543976099976272,-0.072,0.00685083639649884));
#12376=CARTESIAN_POINT('',(-0.00592284726683434,-0.072,0.00677560590641536));
#12377=CARTESIAN_POINT('',(-0.00592284726683434,-0.071746,0.00677560590641536));
#12378=CARTESIAN_POINT('',(-0.00592284726683434,-0.071746,0.00677560590641536));
#12379=CARTESIAN_POINT('',(-0.00543976099976272,-0.071746,0.00685083639649884));
#12380=CARTESIAN_POINT('',(-0.0063779873685526,-0.071746,0.00668082018783474));
#12381=CARTESIAN_POINT('',(-0.0063779873685526,-0.072,0.00668082018783474));
#12382=CARTESIAN_POINT('',(-0.00683312747027076,-0.072,0.00658603446925411));
#12383=CARTESIAN_POINT('',(-0.00683312747027076,-0.071746,0.00658603446925411));
#12384=CARTESIAN_POINT('',(-0.00683312747027076,-0.071746,0.00658603446925411));
#12385=CARTESIAN_POINT('',(-0.0063779873685526,-0.071746,0.00668082018783474));
#12386=CARTESIAN_POINT('',(-0.00725586364635401,-0.071746,0.00647233971263999));
#12387=CARTESIAN_POINT('',(-0.00725586364635401,-0.072,0.00647233971263999));
#12388=CARTESIAN_POINT('',(-0.00767859982243724,-0.072,0.00635864495602591));
#12389=CARTESIAN_POINT('',(-0.00767859982243724,-0.071746,0.00635864495602591));
#12390=CARTESIAN_POINT('',(-0.00767859982243724,-0.071746,0.00635864495602591));
#12391=CARTESIAN_POINT('',(-0.00725586364635401,-0.071746,0.00647233971263999));
#12392=CARTESIAN_POINT('',(-0.00780907065860111,-0.071746,0.00633301002565053));
#12393=CARTESIAN_POINT('',(-0.00780907065860111,-0.072,0.00633301002565053));
#12394=CARTESIAN_POINT('',(-0.00793954149476517,-0.072,0.00630737509527503));
#12395=CARTESIAN_POINT('',(-0.00793954149476517,-0.071746,0.00630737509527503));
#12396=CARTESIAN_POINT('',(-0.00793954149476517,-0.071746,0.00630737509527503));
#12397=CARTESIAN_POINT('',(-0.00780907065860111,-0.071746,0.00633301002565053));
#12398=CARTESIAN_POINT('',(-0.00806858195000459,-0.071746,0.00630820507375346));
#12399=CARTESIAN_POINT('',(-0.00806858195000459,-0.072,0.00630820507375346));
#12400=CARTESIAN_POINT('',(-0.00819762240524402,-0.072,0.00630903505223203));
#12401=CARTESIAN_POINT('',(-0.00819762240524402,-0.071746,0.00630903505223203));
#12402=CARTESIAN_POINT('',(-0.00819762240524402,-0.071746,0.00630903505223203));
#12403=CARTESIAN_POINT('',(-0.00806858195000459,-0.071746,0.00630820507375346));
#12404=CARTESIAN_POINT('',(-0.0083219316439859,-0.071746,0.00633457240042806));
#12405=CARTESIAN_POINT('',(-0.0083219316439859,-0.072,0.00633457240042806));
#12406=CARTESIAN_POINT('',(-0.00844624088272772,-0.072,0.00636010974862401));
#12407=CARTESIAN_POINT('',(-0.00844624088272772,-0.071746,0.00636010974862401));
#12408=CARTESIAN_POINT('',(-0.00844624088272772,-0.071746,0.00636010974862401));
#12409=CARTESIAN_POINT('',(-0.0083219316439859,-0.071746,0.00633457240042806));
#12410=CARTESIAN_POINT('',(-0.00856251799873846,-0.071746,0.00640859699806194));
#12411=CARTESIAN_POINT('',(-0.00856251799873846,-0.072,0.00640859699806194));
#12412=CARTESIAN_POINT('',(-0.00867879511474923,-0.072,0.00645708424749981));
#12413=CARTESIAN_POINT('',(-0.00867879511474923,-0.071746,0.00645708424749981));
#12414=CARTESIAN_POINT('',(-0.00867879511474923,-0.071746,0.00645708424749981));
#12415=CARTESIAN_POINT('',(-0.00856251799873846,-0.071746,0.00640859699806194));
#12416=CARTESIAN_POINT('',(-0.00878373920179522,-0.071746,0.00652676392970395));
#12417=CARTESIAN_POINT('',(-0.00878373920179522,-0.072,0.00652676392970395));
#12418=CARTESIAN_POINT('',(-0.00888868328884118,-0.072,0.00659644361190816));
#12419=CARTESIAN_POINT('',(-0.00888868328884118,-0.071746,0.00659644361190816));
#12420=CARTESIAN_POINT('',(-0.00888868328884118,-0.071746,0.00659644361190816));
#12421=CARTESIAN_POINT('',(-0.00878373920179522,-0.071746,0.00652676392970395));
#12422=CARTESIAN_POINT('',(-0.00897899358200988,-0.071746,0.00668555811708175));
#12423=CARTESIAN_POINT('',(-0.00897899358200988,-0.072,0.00668555811708175));
#12424=CARTESIAN_POINT('',(-0.00906930387517857,-0.072,0.00677467262225541));
#12425=CARTESIAN_POINT('',(-0.00906930387517857,-0.071746,0.00677467262225541));
#12426=CARTESIAN_POINT('',(-0.00906930387517857,-0.071746,0.00677467262225541));
#12427=CARTESIAN_POINT('',(-0.00897899358200988,-0.071746,0.00668555811708175));
#12428=CARTESIAN_POINT('',(-0.00914167939757587,-0.071746,0.00688146448192279));
#12429=CARTESIAN_POINT('',(-0.00914167939757587,-0.072,0.00688146448192279));
#12430=CARTESIAN_POINT('',(-0.00921405491997329,-0.072,0.00698825634159019));
#12431=CARTESIAN_POINT('',(-0.00921405491997329,-0.071746,0.00698825634159019));
#12432=CARTESIAN_POINT('',(-0.00921405491997329,-0.071746,0.00698825634159019));
#12433=CARTESIAN_POINT('',(-0.00914167939757587,-0.071746,0.00688146448192279));
#12434=CARTESIAN_POINT('',(-0.00926519483602613,-0.071746,0.00711096801661517));
#12435=CARTESIAN_POINT('',(-0.00926519483602613,-0.072,0.00711096801661517));
#12436=CARTESIAN_POINT('',(-0.00931633475207883,-0.072,0.00723367969164014));
#12437=CARTESIAN_POINT('',(-0.00931633475207883,-0.071746,0.00723367969164014));
#12438=CARTESIAN_POINT('',(-0.00931633475207883,-0.071746,0.00723367969164014));
#12439=CARTESIAN_POINT('',(-0.00926519483602613,-0.071746,0.00711096801661517));
#12440=CARTESIAN_POINT('',(-0.00934198247200849,-0.071746,0.00736419518525325));
#12441=CARTESIAN_POINT('',(-0.00934198247200849,-0.072,0.00736419518525325));
#12442=CARTESIAN_POINT('',(-0.0093676301919382,-0.072,0.00749471067886633));
#12443=CARTESIAN_POINT('',(-0.0093676301919382,-0.071746,0.00749471067886633));
#12444=CARTESIAN_POINT('',(-0.0093676301919382,-0.071746,0.00749471067886633));
#12445=CARTESIAN_POINT('',(-0.00934198247200849,-0.071746,0.00736419518525325));
#12446=CARTESIAN_POINT('',(-0.00936680007213873,-0.071746,0.0076237747347197));
#12447=CARTESIAN_POINT('',(-0.00936680007213873,-0.072,0.0076237747347197));
#12448=CARTESIAN_POINT('',(-0.00936596995233929,-0.072,0.00775283879057311));
#12449=CARTESIAN_POINT('',(-0.00936596995233929,-0.071746,0.00775283879057311));
#12450=CARTESIAN_POINT('',(-0.00936596995233929,-0.071746,0.00775283879057311));
#12451=CARTESIAN_POINT('',(-0.00936680007213873,-0.071746,0.0076237747347197));
#12452=CARTESIAN_POINT('',(-0.00934042108647837,-0.071746,0.00787715919367726));
#12453=CARTESIAN_POINT('',(-0.00934042108647837,-0.072,0.00787715919367726));
#12454=CARTESIAN_POINT('',(-0.00931487222061733,-0.072,0.00800147959678145));
#12455=CARTESIAN_POINT('',(-0.00931487222061733,-0.071746,0.00800147959678145));
#12456=CARTESIAN_POINT('',(-0.00931487222061733,-0.071746,0.00800147959678145));
#12457=CARTESIAN_POINT('',(-0.00934042108647837,-0.071746,0.00787715919367726));
#12458=CARTESIAN_POINT('',(-0.00926636391434417,-0.071746,0.00811776413214689));
#12459=CARTESIAN_POINT('',(-0.00926636391434417,-0.072,0.00811776413214689));
#12460=CARTESIAN_POINT('',(-0.00921785560807109,-0.072,0.00823404866751222));
#12461=CARTESIAN_POINT('',(-0.00921785560807109,-0.071746,0.00823404866751222));
#12462=CARTESIAN_POINT('',(-0.00921785560807109,-0.071746,0.00823404866751222));
#12463=CARTESIAN_POINT('',(-0.00926636391434417,-0.071746,0.00811776413214689));
#12464=CARTESIAN_POINT('',(-0.00914814688439287,-0.071746,0.00833900504948885));
#12465=CARTESIAN_POINT('',(-0.00914814688439287,-0.072,0.00833900504948885));
#12466=CARTESIAN_POINT('',(-0.00907843816071463,-0.072,0.00844396143146566));
#12467=CARTESIAN_POINT('',(-0.00907843816071463,-0.071746,0.00844396143146566));
#12468=CARTESIAN_POINT('',(-0.00907843816071463,-0.071746,0.00844396143146566));
#12469=CARTESIAN_POINT('',(-0.00914814688439287,-0.071746,0.00833900504948885));
#12470=CARTESIAN_POINT('',(-0.00898928825462005,-0.071746,0.00853429744506398));
#12471=CARTESIAN_POINT('',(-0.00898928825462005,-0.072,0.00853429744506398));
#12472=CARTESIAN_POINT('',(-0.00890013834852543,-0.072,0.00862463345866217));
#12473=CARTESIAN_POINT('',(-0.00890013834852543,-0.071746,0.00862463345866217));
#12474=CARTESIAN_POINT('',(-0.00890013834852543,-0.071746,0.00862463345866217));
#12475=CARTESIAN_POINT('',(-0.00898928825462005,-0.071746,0.00853429744506398));
#12476=CARTESIAN_POINT('',(-0.00879330635368216,-0.071746,0.00869705688889265));
#12477=CARTESIAN_POINT('',(-0.00879330635368216,-0.072,0.00869705688889265));
#12478=CARTESIAN_POINT('',(-0.00868647435883896,-0.072,0.00876948031912318));
#12479=CARTESIAN_POINT('',(-0.00868647435883896,-0.071746,0.00876948031912318));
#12480=CARTESIAN_POINT('',(-0.00868647435883896,-0.071746,0.00876948031912318));
#12481=CARTESIAN_POINT('',(-0.00879330635368216,-0.071746,0.00869705688889265));
#12482=CARTESIAN_POINT('',(-0.00856371951023573,-0.071746,0.00882069895099629));
#12483=CARTESIAN_POINT('',(-0.00856371951023573,-0.072,0.00882069895099629));
#12484=CARTESIAN_POINT('',(-0.00844096466163247,-0.072,0.00887191758286944));
#12485=CARTESIAN_POINT('',(-0.00844096466163247,-0.071746,0.00887191758286944));
#12486=CARTESIAN_POINT('',(-0.00844096466163247,-0.071746,0.00887191758286944));
#12487=CARTESIAN_POINT('',(-0.00856371951023573,-0.071746,0.00882069895099629));
#12488=CARTESIAN_POINT('',(-0.00795752000439889,-0.071746,0.00900241993362566));
#12489=CARTESIAN_POINT('',(-0.00795752000439889,-0.072,0.00900241993362566));
#12490=CARTESIAN_POINT('',(-0.00747407534716538,-0.072,0.0091329222843818));
#12491=CARTESIAN_POINT('',(-0.00747407534716538,-0.071746,0.0091329222843818));
#12492=CARTESIAN_POINT('',(-0.00747407534716538,-0.071746,0.0091329222843818));
#12493=CARTESIAN_POINT('',(-0.00795752000439889,-0.071746,0.00900241993362566));
#12494=CARTESIAN_POINT('',(-0.00695676133575401,-0.071746,0.0092416353329518));
#12495=CARTESIAN_POINT('',(-0.00695676133575401,-0.072,0.0092416353329518));
#12496=CARTESIAN_POINT('',(-0.00643944732434254,-0.072,0.00935034838152184));
#12497=CARTESIAN_POINT('',(-0.00643944732434254,-0.071746,0.00935034838152184));
#12498=CARTESIAN_POINT('',(-0.00643944732434254,-0.071746,0.00935034838152184));
#12499=CARTESIAN_POINT('',(-0.00695676133575401,-0.071746,0.0092416353329518));
#12500=CARTESIAN_POINT('',(-0.00589289278815606,-0.071746,0.00943653570395687));
#12501=CARTESIAN_POINT('',(-0.00589289278815606,-0.072,0.00943653570395687));
#12502=CARTESIAN_POINT('',(-0.00534633825196973,-0.072,0.00952272302639191));
#12503=CARTESIAN_POINT('',(-0.00534633825196973,-0.071746,0.00952272302639191));
#12504=CARTESIAN_POINT('',(-0.00534633825196973,-0.071746,0.00952272302639191));
#12505=CARTESIAN_POINT('',(-0.00589289278815606,-0.071746,0.00943653570395687));
#12506=CARTESIAN_POINT('',(-0.00477517216173201,-0.071746,0.00958564812808269));
#12507=CARTESIAN_POINT('',(-0.00477517216173201,-0.072,0.00958564812808269));
#12508=CARTESIAN_POINT('',(-0.0042040060714943,-0.072,0.00964857322977343));
#12509=CARTESIAN_POINT('',(-0.0042040060714943,-0.071746,0.00964857322977343));
#12510=CARTESIAN_POINT('',(-0.0042040060714943,-0.071746,0.00964857322977343));
#12511=CARTESIAN_POINT('',(-0.00477517216173201,-0.071746,0.00958564812808269));
#12512=CARTESIAN_POINT('',(-0.00361285753925016,-0.071746,0.0096874997574317));
#12513=CARTESIAN_POINT('',(-0.00361285753925016,-0.072,0.0096874997574317));
#12514=CARTESIAN_POINT('',(-0.00302170900700593,-0.072,0.00972642628509003));
#12515=CARTESIAN_POINT('',(-0.00302170900700593,-0.071746,0.00972642628509003));
#12516=CARTESIAN_POINT('',(-0.00302170900700593,-0.071746,0.00972642628509003));
#12517=CARTESIAN_POINT('',(-0.00361285753925016,-0.071746,0.0096874997574317));
#12518=CARTESIAN_POINT('',(-0.00241520679149762,-0.071746,0.00974061774410652));
#12519=CARTESIAN_POINT('',(-0.00241520679149762,-0.072,0.00974061774410652));
#12520=CARTESIAN_POINT('',(-0.00180870457598936,-0.072,0.00975480920312301));
#12521=CARTESIAN_POINT('',(-0.00180870457598936,-0.071746,0.00975480920312301));
#12522=CARTESIAN_POINT('',(-0.00180870457598936,-0.071746,0.00975480920312301));
#12523=CARTESIAN_POINT('',(-0.00241520679149762,-0.071746,0.00974061774410652));
#12524=CARTESIAN_POINT('',(-0.00119147778926174,-0.071746,0.00974352924020946));
#12525=CARTESIAN_POINT('',(-0.00119147778926174,-0.072,0.00974352924020946));
#12526=CARTESIAN_POINT('',(-0.000574251002534165,-0.072,0.00973224927729578));
#12527=CARTESIAN_POINT('',(-0.000574251002534165,-0.071746,0.00973224927729578));
#12528=CARTESIAN_POINT('',(-0.000574251002534165,-0.071746,0.00973224927729578));
#12529=CARTESIAN_POINT('',(-0.00119147778926174,-0.071746,0.00974352924020946));
#12530=CARTESIAN_POINT('',(4.9071526009975E-5,-0.071746,0.00969476132718241));
#12531=CARTESIAN_POINT('',(4.9071526009975E-5,-0.072,0.00969476132718241));
#12532=CARTESIAN_POINT('',(0.000672394054554104,-0.072,0.00965727337706913));
#12533=CARTESIAN_POINT('',(0.000672394054554104,-0.071746,0.00965727337706913));
#12534=CARTESIAN_POINT('',(0.000672394054554104,-0.071746,0.00965727337706913));
#12535=CARTESIAN_POINT('',(4.9071526009975E-5,-0.071746,0.00969476132718241));
#12536=CARTESIAN_POINT('',(0.00129718328353044,-0.071746,0.0095928411571282));
#12537=CARTESIAN_POINT('',(0.00129718328353044,-0.072,0.0095928411571282));
#12538=CARTESIAN_POINT('',(0.00192197251250692,-0.072,0.00952840893718722));
#12539=CARTESIAN_POINT('',(0.00192197251250692,-0.071746,0.00952840893718722));
#12540=CARTESIAN_POINT('',(0.00192197251250692,-0.071746,0.00952840893718722));
#12541=CARTESIAN_POINT('',(0.00129718328353044,-0.071746,0.0095928411571282));
#12542=CARTESIAN_POINT('',(0.00254359947119168,-0.071746,0.00943629588214892));
#12543=CARTESIAN_POINT('',(0.00254359947119168,-0.072,0.00943629588214892));
#12544=CARTESIAN_POINT('',(0.00316522642987638,-0.072,0.00934418282711071));
#12545=CARTESIAN_POINT('',(0.00316522642987638,-0.071746,0.00934418282711071));
#12546=CARTESIAN_POINT('',(0.00316522642987638,-0.071746,0.00934418282711071));
#12547=CARTESIAN_POINT('',(0.00254359947119168,-0.071746,0.00943629588214892));
#12548=CARTESIAN_POINT('',(0.00377906228886677,-0.071746,0.0092236525836868));
#12549=CARTESIAN_POINT('',(0.00377906228886677,-0.072,0.0092236525836868));
#12550=CARTESIAN_POINT('',(0.00439289814785726,-0.072,0.0091031223402628));
#12551=CARTESIAN_POINT('',(0.00439289814785726,-0.071746,0.0091031223402628));
#12552=CARTESIAN_POINT('',(0.00439289814785726,-0.071746,0.0091031223402628));
#12553=CARTESIAN_POINT('',(0.00377906228886677,-0.071746,0.0092236525836868));
#12554=CARTESIAN_POINT('',(0.00499431379510842,-0.071746,0.00895343848450452));
#12555=CARTESIAN_POINT('',(0.00499431379510842,-0.072,0.00895343848450452));
#12556=CARTESIAN_POINT('',(0.00559572944235953,-0.072,0.00880375462874629));
#12557=CARTESIAN_POINT('',(0.00559572944235953,-0.071746,0.00880375462874629));
#12558=CARTESIAN_POINT('',(0.00559572944235953,-0.071746,0.00880375462874629));
#12559=CARTESIAN_POINT('',(0.00499431379510842,-0.071746,0.00895343848450452));
#12560=CARTESIAN_POINT('',(0.00618009604846872,-0.071746,0.00862418066604435));
#12561=CARTESIAN_POINT('',(0.00618009604846872,-0.072,0.00862418066604435));
#12562=CARTESIAN_POINT('',(0.00676446265457786,-0.072,0.00844460670334236));
#12563=CARTESIAN_POINT('',(0.00676446265457786,-0.071746,0.00844460670334236));
#12564=CARTESIAN_POINT('',(0.00676446265457786,-0.071746,0.00844460670334236));
#12565=CARTESIAN_POINT('',(0.00618009604846872,-0.071746,0.00862418066604435));
#12566=CARTESIAN_POINT('',(0.00732715117816071,-0.071746,0.00823440628040853));
#12567=CARTESIAN_POINT('',(0.00732715117816071,-0.072,0.00823440628040853));
#12568=CARTESIAN_POINT('',(0.00788983970174362,-0.072,0.00802420585747467));
#12569=CARTESIAN_POINT('',(0.00788983970174362,-0.071746,0.00802420585747467));
#12570=CARTESIAN_POINT('',(0.00788983970174362,-0.071746,0.00802420585747467));
#12571=CARTESIAN_POINT('',(0.00732715117816071,-0.071746,0.00823440628040853));
#12572=CARTESIAN_POINT('',(0.00842622117207635,-0.071746,0.00778264247969965));
#12573=CARTESIAN_POINT('',(0.00842622117207635,-0.072,0.00778264247969965));
#12574=CARTESIAN_POINT('',(0.00896260264240911,-0.072,0.00754107910192471));
#12575=CARTESIAN_POINT('',(0.00896260264240911,-0.071746,0.00754107910192471));
#12576=CARTESIAN_POINT('',(0.00896260264240911,-0.071746,0.00754107910192471));
#12577=CARTESIAN_POINT('',(0.00842622117207635,-0.071746,0.00778264247969965));
#12578=CARTESIAN_POINT('',(0.00921948175874857,-0.071746,0.00740830614599007));
#12579=CARTESIAN_POINT('',(0.00921948175874857,-0.072,0.00740830614599007));
#12580=CARTESIAN_POINT('',(0.00947636087508796,-0.072,0.00727553319005549));
#12581=CARTESIAN_POINT('',(0.00947636087508796,-0.071746,0.00727553319005549));
#12582=CARTESIAN_POINT('',(0.00947636087508796,-0.071746,0.00727553319005549));
#12583=CARTESIAN_POINT('',(0.00921948175874857,-0.071746,0.00740830614599007));
#12584=CARTESIAN_POINT('',(0.00972492734642832,-0.071746,0.00713464331876464));
#12585=CARTESIAN_POINT('',(0.00972492734642832,-0.072,0.00713464331876464));
#12586=CARTESIAN_POINT('',(0.0099734938177688,-0.072,0.00699375344747368));
#12587=CARTESIAN_POINT('',(0.0099734938177688,-0.071746,0.00699375344747368));
#12588=CARTESIAN_POINT('',(0.0099734938177688,-0.071746,0.00699375344747368));
#12589=CARTESIAN_POINT('',(0.00972492734642832,-0.071746,0.00713464331876464));
#12590=CARTESIAN_POINT('',(0.0100778052811712,-0.071746,0.00691722209720046));
#12591=CARTESIAN_POINT('',(0.0100778052811712,-0.072,0.00691722209720046));
#12592=CARTESIAN_POINT('',(0.0101821167445736,-0.072,0.00684069074692729));
#12593=CARTESIAN_POINT('',(0.0101821167445736,-0.071746,0.00684069074692729));
#12594=CARTESIAN_POINT('',(0.0101821167445736,-0.071746,0.00684069074692729));
#12595=CARTESIAN_POINT('',(0.0100778052811712,-0.071746,0.00691722209720046));
#12596=CARTESIAN_POINT('',(0.0102686377966488,-0.071746,0.00674614675798867));
#12597=CARTESIAN_POINT('',(0.0102686377966488,-0.072,0.00674614675798867));
#12598=CARTESIAN_POINT('',(0.0103551588487242,-0.072,0.00665160276904998));
#12599=CARTESIAN_POINT('',(0.0103551588487242,-0.071746,0.00665160276904998));
#12600=CARTESIAN_POINT('',(0.0103551588487242,-0.071746,0.00665160276904998));
#12601=CARTESIAN_POINT('',(0.0102686377966488,-0.071746,0.00674614675798867));
#12602=CARTESIAN_POINT('',(0.0104216453113286,-0.071746,0.00654203988639516));
#12603=CARTESIAN_POINT('',(0.0104216453113286,-0.072,0.00654203988639516));
#12604=CARTESIAN_POINT('',(0.0104881317739328,-0.072,0.0064324770037404));
#12605=CARTESIAN_POINT('',(0.0104881317739328,-0.071746,0.0064324770037404));
#12606=CARTESIAN_POINT('',(0.0104881317739328,-0.071746,0.0064324770037404));
#12607=CARTESIAN_POINT('',(0.0104216453113286,-0.071746,0.00654203988639516));
#12608=CARTESIAN_POINT('',(0.0105323393276017,-0.071746,0.00631088911363974));
#12609=CARTESIAN_POINT('',(0.0105323393276017,-0.072,0.00631088911363974));
#12610=CARTESIAN_POINT('',(0.0105765468812706,-0.072,0.00618930122353902));
#12611=CARTESIAN_POINT('',(0.0105765468812706,-0.071746,0.00618930122353902));
#12612=CARTESIAN_POINT('',(0.0105765468812706,-0.071746,0.00618930122353902));
#12613=CARTESIAN_POINT('',(0.0105323393276017,-0.071746,0.00631088911363974));
#12614=CARTESIAN_POINT('',(0.010596030389339,-0.071746,0.00606140151174891));
#12615=CARTESIAN_POINT('',(0.010596030389339,-0.072,0.00606140151174891));
#12616=CARTESIAN_POINT('',(0.0106155138974074,-0.072,0.00593350179995879));
#12617=CARTESIAN_POINT('',(0.0106155138974074,-0.071746,0.00593350179995879));
#12618=CARTESIAN_POINT('',(0.0106155138974074,-0.071746,0.00593350179995879));
#12619=CARTESIAN_POINT('',(0.010596030389339,-0.071746,0.00606140151174891));
#12620=CARTESIAN_POINT('',(0.010609680659426,-0.071746,0.00580547666574408));
#12621=CARTESIAN_POINT('',(0.010609680659426,-0.072,0.00580547666574408));
#12622=CARTESIAN_POINT('',(0.0106038474214446,-0.072,0.00567745153152956));
#12623=CARTESIAN_POINT('',(0.0106038474214446,-0.071746,0.00567745153152956));
#12624=CARTESIAN_POINT('',(0.0106038474214446,-0.071746,0.00567745153152956));
#12625=CARTESIAN_POINT('',(0.010609680659426,-0.071746,0.00580547666574408));
#12626=CARTESIAN_POINT('',(0.010573232125575,-0.071746,0.00555300408080883));
#12627=CARTESIAN_POINT('',(0.010573232125575,-0.072,0.00555300408080883));
#12628=CARTESIAN_POINT('',(0.0105426168297054,-0.072,0.00542855663008791));
#12629=CARTESIAN_POINT('',(0.0105426168297054,-0.071746,0.00542855663008791));
#12630=CARTESIAN_POINT('',(0.0105426168297054,-0.071746,0.00542855663008791));
#12631=CARTESIAN_POINT('',(0.010573232125575,-0.071746,0.00555300408080883));
#12632=CARTESIAN_POINT('',(0.0104877540227881,-0.071746,0.00531139003944014));
#12633=CARTESIAN_POINT('',(0.0104877540227881,-0.072,0.00531139003944014));
#12634=CARTESIAN_POINT('',(0.0104328912158709,-0.072,0.00519422344879252));
#12635=CARTESIAN_POINT('',(0.0104328912158709,-0.071746,0.00519422344879252));
#12636=CARTESIAN_POINT('',(0.0104328912158709,-0.071746,0.00519422344879252));
#12637=CARTESIAN_POINT('',(0.0104877540227881,-0.071746,0.00531139003944014));
#12638=CARTESIAN_POINT('',(0.0103540452389147,-0.071746,0.00508717403152646));
#12639=CARTESIAN_POINT('',(0.0103540452389147,-0.072,0.00508717403152646));
#12640=CARTESIAN_POINT('',(0.0102751992619586,-0.072,0.00498012461426046));
#12641=CARTESIAN_POINT('',(0.0102751992619586,-0.071746,0.00498012461426046));
#12642=CARTESIAN_POINT('',(0.0102751992619586,-0.071746,0.00498012461426046));
#12643=CARTESIAN_POINT('',(0.0103540452389147,-0.071746,0.00508717403152646));
#12644=CARTESIAN_POINT('',(0.0101794264865616,-0.071746,0.00489360942700847));
#12645=CARTESIAN_POINT('',(0.0101794264865616,-0.072,0.00489360942700847));
#12646=CARTESIAN_POINT('',(0.0100836537111646,-0.072,0.00480709423975646));
#12647=CARTESIAN_POINT('',(0.0100836537111646,-0.071746,0.00480709423975646));
#12648=CARTESIAN_POINT('',(0.0100836537111646,-0.071746,0.00480709423975646));
#12649=CARTESIAN_POINT('',(0.0101794264865616,-0.071746,0.00489360942700847));
#12650=CARTESIAN_POINT('',(0.00997461859194035,-0.071746,0.00474203858203967));
#12651=CARTESIAN_POINT('',(0.00997461859194035,-0.072,0.00474203858203967));
#12652=CARTESIAN_POINT('',(0.00986558347271616,-0.072,0.00467698292432285));
#12653=CARTESIAN_POINT('',(0.00986558347271616,-0.071746,0.00467698292432285));
#12654=CARTESIAN_POINT('',(0.00986558347271616,-0.071746,0.00467698292432285));
#12655=CARTESIAN_POINT('',(0.00997461859194035,-0.071746,0.00474203858203967));
#12656=CARTESIAN_POINT('',(0.00974695025229672,-0.071746,0.00463431230764394));
#12657=CARTESIAN_POINT('',(0.00974695025229672,-0.072,0.00463431230764394));
#12658=CARTESIAN_POINT('',(0.00962831703187728,-0.072,0.00459164169096495));
#12659=CARTESIAN_POINT('',(0.00962831703187728,-0.071746,0.00459164169096495));
#12660=CARTESIAN_POINT('',(0.00962831703187728,-0.071746,0.00459164169096495));
#12661=CARTESIAN_POINT('',(0.00974695025229672,-0.071746,0.00463431230764394));
#12662=CARTESIAN_POINT('',(0.0095037500942157,-0.071746,0.00457228148550553));
#12663=CARTESIAN_POINT('',(0.0095037500942157,-0.072,0.00457228148550553));
#12664=CARTESIAN_POINT('',(0.00937918315655406,-0.072,0.00455292128004615));
#12665=CARTESIAN_POINT('',(0.00937918315655406,-0.071746,0.00455292128004615));
#12666=CARTESIAN_POINT('',(0.00937918315655406,-0.071746,0.00455292128004615));
#12667=CARTESIAN_POINT('',(0.0095037500942157,-0.071746,0.00457228148550553));
#12668=CARTESIAN_POINT('',(0.00925234681494291,-0.071746,0.00455779692664841));
#12669=CARTESIAN_POINT('',(0.00925234681494291,-0.072,0.00455779692664841));
#12670=CARTESIAN_POINT('',(0.00912551047333177,-0.072,0.00456267257325073));
#12671=CARTESIAN_POINT('',(0.00912551047333177,-0.071746,0.00456267257325073));
#12672=CARTESIAN_POINT('',(0.00912551047333177,-0.071746,0.00456267257325073));
#12673=CARTESIAN_POINT('',(0.00925234681494291,-0.071746,0.00455779692664841));
#12674=CARTESIAN_POINT('',(0.00900006918238463,-0.071746,0.00459270951275681));
#12675=CARTESIAN_POINT('',(0.00900006918238463,-0.072,0.00459270951275681));
#12676=CARTESIAN_POINT('',(0.00887462789143756,-0.072,0.00462274645226281));
#12677=CARTESIAN_POINT('',(0.00887462789143756,-0.071746,0.00462274645226281));
#12678=CARTESIAN_POINT('',(0.00887462789143756,-0.071746,0.00462274645226281));
#12679=CARTESIAN_POINT('',(0.00900006918238463,-0.071746,0.00459270951275681));
#12680=CARTESIAN_POINT('',(0.00853395119147971,-0.071746,0.000853458405994629));
#12681=CARTESIAN_POINT('',(0.00853395119147971,-0.072,0.000853458405994629));
#12682=CARTESIAN_POINT('',(0.00858225260374768,-0.072,0.000953087691300994));
#12683=CARTESIAN_POINT('',(0.00848562879664071,-0.072,0.000753933506356634));
#12684=CARTESIAN_POINT('',(0.00848564602109822,-0.071746,0.000753920365548449));
#12685=CARTESIAN_POINT('',(0.00848564602109822,-0.071746,0.000753920365548449));
#12686=CARTESIAN_POINT('',(0.00853395119147971,-0.071746,0.000853458405994629));
#12687=CARTESIAN_POINT('',(0.00858225260374768,-0.071746,0.000953087691300994));
#12688=CARTESIAN_POINT('',(0.00858225260374768,-0.071746,0.000953087691300994));
#12689=CARTESIAN_POINT('',(0.00841836831508677,-0.071746,0.000665806815186122));
#12690=CARTESIAN_POINT('',(0.00841836831508677,-0.072,0.000665806815186122));
#12691=CARTESIAN_POINT('',(0.00835108685096175,-0.072,0.00057761690292836));
#12692=CARTESIAN_POINT('',(0.00835108685096175,-0.071746,0.00057761690292836));
#12693=CARTESIAN_POINT('',(0.00835108685096175,-0.071746,0.00057761690292836));
#12694=CARTESIAN_POINT('',(0.00841836831508677,-0.071746,0.000665806815186122));
#12695=CARTESIAN_POINT('',(0.00827009109831788,-0.071746,0.000506691758382918));
#12696=CARTESIAN_POINT('',(0.00827009109831788,-0.072,0.000506691758382918));
#12697=CARTESIAN_POINT('',(0.00818909534567414,-0.072,0.00043576661383761));
#12698=CARTESIAN_POINT('',(0.00818909534567414,-0.071746,0.00043576661383761));
#12699=CARTESIAN_POINT('',(0.00818909534567414,-0.071746,0.00043576661383761));
#12700=CARTESIAN_POINT('',(0.00827009109831788,-0.071746,0.000506691758382918));
#12701=CARTESIAN_POINT('',(0.00809741105867663,-0.071746,0.000382850786913133));
#12702=CARTESIAN_POINT('',(0.00809741105867663,-0.072,0.000382850786913133));
#12703=CARTESIAN_POINT('',(0.0080057267716791,-0.072,0.000329934959988579));
#12704=CARTESIAN_POINT('',(0.0080057267716791,-0.071746,0.000329934959988579));
#12705=CARTESIAN_POINT('',(0.0080057267716791,-0.071746,0.000329934959988579));
#12706=CARTESIAN_POINT('',(0.00809741105867663,-0.071746,0.000382850786913133));
#12707=CARTESIAN_POINT('',(0.00790637970449316,-0.071746,0.000295773283235795));
#12708=CARTESIAN_POINT('',(0.00790637970449316,-0.072,0.000295773283235795));
#12709=CARTESIAN_POINT('',(0.0078070326373072,-0.072,0.000261611606482984));
#12710=CARTESIAN_POINT('',(0.0078070326373072,-0.071746,0.000261611606482984));
#12711=CARTESIAN_POINT('',(0.0078070326373072,-0.071746,0.000261611606482984));
#12712=CARTESIAN_POINT('',(0.00790637970449316,-0.071746,0.000295773283235795));
#12713=CARTESIAN_POINT('',(0.00770304868541912,-0.071746,0.000246948559150047));
#12714=CARTESIAN_POINT('',(0.00770304868541912,-0.072,0.000246948559150047));
#12715=CARTESIAN_POINT('',(0.007599064733531,-0.072,0.000232285511817102));
#12716=CARTESIAN_POINT('',(0.007599064733531,-0.071746,0.000232285511817102));
#12717=CARTESIAN_POINT('',(0.007599064733531,-0.071746,0.000232285511817102));
#12718=CARTESIAN_POINT('',(0.00770304868541912,-0.071746,0.000246948559150047));
#12719=CARTESIAN_POINT('',(0.00749346958044548,-0.071746,0.000237865926454758));
#12720=CARTESIAN_POINT('',(0.00749346958044548,-0.072,0.000237865926454758));
#12721=CARTESIAN_POINT('',(0.00738787442736,-0.072,0.000243446341092537));
#12722=CARTESIAN_POINT('',(0.00738787442736,-0.071746,0.000243446341092537));
#12723=CARTESIAN_POINT('',(0.00738787442736,-0.071746,0.000243446341092537));
#12724=CARTESIAN_POINT('',(0.00749346958044548,-0.071746,0.000237865926454758));
#12725=CARTESIAN_POINT('',(0.00728369396856328,-0.071746,0.000270014767609462));
#12726=CARTESIAN_POINT('',(0.00728369396856328,-0.072,0.000270014767609462));
#12727=CARTESIAN_POINT('',(0.00717951350976653,-0.072,0.000296583194126301));
#12728=CARTESIAN_POINT('',(0.00717951350976653,-0.071746,0.000296583194126301));
#12729=CARTESIAN_POINT('',(0.00717951350976653,-0.071746,0.000296583194126301));
#12730=CARTESIAN_POINT('',(0.00728369396856328,-0.071746,0.000270014767609462));
#12731=CARTESIAN_POINT('',(0.00707977349942392,-0.071746,0.000344884253091665));
#12732=CARTESIAN_POINT('',(0.00707977349942392,-0.072,0.000344884253091665));
#12733=CARTESIAN_POINT('',(0.00698003348908138,-0.072,0.000393185312057024));
#12734=CARTESIAN_POINT('',(0.00698003348908138,-0.071746,0.000393185312057024));
#12735=CARTESIAN_POINT('',(0.00698003348908138,-0.071746,0.000393185312057024));
#12736=CARTESIAN_POINT('',(0.00707977349942392,-0.071746,0.000344884253091665));
#12737=CARTESIAN_POINT('',(0.0066150151582621,-0.071746,0.000600963280353032));
#12738=CARTESIAN_POINT('',(0.0066150151582621,-0.072,0.000600963280353032));
#12739=CARTESIAN_POINT('',(0.00624999682744276,-0.072,0.000808741248649061));
#12740=CARTESIAN_POINT('',(0.00624999682744276,-0.071746,0.000808741248649061));
#12741=CARTESIAN_POINT('',(0.00624999682744276,-0.071746,0.000808741248649061));
#12742=CARTESIAN_POINT('',(0.0066150151582621,-0.071746,0.000600963280353032));
#12743=CARTESIAN_POINT('',(0.00586418148013219,-0.071746,0.00099692957677431));
#12744=CARTESIAN_POINT('',(0.00586418148013219,-0.072,0.00099692957677431));
#12745=CARTESIAN_POINT('',(0.0054783661328216,-0.072,0.00118511790489952));
#12746=CARTESIAN_POINT('',(0.0054783661328216,-0.071746,0.00118511790489952));
#12747=CARTESIAN_POINT('',(0.0054783661328216,-0.071746,0.00118511790489952));
#12748=CARTESIAN_POINT('',(0.00586418148013219,-0.071746,0.00099692957677431));
#12749=CARTESIAN_POINT('',(0.00507414718218349,-0.071746,0.00135343917964898));
#12750=CARTESIAN_POINT('',(0.00507414718218349,-0.072,0.00135343917964898));
#12751=CARTESIAN_POINT('',(0.00466992823154544,-0.072,0.00152176045439846));
#12752=CARTESIAN_POINT('',(0.00466992823154544,-0.071746,0.00152176045439846));
#12753=CARTESIAN_POINT('',(0.00466992823154544,-0.071746,0.00152176045439846));
#12754=CARTESIAN_POINT('',(0.00507414718218349,-0.071746,0.00135343917964898));
#12755=CARTESIAN_POINT('',(0.00424969916140404,-0.071746,0.00166993705058555));
#12756=CARTESIAN_POINT('',(0.00424969916140404,-0.072,0.00166993705058555));
#12757=CARTESIAN_POINT('',(0.00382947009126266,-0.072,0.00181811364677266));
#12758=CARTESIAN_POINT('',(0.00382947009126266,-0.071746,0.00181811364677266));
#12759=CARTESIAN_POINT('',(0.00382947009126266,-0.071746,0.00181811364677266));
#12760=CARTESIAN_POINT('',(0.00424969916140404,-0.071746,0.00166993705058555));
#12761=CARTESIAN_POINT('',(0.00339562445610279,-0.071746,0.0019458680805318));
#12762=CARTESIAN_POINT('',(0.00339562445610279,-0.072,0.0019458680805318));
#12763=CARTESIAN_POINT('',(0.00296177882094284,-0.072,0.0020736225142909));
#12764=CARTESIAN_POINT('',(0.00296177882094284,-0.071746,0.0020736225142909));
#12765=CARTESIAN_POINT('',(0.00296177882094284,-0.071746,0.0020736225142909));
#12766=CARTESIAN_POINT('',(0.00339562445610279,-0.071746,0.0019458680805318));
#12767=CARTESIAN_POINT('',(0.00251671010458877,-0.071746,0.00218067723109602));
#12768=CARTESIAN_POINT('',(0.00251671010458877,-0.072,0.00218067723109602));
#12769=CARTESIAN_POINT('',(0.00207164138823479,-0.072,0.00228773194790112));
#12770=CARTESIAN_POINT('',(0.00207164138823479,-0.071746,0.00228773194790112));
#12771=CARTESIAN_POINT('',(0.00207164138823479,-0.071746,0.00228773194790112));
#12772=CARTESIAN_POINT('',(0.00251671010458877,-0.071746,0.00218067723109602));
#12773=CARTESIAN_POINT('',(0.00161774307451076,-0.071746,0.00237380946388667));
#12774=CARTESIAN_POINT('',(0.00161774307451076,-0.072,0.00237380946388667));
#12775=CARTESIAN_POINT('',(0.00116384476078668,-0.072,0.00245988697987222));
#12776=CARTESIAN_POINT('',(0.00116384476078668,-0.071746,0.00245988697987222));
#12777=CARTESIAN_POINT('',(0.00116384476078668,-0.071746,0.00245988697987222));
#12778=CARTESIAN_POINT('',(0.00161774307451076,-0.071746,0.00237380946388667));
#12779=CARTESIAN_POINT('',(0.000703510404177459,-0.071746,0.00252470974051214));
#12780=CARTESIAN_POINT('',(0.000703510404177459,-0.072,0.00252470974051214));
#12781=CARTESIAN_POINT('',(0.000243176047568184,-0.072,0.00258953250115203));
#12782=CARTESIAN_POINT('',(0.000243176047568184,-0.071746,0.00258953250115203));
#12783=CARTESIAN_POINT('',(0.000243176047568184,-0.071746,0.00258953250115203));
#12784=CARTESIAN_POINT('',(0.000703510404177459,-0.071746,0.00252470974051214));
#12785=CARTESIAN_POINT('',(-0.000221200938762443,-0.071746,0.00263282295192023));
#12786=CARTESIAN_POINT('',(-0.000221200938762443,-0.072,0.00263282295192023));
#12787=CARTESIAN_POINT('',(-0.000685577925093162,-0.072,0.0026761134026886));
#12788=CARTESIAN_POINT('',(-0.000685577925093162,-0.071746,0.0026761134026886));
#12789=CARTESIAN_POINT('',(-0.000685577925093162,-0.071746,0.0026761134026886));
#12790=CARTESIAN_POINT('',(-0.000221200938762443,-0.071746,0.00263282295192023));
#12791=CARTESIAN_POINT('',(-0.00115160398666046,-0.071746,0.00269759398905902));
#12792=CARTESIAN_POINT('',(-0.00115160398666046,-0.072,0.00269759398905902));
#12793=CARTESIAN_POINT('',(-0.00161763004822768,-0.072,0.00271907457542932));
#12794=CARTESIAN_POINT('',(-0.00161763004822768,-0.071746,0.00271907457542932));
#12795=CARTESIAN_POINT('',(-0.00161763004822768,-0.071746,0.00271907457542932));
#12796=CARTESIAN_POINT('',(-0.00115160398666046,-0.071746,0.00269759398905902));
#12797=CARTESIAN_POINT('',(-0.00208291170120733,-0.071746,0.00271846788419691));
#12798=CARTESIAN_POINT('',(-0.00208291170120733,-0.072,0.00271846788419691));
#12799=CARTESIAN_POINT('',(-0.00254819335418688,-0.072,0.00271786119296448));
#12800=CARTESIAN_POINT('',(-0.00254819335418688,-0.071746,0.00271786119296448));
#12801=CARTESIAN_POINT('',(-0.00254819335418688,-0.071746,0.00271786119296448));
#12802=CARTESIAN_POINT('',(-0.00208291170120733,-0.071746,0.00271846788419691));
#12803=CARTESIAN_POINT('',(-0.00301033704409415,-0.071746,0.00269488959894267));
#12804=CARTESIAN_POINT('',(-0.00301033704409415,-0.072,0.00269488959894267));
#12805=CARTESIAN_POINT('',(-0.00347248073400142,-0.072,0.00267191800492096));
#12806=CARTESIAN_POINT('',(-0.00347248073400142,-0.071746,0.00267191800492096));
#12807=CARTESIAN_POINT('',(-0.00347248073400142,-0.071746,0.00267191800492096));
#12808=CARTESIAN_POINT('',(-0.00301033704409415,-0.071746,0.00269488959894267));
#12809=CARTESIAN_POINT('',(-0.00392909304767252,-0.071746,0.00262630402424417));
#12810=CARTESIAN_POINT('',(-0.00392909304767252,-0.072,0.00262630402424417));
#12811=CARTESIAN_POINT('',(-0.00438570536134364,-0.072,0.00258069004356744));
#12812=CARTESIAN_POINT('',(-0.00438570536134364,-0.071746,0.00258069004356744));
#12813=CARTESIAN_POINT('',(-0.00438570536134364,-0.071746,0.00258069004356744));
#12814=CARTESIAN_POINT('',(-0.00392909304767252,-0.071746,0.00262630402424417));
#12815=CARTESIAN_POINT('',(-0.0048343927442938,-0.071746,0.00251215612170961));
#12816=CARTESIAN_POINT('',(-0.0048343927442938,-0.072,0.00251215612170961));
#12817=CARTESIAN_POINT('',(-0.00528308012724388,-0.072,0.00244362219985174));
#12818=CARTESIAN_POINT('',(-0.00528308012724388,-0.071746,0.00244362219985174));
#12819=CARTESIAN_POINT('',(-0.00528308012724388,-0.071746,0.00244362219985174));
#12820=CARTESIAN_POINT('',(-0.0048343927442938,-0.071746,0.00251215612170961));
#12821=CARTESIAN_POINT('',(-0.00572144909564882,-0.071746,0.00235189078228679));
#12822=CARTESIAN_POINT('',(-0.00572144909564882,-0.072,0.00235189078228679));
#12823=CARTESIAN_POINT('',(-0.00615981806405375,-0.072,0.00226015936472181));
#12824=CARTESIAN_POINT('',(-0.00615981806405375,-0.071746,0.00226015936472181));
#12825=CARTESIAN_POINT('',(-0.00615981806405375,-0.071746,0.00226015936472181));
#12826=CARTESIAN_POINT('',(-0.00572144909564882,-0.071746,0.00235189078228679));
#12827=CARTESIAN_POINT('',(-0.00658547513408922,-0.071746,0.0021449530382447));
#12828=CARTESIAN_POINT('',(-0.00658547513408922,-0.072,0.0021449530382447));
#12829=CARTESIAN_POINT('',(-0.00701113220412475,-0.072,0.0020297467117676));
#12830=CARTESIAN_POINT('',(-0.00701113220412475,-0.071746,0.0020297467117676));
#12831=CARTESIAN_POINT('',(-0.00701113220412475,-0.071746,0.0020297467117676));
#12832=CARTESIAN_POINT('',(-0.00658547513408922,-0.071746,0.0021449530382447));
#12833=CARTESIAN_POINT('',(-0.00711998876421269,-0.071746,0.00200846001786652));
#12834=CARTESIAN_POINT('',(-0.00711998876421269,-0.072,0.00200846001786652));
#12835=CARTESIAN_POINT('',(-0.00722884532430057,-0.072,0.00198717332396537));
#12836=CARTESIAN_POINT('',(-0.00722884532430057,-0.071746,0.00198717332396537));
#12837=CARTESIAN_POINT('',(-0.00722884532430057,-0.071746,0.00198717332396537));
#12838=CARTESIAN_POINT('',(-0.00711998876421269,-0.071746,0.00200846001786652));
#12839=CARTESIAN_POINT('',(-0.00733648270776101,-0.071746,0.00198791596603998));
#12840=CARTESIAN_POINT('',(-0.00733648270776101,-0.072,0.00198791596603998));
#12841=CARTESIAN_POINT('',(-0.00744412009122153,-0.072,0.00198865860811472));
#12842=CARTESIAN_POINT('',(-0.00744412009122153,-0.071746,0.00198865860811472));
#12843=CARTESIAN_POINT('',(-0.00744412009122153,-0.071746,0.00198865860811472));
#12844=CARTESIAN_POINT('',(-0.00733648270776101,-0.071746,0.00198791596603998));
#12845=CARTESIAN_POINT('',(-0.00754779440870707,-0.071746,0.00200996890262978));
#12846=CARTESIAN_POINT('',(-0.00754779440870707,-0.072,0.00200996890262978));
#12847=CARTESIAN_POINT('',(-0.00765146872619249,-0.072,0.00203127919714475));
#12848=CARTESIAN_POINT('',(-0.00765146872619249,-0.071746,0.00203127919714475));
#12849=CARTESIAN_POINT('',(-0.00765146872619249,-0.071746,0.00203127919714475));
#12850=CARTESIAN_POINT('',(-0.00754779440870707,-0.071746,0.00200996890262978));
#12851=CARTESIAN_POINT('',(-0.00774843622967677,-0.071746,0.00207169524858349));
#12852=CARTESIAN_POINT('',(-0.00774843622967677,-0.072,0.00207169524858349));
#12853=CARTESIAN_POINT('',(-0.00784540373316101,-0.072,0.00211211130002221));
#12854=CARTESIAN_POINT('',(-0.00784540373316101,-0.071746,0.00211211130002221));
#12855=CARTESIAN_POINT('',(-0.00784540373316101,-0.071746,0.00211211130002221));
#12856=CARTESIAN_POINT('',(-0.00774843622967677,-0.071746,0.00207169524858349));
#12857=CARTESIAN_POINT('',(-0.00793292053329667,-0.071746,0.00217017121286782));
#12858=CARTESIAN_POINT('',(-0.00793292053329667,-0.072,0.00217017121286782));
#12859=CARTESIAN_POINT('',(-0.00802043733343238,-0.072,0.00222823112571348));
#12860=CARTESIAN_POINT('',(-0.00802043733343238,-0.071746,0.00222823112571348));
#12861=CARTESIAN_POINT('',(-0.00802043733343238,-0.071746,0.00222823112571348));
#12862=CARTESIAN_POINT('',(-0.00793292053329667,-0.071746,0.00217017121286782));
#12863=CARTESIAN_POINT('',(-0.00809575961153257,-0.071746,0.00230247321643074));
#12864=CARTESIAN_POINT('',(-0.00809575961153257,-0.072,0.00230247321643074));
#12865=CARTESIAN_POINT('',(-0.00817108188963278,-0.072,0.0023767153071479));
#12866=CARTESIAN_POINT('',(-0.00817108188963278,-0.071746,0.0023767153071479));
#12867=CARTESIAN_POINT('',(-0.00817108188963278,-0.071746,0.0023767153071479));
#12868=CARTESIAN_POINT('',(-0.00809575961153257,-0.071746,0.00230247321643074));
#12869=CARTESIAN_POINT('',(-0.00823146568568957,-0.071746,0.00246567775088054));
#12870=CARTESIAN_POINT('',(-0.00823146568568957,-0.072,0.00246567775088054));
#12871=CARTESIAN_POINT('',(-0.00829184948174633,-0.072,0.00255464019461328));
#12872=CARTESIAN_POINT('',(-0.00829184948174633,-0.071746,0.00255464019461328));
#12873=CARTESIAN_POINT('',(-0.00829184948174633,-0.071746,0.00255464019461328));
#12874=CARTESIAN_POINT('',(-0.00823146568568957,-0.071746,0.00246567775088054));
#12875=CARTESIAN_POINT('',(-0.0083345510477334,-0.071746,0.00265686109584453));
#12876=CARTESIAN_POINT('',(-0.0083345510477334,-0.072,0.00265686109584453));
#12877=CARTESIAN_POINT('',(-0.00837725261372047,-0.072,0.00275908199707576));
#12878=CARTESIAN_POINT('',(-0.00837725261372047,-0.071746,0.00275908199707576));
#12879=CARTESIAN_POINT('',(-0.00837725261372047,-0.071746,0.00275908199707576));
#12880=CARTESIAN_POINT('',(-0.0083345510477334,-0.071746,0.00265686109584453));
#12881=CARTESIAN_POINT('',(-0.00839848376845212,-0.071746,0.00286785115009935));
#12882=CARTESIAN_POINT('',(-0.00839848376845212,-0.072,0.00286785115009935));
#12883=CARTESIAN_POINT('',(-0.00841971492318383,-0.072,0.00297662030312297));
#12884=CARTESIAN_POINT('',(-0.00841971492318383,-0.071746,0.00297662030312297));
#12885=CARTESIAN_POINT('',(-0.00841971492318383,-0.071746,0.00297662030312297));
#12886=CARTESIAN_POINT('',(-0.00839848376845212,-0.071746,0.00286785115009935));
#12887=CARTESIAN_POINT('',(-0.00841891956836064,-0.071746,0.00308416236554073));
#12888=CARTESIAN_POINT('',(-0.00841891956836064,-0.072,0.00308416236554073));
#12889=CARTESIAN_POINT('',(-0.00841812421353749,-0.072,0.00319170442795836));
#12890=CARTESIAN_POINT('',(-0.00841812421353749,-0.071746,0.00319170442795836));
#12891=CARTESIAN_POINT('',(-0.00841812421353749,-0.071746,0.00319170442795836));
#12892=CARTESIAN_POINT('',(-0.00841891956836064,-0.071746,0.00308416236554073));
#12893=CARTESIAN_POINT('',(-0.00839676473929989,-0.071746,0.003295284484309));
#12894=CARTESIAN_POINT('',(-0.00839676473929989,-0.072,0.003295284484309));
#12895=CARTESIAN_POINT('',(-0.00837540526506231,-0.072,0.00339886454065975));
#12896=CARTESIAN_POINT('',(-0.00837540526506231,-0.071746,0.00339886454065975));
#12897=CARTESIAN_POINT('',(-0.00837540526506231,-0.071746,0.00339886454065975));
#12898=CARTESIAN_POINT('',(-0.00839676473929989,-0.071746,0.003295284484309));
#12899=CARTESIAN_POINT('',(-0.00833494392022968,-0.071746,0.00349574767548209));
#12900=CARTESIAN_POINT('',(-0.00833494392022968,-0.072,0.00349574767548209));
#12901=CARTESIAN_POINT('',(-0.008294482575397,-0.072,0.00359263081030438));
#12902=CARTESIAN_POINT('',(-0.008294482575397,-0.071746,0.00359263081030438));
#12903=CARTESIAN_POINT('',(-0.008294482575397,-0.071746,0.00359263081030438));
#12904=CARTESIAN_POINT('',(-0.00833494392022968,-0.071746,0.00349574767548209));
#12905=CARTESIAN_POINT('',(-0.00823638160878875,-0.071746,0.0036800821787977));
#12906=CARTESIAN_POINT('',(-0.00823638160878875,-0.072,0.0036800821787977));
#12907=CARTESIAN_POINT('',(-0.00817828064218051,-0.072,0.003767533547291));
#12908=CARTESIAN_POINT('',(-0.00817828064218051,-0.071746,0.003767533547291));
#12909=CARTESIAN_POINT('',(-0.00817828064218051,-0.071746,0.003767533547291));
#12910=CARTESIAN_POINT('',(-0.00823638160878875,-0.071746,0.0036800821787977));
#12911=CARTESIAN_POINT('',(-0.00810400251459758,-0.071746,0.00384281837531511));
#12912=CARTESIAN_POINT('',(-0.00810400251459758,-0.072,0.00384281837531511));
#12913=CARTESIAN_POINT('',(-0.00802972438701466,-0.072,0.0039181032033392));
#12914=CARTESIAN_POINT('',(-0.00802972438701466,-0.071746,0.0039181032033392));
#12915=CARTESIAN_POINT('',(-0.00802972438701466,-0.071746,0.0039181032033392));
#12916=CARTESIAN_POINT('',(-0.00810400251459758,-0.071746,0.00384281837531511));
#12917=CARTESIAN_POINT('',(-0.00794073127661595,-0.071746,0.00397848657543287));
#12918=CARTESIAN_POINT('',(-0.00794073127661595,-0.072,0.00397848657543287));
#12919=CARTESIAN_POINT('',(-0.0078517381662172,-0.072,0.00403886994752657));
#12920=CARTESIAN_POINT('',(-0.0078517381662172,-0.071746,0.00403886994752657));
#12921=CARTESIAN_POINT('',(-0.0078517381662172,-0.071746,0.00403886994752657));
#12922=CARTESIAN_POINT('',(-0.00794073127661595,-0.071746,0.00397848657543287));
#12923=CARTESIAN_POINT('',(-0.00774949246314313,-0.071746,0.0040816170188891));
#12924=CARTESIAN_POINT('',(-0.00774949246314313,-0.072,0.0040816170188891));
#12925=CARTESIAN_POINT('',(-0.007647246760069,-0.072,0.00412436409025164));
#12926=CARTESIAN_POINT('',(-0.007647246760069,-0.071746,0.00412436409025164));
#12927=CARTESIAN_POINT('',(-0.007647246760069,-0.071746,0.00412436409025164));
#12928=CARTESIAN_POINT('',(-0.00774949246314313,-0.071746,0.0040816170188891));
#12929=CARTESIAN_POINT('',(-0.00716233236400086,-0.071746,0.00425600358077061));
#12930=CARTESIAN_POINT('',(-0.00716233236400086,-0.072,0.00425600358077061));
#12931=CARTESIAN_POINT('',(-0.00667741796793275,-0.072,0.00438764307128959));
#12932=CARTESIAN_POINT('',(-0.00667741796793275,-0.071746,0.00438764307128959));
#12933=CARTESIAN_POINT('',(-0.00667741796793275,-0.071746,0.00438764307128959));
#12934=CARTESIAN_POINT('',(-0.00716233236400086,-0.071746,0.00425600358077061));
#12935=CARTESIAN_POINT('',(-0.0061803486197208,-0.071746,0.00449264898629138));
#12936=CARTESIAN_POINT('',(-0.0061803486197208,-0.072,0.00449264898629138));
#12937=CARTESIAN_POINT('',(-0.0056832792715088,-0.072,0.00459765490129306));
#12938=CARTESIAN_POINT('',(-0.0056832792715088,-0.071746,0.00459765490129306));
#12939=CARTESIAN_POINT('',(-0.0056832792715088,-0.071746,0.00459765490129306));
#12940=CARTESIAN_POINT('',(-0.0061803486197208,-0.071746,0.00449264898629138));
#12941=CARTESIAN_POINT('',(-0.00517643192041546,-0.071746,0.00467630769238509));
#12942=CARTESIAN_POINT('',(-0.00517643192041546,-0.072,0.00467630769238509));
#12943=CARTESIAN_POINT('',(-0.00466958456932221,-0.072,0.00475496048347725));
#12944=CARTESIAN_POINT('',(-0.00466958456932221,-0.071746,0.00475496048347725));
#12945=CARTESIAN_POINT('',(-0.00466958456932221,-0.071746,0.00475496048347725));
#12946=CARTESIAN_POINT('',(-0.00517643192041546,-0.071746,0.00467630769238509));
#12947=CARTESIAN_POINT('',(-0.00415533588196776,-0.071746,0.00480754039028539));
#12948=CARTESIAN_POINT('',(-0.00415533588196776,-0.072,0.00480754039028539));
#12949=CARTESIAN_POINT('',(-0.0036410871946132,-0.072,0.0048601202970935));
#12950=CARTESIAN_POINT('',(-0.0036410871946132,-0.071746,0.0048601202970935));
#12951=CARTESIAN_POINT('',(-0.0036410871946132,-0.071746,0.0048601202970935));
#12952=CARTESIAN_POINT('',(-0.00415533588196776,-0.071746,0.00480754039028539));
#12953=CARTESIAN_POINT('',(-0.00312181397893895,-0.071746,0.00488690777122519));
#12954=CARTESIAN_POINT('',(-0.00312181397893895,-0.072,0.00488690777122519));
#12955=CARTESIAN_POINT('',(-0.00260254076326471,-0.072,0.0049136952453568));
#12956=CARTESIAN_POINT('',(-0.00260254076326471,-0.071746,0.0049136952453568));
#12957=CARTESIAN_POINT('',(-0.00260254076326471,-0.071746,0.0049136952453568));
#12958=CARTESIAN_POINT('',(-0.00312181397893895,-0.071746,0.00488690777122519));
#12959=CARTESIAN_POINT('',(-0.00208061989787258,-0.071746,0.00491497059709843));
#12960=CARTESIAN_POINT('',(-0.00208061989787258,-0.072,0.00491497059709843));
#12961=CARTESIAN_POINT('',(-0.00155869903248052,-0.072,0.00491624594884012));
#12962=CARTESIAN_POINT('',(-0.00155869903248052,-0.071746,0.00491624594884012));
#12963=CARTESIAN_POINT('',(-0.00155869903248052,-0.071746,0.00491624594884012));
#12964=CARTESIAN_POINT('',(-0.00208061989787258,-0.071746,0.00491497059709843));
#12965=CARTESIAN_POINT('',(-0.00103650725465126,-0.071746,0.00489228948847807));
#12966=CARTESIAN_POINT('',(-0.00103650725465126,-0.072,0.00489228948847807));
#12967=CARTESIAN_POINT('',(-0.000514315476821903,-0.072,0.00486833302811597));
#12968=CARTESIAN_POINT('',(-0.000514315476821903,-0.071746,0.00486833302811597));
#12969=CARTESIAN_POINT('',(-0.000514315476821903,-0.071746,0.00486833302811597));
#12970=CARTESIAN_POINT('',(-0.00103650725465126,-0.071746,0.00489228948847807));
#12971=CARTESIAN_POINT('',(5.77040550314343E-6,-0.071746,0.00481942520725768));
#12972=CARTESIAN_POINT('',(5.77040550314343E-6,-0.072,0.00481942520725768));
#12973=CARTESIAN_POINT('',(0.000525856287828197,-0.072,0.00477051738639946));
#12974=CARTESIAN_POINT('',(0.000525856287828197,-0.071746,0.00477051738639946));
#12975=CARTESIAN_POINT('',(0.000525856287828197,-0.071746,0.00477051738639946));
#12976=CARTESIAN_POINT('',(5.77040550314343E-6,-0.071746,0.00481942520725768));
#12977=CARTESIAN_POINT('',(0.00104145946670767,-0.071746,0.00469693851533131));
#12978=CARTESIAN_POINT('',(0.00104145946670767,-0.072,0.00469693851533131));
#12979=CARTESIAN_POINT('',(0.00155706264558719,-0.072,0.00462335964426321));
#12980=CARTESIAN_POINT('',(0.00155706264558719,-0.071746,0.00462335964426321));
#12981=CARTESIAN_POINT('',(0.00155706264558719,-0.071746,0.00462335964426321));
#12982=CARTESIAN_POINT('',(0.00104145946670767,-0.071746,0.00469693851533131));
#12983=CARTESIAN_POINT('',(0.00206580631307978,-0.071746,0.00452539003327159));
#12984=CARTESIAN_POINT('',(0.00206580631307978,-0.072,0.00452539003327159));
#12985=CARTESIAN_POINT('',(0.00257454998057239,-0.072,0.00442742042227996));
#12986=CARTESIAN_POINT('',(0.00257454998057239,-0.071746,0.00442742042227996));
#12987=CARTESIAN_POINT('',(0.00257454998057239,-0.071746,0.00442742042227996));
#12988=CARTESIAN_POINT('',(0.00206580631307978,-0.071746,0.00452539003327159));
#12989=CARTESIAN_POINT('',(0.00307405739939726,-0.071746,0.0043053404523118));
#12990=CARTESIAN_POINT('',(0.00307405739939726,-0.072,0.0043053404523118));
#12991=CARTESIAN_POINT('',(0.00357356481822213,-0.072,0.00418326048234354));
#12992=CARTESIAN_POINT('',(0.00357356481822213,-0.071746,0.00418326048234354));
#12993=CARTESIAN_POINT('',(0.00357356481822213,-0.071746,0.00418326048234354));
#12994=CARTESIAN_POINT('',(0.00307405739939726,-0.071746,0.0043053404523118));
#12995=CARTESIAN_POINT('',(0.00406145910977748,-0.071746,0.00403735046368519));
#12996=CARTESIAN_POINT('',(0.00406145910977748,-0.072,0.00403735046368519));
#12997=CARTESIAN_POINT('',(0.00454935340133278,-0.072,0.003891440445027));
#12998=CARTESIAN_POINT('',(0.00454935340133278,-0.071746,0.003891440445027));
#12999=CARTESIAN_POINT('',(0.00454935340133278,-0.071746,0.003891440445027));
#13000=CARTESIAN_POINT('',(0.00406145910977748,-0.071746,0.00403735046368519));
#13001=CARTESIAN_POINT('',(0.00502325775767723,-0.071746,0.00372198082928592));
#13002=CARTESIAN_POINT('',(0.00502325775767723,-0.072,0.00372198082928592));
#13003=CARTESIAN_POINT('',(0.00549716211402163,-0.072,0.00355252121354478));
#13004=CARTESIAN_POINT('',(0.00549716211402163,-0.071746,0.00355252121354478));
#13005=CARTESIAN_POINT('',(0.00549716211402163,-0.071746,0.00355252121354478));
#13006=CARTESIAN_POINT('',(0.00502325775767723,-0.071746,0.00372198082928592));
#13007=CARTESIAN_POINT('',(0.00595469979787437,-0.071746,0.00335979231100735));
#13008=CARTESIAN_POINT('',(0.00595469979787437,-0.072,0.00335979231100735));
#13009=CARTESIAN_POINT('',(0.00641223748172715,-0.072,0.00316706340846997));
#13010=CARTESIAN_POINT('',(0.00641223748172715,-0.071746,0.00316706340846997));
#13011=CARTESIAN_POINT('',(0.00641223748172715,-0.071746,0.00316706340846997));
#13012=CARTESIAN_POINT('',(0.00595469979787437,-0.071746,0.00335979231100735));
#13013=CARTESIAN_POINT('',(0.00685103168514685,-0.071746,0.00295134552942258));
#13014=CARTESIAN_POINT('',(0.00685103168514685,-0.072,0.00295134552942258));
#13015=CARTESIAN_POINT('',(0.00728982588856642,-0.072,0.00273562765037518));
#13016=CARTESIAN_POINT('',(0.00728982588856642,-0.071746,0.00273562765037518));
#13017=CARTESIAN_POINT('',(0.00728982588856642,-0.071746,0.00273562765037518));
#13018=CARTESIAN_POINT('',(0.00685103168514685,-0.071746,0.00295134552942258));
#13019=CARTESIAN_POINT('',(0.00770749980361172,-0.071746,0.00249720117576475));
#13020=CARTESIAN_POINT('',(0.00770749980361172,-0.072,0.00249720117576475));
#13021=CARTESIAN_POINT('',(0.00812517371865706,-0.072,0.00225877470115433));
#13022=CARTESIAN_POINT('',(0.00812517371865706,-0.071746,0.00225877470115433));
#13023=CARTESIAN_POINT('',(0.00812517371865706,-0.071746,0.00225877470115433));
#13024=CARTESIAN_POINT('',(0.00770749980361172,-0.071746,0.00249720117576475));
#13025=CARTESIAN_POINT('',(0.00821330830372691,-0.071746,0.00219149394363457));
#13026=CARTESIAN_POINT('',(0.00821330830372691,-0.072,0.00219149394363457));
#13027=CARTESIAN_POINT('',(0.00830144288879675,-0.072,0.00212421318611479));
#13028=CARTESIAN_POINT('',(0.00830144288879675,-0.071746,0.00212421318611479));
#13029=CARTESIAN_POINT('',(0.00830144288879675,-0.071746,0.00212421318611479));
#13030=CARTESIAN_POINT('',(0.00821330830372691,-0.071746,0.00219149394363457));
#13031=CARTESIAN_POINT('',(0.00837232641429537,-0.071746,0.00204322195574427));
#13032=CARTESIAN_POINT('',(0.00837232641429537,-0.072,0.00204322195574427));
#13033=CARTESIAN_POINT('',(0.00844320993979408,-0.072,0.00196223072537384));
#13034=CARTESIAN_POINT('',(0.00844320993979408,-0.071746,0.00196223072537384));
#13035=CARTESIAN_POINT('',(0.00844320993979408,-0.071746,0.00196223072537384));
#13036=CARTESIAN_POINT('',(0.00837232641429537,-0.071746,0.00204322195574427));
#13037=CARTESIAN_POINT('',(0.00849609594797875,-0.071746,0.001870558874628));
#13038=CARTESIAN_POINT('',(0.00849609594797875,-0.072,0.001870558874628));
#13039=CARTESIAN_POINT('',(0.00854898195616338,-0.072,0.00177888702388208));
#13040=CARTESIAN_POINT('',(0.00854898195616338,-0.071746,0.00177888702388208));
#13041=CARTESIAN_POINT('',(0.00854898195616338,-0.071746,0.00177888702388208));
#13042=CARTESIAN_POINT('',(0.00849609594797875,-0.071746,0.001870558874628));
#13043=CARTESIAN_POINT('',(0.00858312370664928,-0.071746,0.0016795641932548));
#13044=CARTESIAN_POINT('',(0.00858312370664928,-0.072,0.0016795641932548));
#13045=CARTESIAN_POINT('',(0.00861726545713515,-0.072,0.00158024136262759));
#13046=CARTESIAN_POINT('',(0.00861726545713515,-0.071746,0.00158024136262759));
#13047=CARTESIAN_POINT('',(0.00861726545713515,-0.071746,0.00158024136262759));
#13048=CARTESIAN_POINT('',(0.00858312370664928,-0.071746,0.0016795641932548));
#13049=CARTESIAN_POINT('',(0.00863191635085849,-0.071746,0.0014762973339338));
#13050=CARTESIAN_POINT('',(0.00863191635085849,-0.072,0.0014762973339338));
#13051=CARTESIAN_POINT('',(0.0086465672445819,-0.072,0.00137235330524001));
#13052=CARTESIAN_POINT('',(0.0086465672445819,-0.071746,0.00137235330524001));
#13053=CARTESIAN_POINT('',(0.0086465672445819,-0.071746,0.00137235330524001));
#13054=CARTESIAN_POINT('',(0.00863191635085849,-0.071746,0.0014762973339338));
#13055=CARTESIAN_POINT('',(0.00864098061181841,-0.071746,0.00126681778963412));
#13056=CARTESIAN_POINT('',(0.00864098061181841,-0.072,0.00126681778963412));
#13057=CARTESIAN_POINT('',(0.00863539397905477,-0.072,0.00116128227402824));
#13058=CARTESIAN_POINT('',(0.00863539397905477,-0.071746,0.00116128227402824));
#13059=CARTESIAN_POINT('',(0.00863539397905477,-0.071746,0.00116128227402824));
#13060=CARTESIAN_POINT('',(0.00864098061181841,-0.071746,0.00126681778963412));
#13061=CARTESIAN_POINT('',(0.00680567187036375,-0.071746,-0.00298918077248286));
#13062=CARTESIAN_POINT('',(0.00680567187036375,-0.072,-0.00298918077248286));
#13063=CARTESIAN_POINT('',(0.00684424262229932,-0.072,-0.0029093000428587));
#13064=CARTESIAN_POINT('',(0.00676710111842818,-0.072,-0.003069061502107));
#13065=CARTESIAN_POINT('',(0.00676710111842818,-0.071746,-0.003069061502107));
#13066=CARTESIAN_POINT('',(0.00676710111842818,-0.071746,-0.003069061502107));
#13067=CARTESIAN_POINT('',(0.00680567187036375,-0.071746,-0.00298918077248286));
#13068=CARTESIAN_POINT('',(0.00684424262229932,-0.071746,-0.0029093000428587));
#13069=CARTESIAN_POINT('',(0.00684424262229932,-0.071746,-0.0029093000428587));
#13070=CARTESIAN_POINT('',(0.00671513030531,-0.071746,-0.00313789820429692));
#13071=CARTESIAN_POINT('',(0.00671513030531,-0.072,-0.00313789820429692));
#13072=CARTESIAN_POINT('',(0.00666315949219198,-0.072,-0.00320673490648669));
#13073=CARTESIAN_POINT('',(0.00666315949219198,-0.071746,-0.00320673490648669));
#13074=CARTESIAN_POINT('',(0.00666315949219198,-0.071746,-0.00320673490648669));
#13075=CARTESIAN_POINT('',(0.00671513030531,-0.071746,-0.00313789820429692));
#13076=CARTESIAN_POINT('',(0.0065993466823772,-0.071746,-0.00326355154746718));
#13077=CARTESIAN_POINT('',(0.0065993466823772,-0.072,-0.00326355154746718));
#13078=CARTESIAN_POINT('',(0.00653553387256256,-0.072,-0.00332036818844771));
#13079=CARTESIAN_POINT('',(0.00653553387256256,-0.071746,-0.00332036818844771));
#13080=CARTESIAN_POINT('',(0.00653553387256256,-0.071746,-0.00332036818844771));
#13081=CARTESIAN_POINT('',(0.0065993466823772,-0.071746,-0.00326355154746718));
#13082=CARTESIAN_POINT('',(0.00646189388014383,-0.071746,-0.00336369665457616));
#13083=CARTESIAN_POINT('',(0.00646189388014383,-0.072,-0.00336369665457616));
#13084=CARTESIAN_POINT('',(0.00638825388772502,-0.072,-0.00340702512070455));
#13085=CARTESIAN_POINT('',(0.00638825388772502,-0.071746,-0.00340702512070455));
#13086=CARTESIAN_POINT('',(0.00638825388772502,-0.071746,-0.00340702512070455));
#13087=CARTESIAN_POINT('',(0.00646189388014383,-0.071746,-0.00336369665457616));
#13088=CARTESIAN_POINT('',(0.00630680173877671,-0.071746,-0.00343539751031991));
#13089=CARTESIAN_POINT('',(0.00630680173877671,-0.072,-0.00343539751031991));
#13090=CARTESIAN_POINT('',(0.00622534958982846,-0.072,-0.00346376989993534));
#13091=CARTESIAN_POINT('',(0.00622534958982846,-0.071746,-0.00346376989993534));
#13092=CARTESIAN_POINT('',(0.00622534958982846,-0.071746,-0.00346376989993534));
#13093=CARTESIAN_POINT('',(0.00630680173877671,-0.071746,-0.00343539751031991));
#13094=CARTESIAN_POINT('',(0.0061399136007121,-0.071746,-0.00347560871690864));
#13095=CARTESIAN_POINT('',(0.0061399136007121,-0.072,-0.00347560871690864));
#13096=CARTESIAN_POINT('',(0.00605447761159572,-0.072,-0.00348744753388195));
#13097=CARTESIAN_POINT('',(0.00605447761159572,-0.071746,-0.00348744753388195));
#13098=CARTESIAN_POINT('',(0.00605447761159572,-0.071746,-0.00348744753388195));
#13099=CARTESIAN_POINT('',(0.0061399136007121,-0.071746,-0.00347560871690864));
#13100=CARTESIAN_POINT('',(0.0059691848513552,-0.071746,-0.00348241339573134));
#13101=CARTESIAN_POINT('',(0.0059691848513552,-0.072,-0.00348241339573134));
#13102=CARTESIAN_POINT('',(0.00588389209111473,-0.072,-0.00347737925758061));
#13103=CARTESIAN_POINT('',(0.00588389209111473,-0.071746,-0.00347737925758061));
#13104=CARTESIAN_POINT('',(0.00588389209111473,-0.071746,-0.00347737925758061));
#13105=CARTESIAN_POINT('',(0.0059691848513552,-0.071746,-0.00348241339573134));
#13106=CARTESIAN_POINT('',(0.00580120479626117,-0.071746,-0.00345586143311568));
#13107=CARTESIAN_POINT('',(0.00580120479626117,-0.072,-0.00345586143311568));
#13108=CARTESIAN_POINT('',(0.00571851750140762,-0.072,-0.00343434360865079));
#13109=CARTESIAN_POINT('',(0.00571851750140762,-0.071746,-0.00343434360865079));
#13110=CARTESIAN_POINT('',(0.00571851750140762,-0.071746,-0.00343434360865079));
#13111=CARTESIAN_POINT('',(0.00580120479626117,-0.071746,-0.00345586143311568));
#13112=CARTESIAN_POINT('',(0.00564089812043368,-0.071746,-0.00339673129602064));
#13113=CARTESIAN_POINT('',(0.00564089812043368,-0.072,-0.00339673129602064));
#13114=CARTESIAN_POINT('',(0.00556327873945972,-0.072,-0.00335911898339046));
#13115=CARTESIAN_POINT('',(0.00556327873945972,-0.071746,-0.00335911898339046));
#13116=CARTESIAN_POINT('',(0.00556327873945972,-0.071746,-0.00335911898339046));
#13117=CARTESIAN_POINT('',(0.00564089812043368,-0.071746,-0.00339673129602064));
#13118=CARTESIAN_POINT('',(0.0052492366749269,-0.071746,-0.00317946891930753));
#13119=CARTESIAN_POINT('',(0.0052492366749269,-0.072,-0.00317946891930753));
#13120=CARTESIAN_POINT('',(0.00493519461039405,-0.072,-0.00299981885522459));
#13121=CARTESIAN_POINT('',(0.00493519461039405,-0.071746,-0.00299981885522459));
#13122=CARTESIAN_POINT('',(0.00493519461039405,-0.071746,-0.00299981885522459));
#13123=CARTESIAN_POINT('',(0.0052492366749269,-0.071746,-0.00317946891930753));
#13124=CARTESIAN_POINT('',(0.00461123661364301,-0.071746,-0.00283843291060094));
#13125=CARTESIAN_POINT('',(0.00461123661364301,-0.072,-0.00283843291060094));
#13126=CARTESIAN_POINT('',(0.00428727861689193,-0.072,-0.00267704696597735));
#13127=CARTESIAN_POINT('',(0.00428727861689193,-0.071746,-0.00267704696597735));
#13128=CARTESIAN_POINT('',(0.00428727861689193,-0.071746,-0.00267704696597735));
#13129=CARTESIAN_POINT('',(0.00461123661364301,-0.071746,-0.00283843291060094));
#13130=CARTESIAN_POINT('',(0.00395348976318987,-0.071746,-0.00253393616385426));
#13131=CARTESIAN_POINT('',(0.00395348976318987,-0.072,-0.00253393616385426));
#13132=CARTESIAN_POINT('',(0.00361970090948782,-0.072,-0.00239082536173117));
#13133=CARTESIAN_POINT('',(0.00361970090948782,-0.071746,-0.00239082536173117));
#13134=CARTESIAN_POINT('',(0.00361970090948782,-0.071746,-0.00239082536173117));
#13135=CARTESIAN_POINT('',(0.00395348976318987,-0.071746,-0.00253393616385426));
#13136=CARTESIAN_POINT('',(0.00327616613278084,-0.071746,-0.00226600079581041));
#13137=CARTESIAN_POINT('',(0.00327616613278084,-0.072,-0.00226600079581041));
#13138=CARTESIAN_POINT('',(0.00293263135607391,-0.072,-0.00214117622988962));
#13139=CARTESIAN_POINT('',(0.00293263135607391,-0.071746,-0.00214117622988962));
#13140=CARTESIAN_POINT('',(0.00293263135607391,-0.071746,-0.00214117622988962));
#13141=CARTESIAN_POINT('',(0.00327616613278084,-0.071746,-0.00226600079581041));
#13142=CARTESIAN_POINT('',(0.00257943559030812,-0.071746,-0.00203464885255192));
#13143=CARTESIAN_POINT('',(0.00257943559030812,-0.072,-0.00203464885255192));
#13144=CARTESIAN_POINT('',(0.00222623982454228,-0.072,-0.00192812147521425));
#13145=CARTESIAN_POINT('',(0.00222623982454228,-0.071746,-0.00192812147521425));
#13146=CARTESIAN_POINT('',(0.00222623982454228,-0.071746,-0.00192812147521425));
#13147=CARTESIAN_POINT('',(0.00257943559030812,-0.071746,-0.00203464885255192));
#13148=CARTESIAN_POINT('',(0.00186346814498486,-0.071746,-0.00183990238016141));
#13149=CARTESIAN_POINT('',(0.00186346814498486,-0.072,-0.00183990238016141));
#13150=CARTESIAN_POINT('',(0.00150069646542738,-0.072,-0.00175168328510854));
#13151=CARTESIAN_POINT('',(0.00150069646542738,-0.071746,-0.00175168328510854));
#13152=CARTESIAN_POINT('',(0.00150069646542738,-0.071746,-0.00175168328510854));
#13153=CARTESIAN_POINT('',(0.00186346814498486,-0.071746,-0.00183990238016141));
#13154=CARTESIAN_POINT('',(0.00112843380602444,-0.071746,-0.00168178349538182));
#13155=CARTESIAN_POINT('',(0.00112843380602444,-0.072,-0.00168178349538182));
#13156=CARTESIAN_POINT('',(0.000756171146621409,-0.072,-0.00161188370565511));
#13157=CARTESIAN_POINT('',(0.000756171146621409,-0.071746,-0.00161188370565511));
#13158=CARTESIAN_POINT('',(0.000756171146621409,-0.071746,-0.00161188370565511));
#13159=CARTESIAN_POINT('',(0.00112843380602444,-0.071746,-0.00168178349538182));
#13160=CARTESIAN_POINT('',(0.000374502441319037,-0.071746,-0.0015603143856168));
#13161=CARTESIAN_POINT('',(0.000374502441319037,-0.072,-0.0015603143856168));
#13162=CARTESIAN_POINT('',(-7.16626398333808E-6,-0.072,-0.00150874506557851));
#13163=CARTESIAN_POINT('',(-7.16626398333808E-6,-0.071746,-0.00150874506557851));
#13164=CARTESIAN_POINT('',(-7.16626398333808E-6,-0.071746,-0.00150874506557851));
#13165=CARTESIAN_POINT('',(0.000374502441319037,-0.071746,-0.0015603143856168));
#13166=CARTESIAN_POINT('',(-0.000398155939917992,-0.071746,-0.00147551716760935));
#13167=CARTESIAN_POINT('',(-0.000398155939917992,-0.072,-0.00147551716760935));
#13168=CARTESIAN_POINT('',(-0.000789145615852638,-0.072,-0.00144228926964017));
#13169=CARTESIAN_POINT('',(-0.000789145615852638,-0.071746,-0.00144228926964017));
#13170=CARTESIAN_POINT('',(-0.000789145615852638,-0.071746,-0.00144228926964017));
#13171=CARTESIAN_POINT('',(-0.000398155939917992,-0.071746,-0.00147551716760935));
#13172=CARTESIAN_POINT('',(-0.00118937139913396,-0.071746,-0.00142741381678142));
#13173=CARTESIAN_POINT('',(-0.00118937139913396,-0.072,-0.00142741381678142));
#13174=CARTESIAN_POINT('',(-0.00158959718241513,-0.072,-0.00141253836392273));
#13175=CARTESIAN_POINT('',(-0.00158959718241513,-0.071746,-0.00141253836392273));
#13176=CARTESIAN_POINT('',(-0.00158959718241513,-0.071746,-0.00141253836392273));
#13177=CARTESIAN_POINT('',(-0.00118937139913396,-0.071746,-0.00142741381678142));
#13178=CARTESIAN_POINT('',(-0.00199897399777595,-0.071746,-0.00141602652053669));
#13179=CARTESIAN_POINT('',(-0.00199897399777595,-0.072,-0.00141602652053669));
#13180=CARTESIAN_POINT('',(-0.00240835081313684,-0.072,-0.00141951467715061));
#13181=CARTESIAN_POINT('',(-0.00240835081313684,-0.071746,-0.00141951467715061));
#13182=CARTESIAN_POINT('',(-0.00240835081313684,-0.071746,-0.00141951467715061));
#13183=CARTESIAN_POINT('',(-0.00199897399777595,-0.071746,-0.00141602652053669));
#13184=CARTESIAN_POINT('',(-0.00282679379729157,-0.071746,-0.00144137739561803));
#13185=CARTESIAN_POINT('',(-0.00282679379729157,-0.072,-0.00144137739561803));
#13186=CARTESIAN_POINT('',(-0.00324523678144628,-0.072,-0.00146324011408537));
#13187=CARTESIAN_POINT('',(-0.00324523678144628,-0.071746,-0.00146324011408537));
#13188=CARTESIAN_POINT('',(-0.00324523678144628,-0.071746,-0.00146324011408537));
#13189=CARTESIAN_POINT('',(-0.00282679379729157,-0.071746,-0.00144137739561803));
#13190=CARTESIAN_POINT('',(-0.00367266078846725,-0.071746,-0.00150348855876854));
#13191=CARTESIAN_POINT('',(-0.00367266078846725,-0.072,-0.00150348855876854));
#13192=CARTESIAN_POINT('',(-0.00410008479548818,-0.072,-0.00154373700345177));
#13193=CARTESIAN_POINT('',(-0.00410008479548818,-0.071746,-0.00154373700345177));
#13194=CARTESIAN_POINT('',(-0.00410008479548818,-0.071746,-0.00154373700345177));
#13195=CARTESIAN_POINT('',(-0.00367266078846725,-0.071746,-0.00150348855876854));
#13196=CARTESIAN_POINT('',(-0.00453640503275032,-0.071746,-0.00160238212673144));
#13197=CARTESIAN_POINT('',(-0.00453640503275032,-0.072,-0.00160238212673144));
#13198=CARTESIAN_POINT('',(-0.00497272527001236,-0.072,-0.00166102725001103));
#13199=CARTESIAN_POINT('',(-0.00497272527001236,-0.071746,-0.00166102725001103));
#13200=CARTESIAN_POINT('',(-0.00497272527001236,-0.071746,-0.00166102725001103));
#13201=CARTESIAN_POINT('',(-0.00453640503275032,-0.071746,-0.00160238212673144));
#13202=CARTESIAN_POINT('',(-0.00541785659158794,-0.071746,-0.00173808007492845));
#13203=CARTESIAN_POINT('',(-0.00541785659158794,-0.072,-0.00173808007492845));
#13204=CARTESIAN_POINT('',(-0.00586298791316364,-0.072,-0.0018151328998459));
#13205=CARTESIAN_POINT('',(-0.00586298791316364,-0.071746,-0.0018151328998459));
#13206=CARTESIAN_POINT('',(-0.00586298791316364,-0.071746,-0.0018151328998459));
#13207=CARTESIAN_POINT('',(-0.00541785659158794,-0.071746,-0.00173808007492845));
#13208=CARTESIAN_POINT('',(-0.00631684552642765,-0.071746,-0.00191060459076337));
#13209=CARTESIAN_POINT('',(-0.00631684552642765,-0.072,-0.00191060459076337));
#13210=CARTESIAN_POINT('',(-0.00677070313969164,-0.072,-0.00200607628168091));
#13211=CARTESIAN_POINT('',(-0.00677070313969164,-0.071746,-0.00200607628168091));
#13212=CARTESIAN_POINT('',(-0.00677070313969164,-0.071746,-0.00200607628168091));
#13213=CARTESIAN_POINT('',(-0.00631684552642765,-0.071746,-0.00191060459076337));
#13214=CARTESIAN_POINT('',(-0.00685865648052539,-0.071746,-0.00201696563323494));
#13215=CARTESIAN_POINT('',(-0.00685865648052539,-0.072,-0.00201696563323494));
#13216=CARTESIAN_POINT('',(-0.00694660982135908,-0.072,-0.00202785498478885));
#13217=CARTESIAN_POINT('',(-0.00694660982135908,-0.071746,-0.00202785498478885));
#13218=CARTESIAN_POINT('',(-0.00694660982135908,-0.071746,-0.00202785498478885));
#13219=CARTESIAN_POINT('',(-0.00685865648052539,-0.071746,-0.00201696563323494));
#13220=CARTESIAN_POINT('',(-0.00703235148788882,-0.071746,-0.00202122010319787));
#13221=CARTESIAN_POINT('',(-0.00703235148788882,-0.072,-0.00202122010319787));
#13222=CARTESIAN_POINT('',(-0.00711809315441858,-0.072,-0.00201458522160701));
#13223=CARTESIAN_POINT('',(-0.00711809315441858,-0.071746,-0.00201458522160701));
#13224=CARTESIAN_POINT('',(-0.00711809315441858,-0.071746,-0.00201458522160701));
#13225=CARTESIAN_POINT('',(-0.00703235148788882,-0.071746,-0.00202122010319787));
#13226=CARTESIAN_POINT('',(-0.00719951887633209,-0.071746,-0.00199174936644583));
#13227=CARTESIAN_POINT('',(-0.00719951887633209,-0.072,-0.00199174936644583));
#13228=CARTESIAN_POINT('',(-0.00728094459824558,-0.072,-0.00196891351128458));
#13229=CARTESIAN_POINT('',(-0.00728094459824558,-0.071746,-0.00196891351128458));
#13230=CARTESIAN_POINT('',(-0.00728094459824558,-0.071746,-0.00196891351128458));
#13231=CARTESIAN_POINT('',(-0.00719951887633209,-0.071746,-0.00199174936644583));
#13232=CARTESIAN_POINT('',(-0.00735595024655162,-0.071746,-0.00193120008344902));
#13233=CARTESIAN_POINT('',(-0.00735595024655162,-0.072,-0.00193120008344902));
#13234=CARTESIAN_POINT('',(-0.00743095589485776,-0.072,-0.00189348665561361));
#13235=CARTESIAN_POINT('',(-0.00743095589485776,-0.071746,-0.00189348665561361));
#13236=CARTESIAN_POINT('',(-0.00743095589485776,-0.071746,-0.00189348665561361));
#13237=CARTESIAN_POINT('',(-0.00735595024655162,-0.071746,-0.00193120008344902));
#13238=CARTESIAN_POINT('',(-0.00749743719924414,-0.071746,-0.00184221884401794));
#13239=CARTESIAN_POINT('',(-0.00749743719924414,-0.072,-0.00184221884401794));
#13240=CARTESIAN_POINT('',(-0.00756391850363047,-0.072,-0.0017909510324222));
#13241=CARTESIAN_POINT('',(-0.00756391850363047,-0.071746,-0.0017909510324222));
#13242=CARTESIAN_POINT('',(-0.00756391850363047,-0.071746,-0.0017909510324222));
#13243=CARTESIAN_POINT('',(-0.00749743719924414,-0.071746,-0.00184221884401794));
#13244=CARTESIAN_POINT('',(-0.00761977133510592,-0.071746,-0.00172745230862282));
#13245=CARTESIAN_POINT('',(-0.00761977133510592,-0.072,-0.00172745230862282));
#13246=CARTESIAN_POINT('',(-0.00767562416658141,-0.072,-0.0016639535848235));
#13247=CARTESIAN_POINT('',(-0.00767562416658141,-0.071746,-0.0016639535848235));
#13248=CARTESIAN_POINT('',(-0.00767562416658141,-0.071746,-0.0016639535848235));
#13249=CARTESIAN_POINT('',(-0.00761977133510592,-0.071746,-0.00172745230862282));
#13250=CARTESIAN_POINT('',(-0.00771874432549426,-0.071746,-0.00158954720839516));
#13251=CARTESIAN_POINT('',(-0.00771874432549426,-0.072,-0.00158954720839516));
#13252=CARTESIAN_POINT('',(-0.00776186448440708,-0.072,-0.00151514083196679));
#13253=CARTESIAN_POINT('',(-0.00776186448440708,-0.071746,-0.00151514083196679));
#13254=CARTESIAN_POINT('',(-0.00776186448440708,-0.071746,-0.00151514083196679));
#13255=CARTESIAN_POINT('',(-0.00771874432549426,-0.071746,-0.00158954720839516));
#13256=CARTESIAN_POINT('',(-0.00779014770044507,-0.071746,-0.00143115020380531));
#13257=CARTESIAN_POINT('',(-0.00779014770044507,-0.072,-0.00143115020380531));
#13258=CARTESIAN_POINT('',(-0.00781843091648304,-0.072,-0.00134715957564378));
#13259=CARTESIAN_POINT('',(-0.00781843091648304,-0.071746,-0.00134715957564378));
#13260=CARTESIAN_POINT('',(-0.00781843091648304,-0.071746,-0.00134715957564378));
#13261=CARTESIAN_POINT('',(-0.00779014770044507,-0.071746,-0.00143115020380531));
#13262=CARTESIAN_POINT('',(-0.00782934196081699,-0.071746,-0.00126165229006187));
#13263=CARTESIAN_POINT('',(-0.00782934196081699,-0.072,-0.00126165229006187));
#13264=CARTESIAN_POINT('',(-0.0078402530051509,-0.072,-0.00117614500447992));
#13265=CARTESIAN_POINT('',(-0.0078402530051509,-0.071746,-0.00117614500447992));
#13266=CARTESIAN_POINT('',(-0.0078402530051509,-0.071746,-0.00117614500447992));
#13267=CARTESIAN_POINT('',(-0.00782934196081699,-0.071746,-0.00126165229006187));
#13268=CARTESIAN_POINT('',(-0.00783430091617333,-0.071746,-0.0010909628279546));
#13269=CARTESIAN_POINT('',(-0.00783430091617333,-0.072,-0.0010909628279546));
#13270=CARTESIAN_POINT('',(-0.00782834882719585,-0.072,-0.0010057806514293));
#13271=CARTESIAN_POINT('',(-0.00782834882719585,-0.071746,-0.0010057806514293));
#13272=CARTESIAN_POINT('',(-0.00782834882719585,-0.071746,-0.0010057806514293));
#13273=CARTESIAN_POINT('',(-0.00783430091617333,-0.071746,-0.0010909628279546));
#13274=CARTESIAN_POINT('',(-0.00780594937141172,-0.071746,-0.000923381156877343));
#13275=CARTESIAN_POINT('',(-0.00780594937141172,-0.072,-0.000923381156877343));
#13276=CARTESIAN_POINT('',(-0.00778354991562757,-0.072,-0.000840981662325477));
#13277=CARTESIAN_POINT('',(-0.00778354991562757,-0.071746,-0.000840981662325477));
#13278=CARTESIAN_POINT('',(-0.00778354991562757,-0.071746,-0.000840981662325477));
#13279=CARTESIAN_POINT('',(-0.00780594937141172,-0.071746,-0.000923381156877343));
#13280=CARTESIAN_POINT('',(-0.00774511893020234,-0.071746,-0.000763821998700471));
#13281=CARTESIAN_POINT('',(-0.00774511893020234,-0.072,-0.000763821998700471));
#13282=CARTESIAN_POINT('',(-0.00770668794477714,-0.072,-0.000686662335075403));
#13283=CARTESIAN_POINT('',(-0.00770668794477714,-0.071746,-0.000686662335075403));
#13284=CARTESIAN_POINT('',(-0.00770668794477714,-0.071746,-0.000686662335075403));
#13285=CARTESIAN_POINT('',(-0.00774511893020234,-0.071746,-0.000763821998700471));
#13286=CARTESIAN_POINT('',(-0.00765386185671419,-0.071746,-0.000618545098309289));
#13287=CARTESIAN_POINT('',(-0.00765386185671419,-0.072,-0.000618545098309289));
#13288=CARTESIAN_POINT('',(-0.00760103576865123,-0.072,-0.000550427861543232));
#13289=CARTESIAN_POINT('',(-0.00760103576865123,-0.071746,-0.000550427861543232));
#13290=CARTESIAN_POINT('',(-0.00760103576865123,-0.071746,-0.000550427861543232));
#13291=CARTESIAN_POINT('',(-0.00765386185671419,-0.071746,-0.000618545098309289));
#13292=CARTESIAN_POINT('',(-0.00753652963780543,-0.071746,-0.000494478083833092));
#13293=CARTESIAN_POINT('',(-0.00753652963780543,-0.072,-0.000494478083833092));
#13294=CARTESIAN_POINT('',(-0.00747202350695964,-0.072,-0.000438528306122885));
#13295=CARTESIAN_POINT('',(-0.00747202350695964,-0.071746,-0.000438528306122885));
#13296=CARTESIAN_POINT('',(-0.00747202350695964,-0.071746,-0.000438528306122885));
#13297=CARTESIAN_POINT('',(-0.00753652963780543,-0.071746,-0.000494478083833092));
#13298=CARTESIAN_POINT('',(-0.00739787066048027,-0.071746,-0.000396187179452901));
#13299=CARTESIAN_POINT('',(-0.00739787066048027,-0.072,-0.000396187179452901));
#13300=CARTESIAN_POINT('',(-0.00732371781400087,-0.072,-0.000353846052782978));
#13301=CARTESIAN_POINT('',(-0.00732371781400087,-0.071746,-0.000353846052782978));
#13302=CARTESIAN_POINT('',(-0.00732371781400087,-0.071746,-0.000353846052782978));
#13303=CARTESIAN_POINT('',(-0.00739787066048027,-0.071746,-0.000396187179452901));
#13304=CARTESIAN_POINT('',(-0.00724195136705563,-0.071746,-0.000326555051779392));
#13305=CARTESIAN_POINT('',(-0.00724195136705563,-0.072,-0.000326555051779392));
#13306=CARTESIAN_POINT('',(-0.00716018492011039,-0.072,-0.000299264050775836));
#13307=CARTESIAN_POINT('',(-0.00716018492011039,-0.071746,-0.000299264050775836));
#13308=CARTESIAN_POINT('',(-0.00716018492011039,-0.071746,-0.000299264050775836));
#13309=CARTESIAN_POINT('',(-0.00724195136705563,-0.071746,-0.000326555051779392));
#13310=CARTESIAN_POINT('',(-0.00666323943979156,-0.071746,-0.000194949125007877));
#13311=CARTESIAN_POINT('',(-0.00666323943979156,-0.072,-0.000194949125007877));
#13312=CARTESIAN_POINT('',(-0.00616629395947277,-0.072,-9.06341992398113E-5));
#13313=CARTESIAN_POINT('',(-0.00616629395947277,-0.071746,-9.06341992398113E-5));
#13314=CARTESIAN_POINT('',(-0.00616629395947277,-0.071746,-9.06341992398113E-5));
#13315=CARTESIAN_POINT('',(-0.00666323943979156,-0.071746,-0.000194949125007877));
#13316=CARTESIAN_POINT('',(-0.00567835515178927,-0.071746,-6.79520855619424E-6));
#13317=CARTESIAN_POINT('',(-0.00567835515178927,-0.072,-6.79520855619424E-6));
#13318=CARTESIAN_POINT('',(-0.00519041634410578,-0.072,7.70437821273756E-5));
#13319=CARTESIAN_POINT('',(-0.00519041634410578,-0.071746,7.70437821273756E-5));
#13320=CARTESIAN_POINT('',(-0.00519041634410578,-0.071746,7.70437821273756E-5));
#13321=CARTESIAN_POINT('',(-0.00567835515178927,-0.071746,-6.79520855619424E-6));
#13322=CARTESIAN_POINT('',(-0.00471157656235842,-0.071746,0.000140415882273329));
#13323=CARTESIAN_POINT('',(-0.00471157656235842,-0.072,0.000140415882273329));
#13324=CARTESIAN_POINT('',(-0.00423273678061109,-0.072,0.000203787982419282));
#13325=CARTESIAN_POINT('',(-0.00423273678061109,-0.071746,0.000203787982419282));
#13326=CARTESIAN_POINT('',(-0.00423273678061109,-0.071746,0.000203787982419282));
#13327=CARTESIAN_POINT('',(-0.00471157656235842,-0.071746,0.000140415882273329));
#13328=CARTESIAN_POINT('',(-0.00376308837810067,-0.071746,0.000246702307234765));
#13329=CARTESIAN_POINT('',(-0.00376308837810067,-0.072,0.000246702307234765));
#13330=CARTESIAN_POINT('',(-0.00329343997559018,-0.072,0.000289616632050196));
#13331=CARTESIAN_POINT('',(-0.00329343997559018,-0.071746,0.000289616632050196));
#13332=CARTESIAN_POINT('',(-0.00329343997559018,-0.071746,0.000289616632050196));
#13333=CARTESIAN_POINT('',(-0.00376308837810067,-0.071746,0.000246702307234765));
#13334=CARTESIAN_POINT('',(-0.00283307523495695,-0.071746,0.000312082226081888));
#13335=CARTESIAN_POINT('',(-0.00283307523495695,-0.072,0.000312082226081888));
#13336=CARTESIAN_POINT('',(-0.00237271049432375,-0.072,0.000334547820113676));
#13337=CARTESIAN_POINT('',(-0.00237271049432375,-0.071746,0.000334547820113676));
#13338=CARTESIAN_POINT('',(-0.00237271049432375,-0.071746,0.000334547820113676));
#13339=CARTESIAN_POINT('',(-0.00283307523495695,-0.071746,0.000312082226081888));
#13340=CARTESIAN_POINT('',(-0.00192172176886857,-0.071746,0.000336573798568769));
#13341=CARTESIAN_POINT('',(-0.00192172176886857,-0.072,0.000336573798568769));
#13342=CARTESIAN_POINT('',(-0.0014707330434135,-0.072,0.000338599777023788));
#13343=CARTESIAN_POINT('',(-0.0014707330434135,-0.071746,0.000338599777023788));
#13344=CARTESIAN_POINT('',(-0.0014707330434135,-0.071746,0.000338599777023788));
#13345=CARTESIAN_POINT('',(-0.00192172176886857,-0.071746,0.000336573798568769));
#13346=CARTESIAN_POINT('',(-0.00102921275709772,-0.071746,0.000320195255109478));
#13347=CARTESIAN_POINT('',(-0.00102921275709772,-0.072,0.000320195255109478));
#13348=CARTESIAN_POINT('',(-0.000587692470781831,-0.072,0.000301790733195154));
#13349=CARTESIAN_POINT('',(-0.000587692470781831,-0.071746,0.000301790733195154));
#13350=CARTESIAN_POINT('',(-0.000587692470781831,-0.071746,0.000301790733195154));
#13351=CARTESIAN_POINT('',(-0.00102921275709772,-0.071746,0.000320195255109478));
#13352=CARTESIAN_POINT('',(-0.00015573290624571,-0.071746,0.000262964755458116));
#13353=CARTESIAN_POINT('',(-0.00015573290624571,-0.072,0.000262964755458116));
#13354=CARTESIAN_POINT('',(0.000276226658290412,-0.072,0.000224138777721109));
#13355=CARTESIAN_POINT('',(0.000276226658290412,-0.071746,0.000224138777721109));
#13356=CARTESIAN_POINT('',(0.000276226658290412,-0.071746,0.000224138777721109));
#13357=CARTESIAN_POINT('',(-0.00015573290624571,-0.071746,0.000262964755458116));
#13358=CARTESIAN_POINT('',(0.000698533147746079,-0.071746,0.000164900459368537));
#13359=CARTESIAN_POINT('',(0.000698533147746079,-0.072,0.000164900459368537));
#13360=CARTESIAN_POINT('',(0.00112083963720178,-0.072,0.000105662141015941));
#13361=CARTESIAN_POINT('',(0.00112083963720178,-0.071746,0.000105662141015941));
#13362=CARTESIAN_POINT('',(0.00112083963720178,-0.071746,0.000105662141015941));
#13363=CARTESIAN_POINT('',(0.000698533147746079,-0.071746,0.000164900459368537));
#13364=CARTESIAN_POINT('',(0.00153340069827618,-0.071746,2.60205972550323E-5));
#13365=CARTESIAN_POINT('',(0.00153340069827618,-0.072,2.60205972550323E-5));
#13366=CARTESIAN_POINT('',(0.00194596175935058,-0.072,-5.36209465058363E-5));
#13367=CARTESIAN_POINT('',(0.00194596175935058,-0.071746,-5.36209465058363E-5));
#13368=CARTESIAN_POINT('',(0.00194596175935058,-0.071746,-5.36209465058363E-5));
#13369=CARTESIAN_POINT('',(0.00153340069827618,-0.071746,2.60205972550323E-5));
#13370=CARTESIAN_POINT('',(0.00234868503874292,-0.071746,-0.000153656671128415));
#13371=CARTESIAN_POINT('',(0.00234868503874292,-0.072,-0.000153656671128415));
#13372=CARTESIAN_POINT('',(0.00275140831813525,-0.072,-0.000253692395751001));
#13373=CARTESIAN_POINT('',(0.00275140831813525,-0.071746,-0.000253692395751001));
#13374=CARTESIAN_POINT('',(0.00275140831813525,-0.071746,-0.000253692395751001));
#13375=CARTESIAN_POINT('',(0.00234868503874292,-0.071746,-0.000153656671128415));
#13376=CARTESIAN_POINT('',(0.00314420146254468,-0.071746,-0.000374113256688561));
#13377=CARTESIAN_POINT('',(0.00314420146254468,-0.072,-0.000374113256688561));
#13378=CARTESIAN_POINT('',(0.00353699460695411,-0.072,-0.000494534117626219));
#13379=CARTESIAN_POINT('',(0.00353699460695411,-0.071746,-0.000494534117626219));
#13380=CARTESIAN_POINT('',(0.00353699460695411,-0.071746,-0.000494534117626219));
#13381=CARTESIAN_POINT('',(0.00314420146254468,-0.071746,-0.000374113256688561));
#13382=CARTESIAN_POINT('',(0.00391976526307983,-0.071746,-0.000635330929011048));
#13383=CARTESIAN_POINT('',(0.00391976526307983,-0.072,-0.000635330929011048));
#13384=CARTESIAN_POINT('',(0.00430253591920571,-0.072,-0.000776127740395802));
#13385=CARTESIAN_POINT('',(0.00430253591920571,-0.071746,-0.000776127740395802));
#13386=CARTESIAN_POINT('',(0.00430253591920571,-0.071746,-0.000776127740395802));
#13387=CARTESIAN_POINT('',(0.00391976526307983,-0.071746,-0.000635330929011048));
#13388=CARTESIAN_POINT('',(0.00467519180440745,-0.071746,-0.000937291528341753));
#13389=CARTESIAN_POINT('',(0.00467519180440745,-0.072,-0.000937291528341753));
#13390=CARTESIAN_POINT('',(0.0050478476896092,-0.072,-0.0010984553162877));
#13391=CARTESIAN_POINT('',(0.0050478476896092,-0.071746,-0.0010984553162877));
#13392=CARTESIAN_POINT('',(0.0050478476896092,-0.071746,-0.0010984553162877));
#13393=CARTESIAN_POINT('',(0.00467519180440745,-0.071746,-0.000937291528341753));
#13394=CARTESIAN_POINT('',(0.00541029645058617,-0.071746,-0.00127997689492707));
#13395=CARTESIAN_POINT('',(0.00541029645058617,-0.072,-0.00127997689492707));
#13396=CARTESIAN_POINT('',(0.00577274521156301,-0.072,-0.00146149847356646));
#13397=CARTESIAN_POINT('',(0.00577274521156301,-0.071746,-0.00146149847356646));
#13398=CARTESIAN_POINT('',(0.00577274521156301,-0.071746,-0.00146149847356646));
#13399=CARTESIAN_POINT('',(0.00541029645058617,-0.071746,-0.00127997689492707));
#13400=CARTESIAN_POINT('',(0.00612489442435381,-0.071746,-0.00166336879835253));
#13401=CARTESIAN_POINT('',(0.00612489442435381,-0.072,-0.00166336879835253));
#13402=CARTESIAN_POINT('',(0.00647704363714474,-0.072,-0.00186523912313862));
#13403=CARTESIAN_POINT('',(0.00647704363714474,-0.071746,-0.00186523912313862));
#13404=CARTESIAN_POINT('',(0.00647704363714474,-0.071746,-0.00186523912313862));
#13405=CARTESIAN_POINT('',(0.00612489442435381,-0.071746,-0.00166336879835253));
#13406=CARTESIAN_POINT('',(0.00654767674175732,-0.071746,-0.00191898796694393));
#13407=CARTESIAN_POINT('',(0.00654767674175732,-0.072,-0.00191898796694393));
#13408=CARTESIAN_POINT('',(0.0066183098463698,-0.072,-0.00197273681074926));
#13409=CARTESIAN_POINT('',(0.0066183098463698,-0.071746,-0.00197273681074926));
#13410=CARTESIAN_POINT('',(0.0066183098463698,-0.071746,-0.00197273681074926));
#13411=CARTESIAN_POINT('',(0.00654767674175732,-0.071746,-0.00191898796694393));
#13412=CARTESIAN_POINT('',(0.00667514012483082,-0.071746,-0.00203743944850368));
#13413=CARTESIAN_POINT('',(0.00667514012483082,-0.072,-0.00203743944850368));
#13414=CARTESIAN_POINT('',(0.00673197040329177,-0.072,-0.00210214208625802));
#13415=CARTESIAN_POINT('',(0.00673197040329177,-0.071746,-0.00210214208625802));
#13416=CARTESIAN_POINT('',(0.00673197040329177,-0.071746,-0.00210214208625802));
#13417=CARTESIAN_POINT('',(0.00667514012483082,-0.071746,-0.00203743944850368));
#13418=CARTESIAN_POINT('',(0.00677439872504453,-0.071746,-0.00217539160863826));
#13419=CARTESIAN_POINT('',(0.00677439872504453,-0.072,-0.00217539160863826));
#13420=CARTESIAN_POINT('',(0.00681682704679731,-0.072,-0.00224864113101851));
#13421=CARTESIAN_POINT('',(0.00681682704679731,-0.071746,-0.00224864113101851));
#13422=CARTESIAN_POINT('',(0.00681682704679731,-0.071746,-0.00224864113101851));
#13423=CARTESIAN_POINT('',(0.00677439872504453,-0.071746,-0.00217539160863826));
#13424=CARTESIAN_POINT('',(0.00684425406930362,-0.071746,-0.00232803069936189));
#13425=CARTESIAN_POINT('',(0.00684425406930362,-0.072,-0.00232803069936189));
#13426=CARTESIAN_POINT('',(0.00687168109180991,-0.072,-0.00240742026770522));
#13427=CARTESIAN_POINT('',(0.00687168109180991,-0.071746,-0.00240742026770522));
#13428=CARTESIAN_POINT('',(0.00687168109180991,-0.071746,-0.00240742026770522));
#13429=CARTESIAN_POINT('',(0.00684425406930362,-0.071746,-0.00232803069936189));
#13430=CARTESIAN_POINT('',(0.00688350754319205,-0.071746,-0.00249054290202801));
#13431=CARTESIAN_POINT('',(0.00688350754319205,-0.072,-0.00249054290202801));
#13432=CARTESIAN_POINT('',(0.0068953339945742,-0.072,-0.00257366553635096));
#13433=CARTESIAN_POINT('',(0.0068953339945742,-0.071746,-0.00257366553635096));
#13434=CARTESIAN_POINT('',(0.0068953339945742,-0.071746,-0.00257366553635096));
#13435=CARTESIAN_POINT('',(0.00688350754319205,-0.071746,-0.00249054290202801));
#13436=CARTESIAN_POINT('',(0.00689096067361499,-0.071746,-0.00265811446865094));
#13437=CARTESIAN_POINT('',(0.00689096067361499,-0.072,-0.00265811446865094));
#13438=CARTESIAN_POINT('',(0.0068865873526558,-0.072,-0.00274256340095079));
#13439=CARTESIAN_POINT('',(0.00688658735265579,-0.071746,-0.00274256340095079));
#13440=CARTESIAN_POINT('',(0.00688658735265579,-0.071746,-0.00274256340095079));
#13441=CARTESIAN_POINT('',(0.00689096067361499,-0.071746,-0.00265811446865094));
#13442=CARTESIAN_POINT('',(0.00875424603510753,-0.071746,0.00467887012551487));
#13443=CARTESIAN_POINT('',(0.00875424603510753,-0.072,0.00467887012551487));
#13444=CARTESIAN_POINT('',(0.00875424603510753,-0.071746,0.00467887012551487));
#13445=CARTESIAN_POINT('',(0.00860882329140119,-0.071746,0.00105718498266467));
#13446=CARTESIAN_POINT('',(0.00860882329140119,-0.072,0.00105718498266467));
#13447=CARTESIAN_POINT('',(0.00860882329140119,-0.071746,0.00105718498266467));
#13448=CARTESIAN_POINT('',(0.00686541498747752,-0.071746,-0.00282593172190471));
#13449=CARTESIAN_POINT('',(0.00686541498747752,-0.072,-0.00282593172190471));
#13450=CARTESIAN_POINT('',(0.00686541498747752,-0.071746,-0.00282593172190471));
#13451=CARTESIAN_POINT('',(-0.00351389359340845,-0.071746,-0.0103628414273769));
#13452=CARTESIAN_POINT('',(-0.00351389359340845,-0.071746,-0.0103628414273769));
#13453=CARTESIAN_POINT('',(0.,-0.071746,0.));
#13454=CARTESIAN_POINT('',(0.,-0.072,0.));
#13455=CARTESIAN_POINT('',(0.,-0.072,0.));
#13456=CARTESIAN_POINT('',(0.,-0.072,0.));
#13457=CARTESIAN_POINT('',(-6.93889390390723E-18,0.0350743606772379,0.025));
#13458=MECHANICAL_DESIGN_GEOMETRIC_PRESENTATION_REPRESENTATION('',(#8465,
#8466,#8467),#13459);
#13459=(
GEOMETRIC_REPRESENTATION_CONTEXT(3)
GLOBAL_UNCERTAINTY_ASSIGNED_CONTEXT((#13463))
GLOBAL_UNIT_ASSIGNED_CONTEXT((#13469,#13468,#13467))
REPRESENTATION_CONTEXT('Assembly 1','TOP_LEVEL_ASSEMBLY_PART')
);
#13460=(
GEOMETRIC_REPRESENTATION_CONTEXT(3)
GLOBAL_UNCERTAINTY_ASSIGNED_CONTEXT((#13464))
GLOBAL_UNIT_ASSIGNED_CONTEXT((#13469,#13468,#13467))
REPRESENTATION_CONTEXT('Part 32','COMPONENT_PART')
);
#13461=(
GEOMETRIC_REPRESENTATION_CONTEXT(3)
GLOBAL_UNCERTAINTY_ASSIGNED_CONTEXT((#13465))
GLOBAL_UNIT_ASSIGNED_CONTEXT((#13469,#13468,#13467))
REPRESENTATION_CONTEXT('Part 34','COMPONENT_PART')
);
#13462=(
GEOMETRIC_REPRESENTATION_CONTEXT(3)
GLOBAL_UNCERTAINTY_ASSIGNED_CONTEXT((#13466))
GLOBAL_UNIT_ASSIGNED_CONTEXT((#13469,#13468,#13467))
REPRESENTATION_CONTEXT('Part 33','COMPONENT_PART')
);
#13463=UNCERTAINTY_MEASURE_WITH_UNIT(LENGTH_MEASURE(1.E-8),#13469,
'DISTANCE_ACCURACY_VALUE','Maximum Tolerance applied to model');
#13464=UNCERTAINTY_MEASURE_WITH_UNIT(LENGTH_MEASURE(1.E-8),#13469,
'DISTANCE_ACCURACY_VALUE','Maximum Tolerance applied to model');
#13465=UNCERTAINTY_MEASURE_WITH_UNIT(LENGTH_MEASURE(1.E-8),#13469,
'DISTANCE_ACCURACY_VALUE','Maximum Tolerance applied to model');
#13466=UNCERTAINTY_MEASURE_WITH_UNIT(LENGTH_MEASURE(3.15936319453139E-7),
#13469,'DISTANCE_ACCURACY_VALUE','Maximum Tolerance applied to model');
#13467=(
NAMED_UNIT(*)
SI_UNIT($,.STERADIAN.)
SOLID_ANGLE_UNIT()
);
#13468=(
NAMED_UNIT(*)
PLANE_ANGLE_UNIT()
SI_UNIT($,.RADIAN.)
);
#13469=(
LENGTH_UNIT()
NAMED_UNIT(*)
SI_UNIT($,.METRE.)
);
#13470=PRODUCT_DEFINITION_SHAPE('','',#13477);
#13471=PRODUCT_DEFINITION_SHAPE('','',#13478);
#13472=PRODUCT_DEFINITION_SHAPE(' ','NAUO PRDDFN',#13);
#13473=PRODUCT_DEFINITION_SHAPE('','',#13479);
#13474=PRODUCT_DEFINITION_SHAPE(' ','NAUO PRDDFN',#14);
#13475=PRODUCT_DEFINITION_SHAPE('','',#13480);
#13476=PRODUCT_DEFINITION_SHAPE(' ','NAUO PRDDFN',#15);
#13477=PRODUCT_DEFINITION('','',#13485,#13481);
#13478=PRODUCT_DEFINITION('','',#13486,#13482);
#13479=PRODUCT_DEFINITION('','',#13487,#13483);
#13480=PRODUCT_DEFINITION('','',#13488,#13484);
#13481=PRODUCT_DEFINITION_CONTEXT('',#13506,'design');
#13482=PRODUCT_DEFINITION_CONTEXT('',#13506,'design');
#13483=PRODUCT_DEFINITION_CONTEXT('',#13506,'design');
#13484=PRODUCT_DEFINITION_CONTEXT('',#13506,'design');
#13485=PRODUCT_DEFINITION_FORMATION_WITH_SPECIFIED_SOURCE('','',#13493,
 .NOT_KNOWN.);
#13486=PRODUCT_DEFINITION_FORMATION_WITH_SPECIFIED_SOURCE('','',#13494,
 .NOT_KNOWN.);
#13487=PRODUCT_DEFINITION_FORMATION_WITH_SPECIFIED_SOURCE('','',#13495,
 .NOT_KNOWN.);
#13488=PRODUCT_DEFINITION_FORMATION_WITH_SPECIFIED_SOURCE('','',#13496,
 .NOT_KNOWN.);
#13489=PRODUCT_RELATED_PRODUCT_CATEGORY('','',(#13493));
#13490=PRODUCT_RELATED_PRODUCT_CATEGORY('','',(#13494));
#13491=PRODUCT_RELATED_PRODUCT_CATEGORY('','',(#13495));
#13492=PRODUCT_RELATED_PRODUCT_CATEGORY('','',(#13496));
#13493=PRODUCT('Assembly 1','Assembly 1','Assembly 1',(#13501));
#13494=PRODUCT('Part 32','Part 32','Part 32',(#13502));
#13495=PRODUCT('Part 34','Part 34','Part 34',(#13503));
#13496=PRODUCT('Part 33','Part 33','Part 33',(#13504));
#13497=PRODUCT_CATEGORY('','');
#13498=PRODUCT_CATEGORY('','');
#13499=PRODUCT_CATEGORY('','');
#13500=PRODUCT_CATEGORY('','');
#13501=PRODUCT_CONTEXT('',#13506,'mechanical');
#13502=PRODUCT_CONTEXT('',#13506,'mechanical');
#13503=PRODUCT_CONTEXT('',#13506,'mechanical');
#13504=PRODUCT_CONTEXT('',#13506,'mechanical');
#13505=APPLICATION_PROTOCOL_DEFINITION('international standard',
'ap242_managed_model_based_3d_engineering',2020,#13506);
#13506=APPLICATION_CONTEXT('managed model based 3d engineering');
ENDSEC;
END-ISO-10303-21;
